00000001 2026-05-30T01:51:16.275742500Z [INFO] CacheModule User logged in successfully
00000002 2026-05-30T01:51:16.246742500Z [DEBUG] UiModule Entering method handleRequest()
00000003 2026-05-30T01:51:16.267742500Z [WARNING] CoreModule Retry attempt 2 of 3
00000004 2026-05-30T01:51:16.334742500Z [DEBUG] AuthModule Variable x = 67
00000005 2026-05-30T01:51:16.348742500Z [INFO] CacheModule Cache hit ratio: 0.85
00000006 2026-05-30T01:51:16.389742500Z [CRITICAL] DbModule Disk full, cannot continue
00000007 2026-05-30T01:51:16.471742500Z [INFO] NetModule Background task started
00000008 2026-05-30T01:51:16.506742500Z [DEBUG] CacheModule Entering method handleRequest()
00000009 2026-05-30T01:51:16.514742500Z [INFO] CoreModule Request processed in 42 ms
00000010 2026-05-30T01:51:16.588742500Z [WARNING] CacheModule Deprecated API endpoint used
00000011 2026-05-30T01:51:16.598742500Z [DEBUG] CacheModule Garbage collection triggered
00000012 2026-05-30T01:51:16.633742500Z [DEBUG] AuthModule Lock acquired on resource pool
00000013 2026-05-30T01:51:16.675742500Z [INFO] CoreModule Cache hit ratio: 0.85
00000014 2026-05-30T01:51:16.682742500Z [INFO] DbModule Connection established to upstream
00000015 2026-05-30T01:51:16.712742500Z [WARNING] AuthModule Deprecated API endpoint used
00000016 2026-05-30T01:51:16.747742500Z [DEBUG] CacheModule Lock acquired on resource pool
00000017 2026-05-30T01:51:16.802742500Z [DEBUG] NetModule Garbage collection triggered
00000018 2026-05-30T01:51:16.821742500Z [DEBUG] CacheModule Entering method handleRequest()
00000019 2026-05-30T01:51:16.890742500Z [INFO] AuthModule Cache hit ratio: 0.85
00000020 2026-05-30T01:51:16.987742500Z [DEBUG] AuthModule Entering method handleRequest()
00000021 2026-05-30T01:51:16.973742500Z [CRITICAL] DbModule Kernel panic in subsystem
00000022 2026-05-30T01:51:17.012742500Z [ERROR] CoreModule Null pointer in handler
00000023 2026-05-30T01:51:17.101742500Z [DEBUG] NetModule Lock acquired on resource pool
00000024 2026-05-30T01:51:17.065742500Z [WARNING] UiModule High memory usage detected (85%)
00000025 2026-05-30T01:51:17.107742500Z [INFO] DbModule Connection established to upstream
00000026 2026-05-30T01:51:17.145742500Z [DEBUG] ApiModule Lock acquired on resource pool
00000027 2026-05-30T01:51:17.199742500Z [DEBUG] UiModule Trace: stack depth = 1488
00000028 2026-05-30T01:51:17.194742500Z [DEBUG] AuthModule Variable x = 67
00000029 2026-05-30T01:51:17.297742500Z [DEBUG] NetModule Variable x = 67
00000030 2026-05-30T01:51:17.343742500Z [ERROR] CacheModule Failed to parse JSON payload
00000031 2026-05-30T01:51:17.324742500Z [INFO] CacheModule Connection established to upstream
00000032 2026-05-30T01:51:17.361742500Z [INFO] ApiModule Background task started
00000033 2026-05-30T01:51:17.447742500Z [INFO] ApiModule Background task started
00000034 2026-05-30T01:51:17.480742500Z [INFO] CacheModule User logged in successfully
00000035 2026-05-30T01:51:17.482742500Z [INFO] CoreModule Request processed in 42 ms
00000036 2026-05-30T01:51:17.509742500Z [DEBUG] CoreModule Variable x = 67
00000037 2026-05-30T01:51:17.616742500Z [ERROR] DbModule File not found: config.yaml
00000038 2026-05-30T01:51:17.595742500Z [INFO] NetModule Background task started
00000039 2026-05-30T01:51:17.696742500Z [WARNING] CoreModule Slow response from upstream service
00000040 2026-05-30T01:51:17.675742500Z [CRITICAL] CacheModule Kernel panic in subsystem
00000041 2026-05-30T01:51:17.681742500Z [DEBUG] CoreModule Entering method handleRequest()
00000042 2026-05-30T01:51:17.737742500Z [INFO] CacheModule Connection established to upstream
00000043 2026-05-30T01:51:17.779742500Z [INFO] CoreModule Connection established to upstream
00000044 2026-05-30T01:51:17.863742500Z [INFO] DbModule Background task started
00000045 2026-05-30T01:51:17.861742500Z [WARNING] NetModule Slow response from upstream service
00000046 2026-05-30T01:51:17.955742500Z [INFO] DbModule Connection established to upstream
00000047 2026-05-30T01:51:17.938742500Z [DEBUG] AuthModule Variable x = 67
00000048 2026-05-30T01:51:18.023742500Z [DEBUG] CacheModule Garbage collection triggered
00000049 2026-05-30T01:51:18.046742500Z [INFO] ApiModule User logged in successfully
00000050 2026-05-30T01:51:18.078742500Z [DEBUG] ApiModule Garbage collection triggered
00000051 2026-05-30T01:51:18.129742500Z [ERROR] AuthModule File not found: config.yaml
00000052 2026-05-30T01:51:18.169742500Z [INFO] ApiModule User logged in successfully
00000053 2026-05-30T01:51:18.208742500Z [INFO] ApiModule User logged in successfully
00000054 2026-05-30T01:51:18.157742500Z [DEBUG] CoreModule Trace: stack depth = 1488
00000055 2026-05-30T01:51:18.212742500Z [INFO] CacheModule Request processed in 42 ms
00000056 2026-05-30T01:51:18.269742500Z [DEBUG] NetModule Variable x = 67
00000057 2026-05-30T01:51:18.356742500Z [DEBUG] DbModule Variable x = 67
00000058 2026-05-30T01:51:18.317742500Z [DEBUG] CacheModule Entering method handleRequest()
00000059 2026-05-30T01:51:18.396742500Z [WARNING] DbModule Retry attempt 2 of 3
00000060 2026-05-30T01:51:18.464742500Z [DEBUG] DbModule Garbage collection triggered
00000061 2026-05-30T01:51:18.441742500Z [DEBUG] AuthModule Variable x = 67
00000062 2026-05-30T01:51:18.539742500Z [DEBUG] AuthModule Variable x = 67
00000063 2026-05-30T01:51:18.530742500Z [INFO] CoreModule Configuration loaded from disk
00000064 2026-05-30T01:51:18.617742500Z [DEBUG] UiModule Garbage collection triggered
00000065 2026-05-30T01:51:18.590742500Z [INFO] NetModule Configuration loaded from disk
00000066 2026-05-30T01:51:18.612742500Z [INFO] NetModule User logged in successfully
00000067 2026-05-30T01:51:18.640742500Z [INFO] UiModule Request processed in 42 ms
00000068 2026-05-30T01:51:18.710742500Z [DEBUG] DbModule Trace: stack depth = 1488
00000069 2026-05-30T01:51:18.766742500Z [DEBUG] UiModule Entering method handleRequest()
00000070 2026-05-30T01:51:18.786742500Z [DEBUG] CacheModule Garbage collection triggered
00000071 2026-05-30T01:51:18.818742500Z [INFO] CacheModule User logged in successfully
00000072 2026-05-30T01:51:18.906742500Z [WARNING] ApiModule Retry attempt 2 of 3
00000073 2026-05-30T01:51:18.873742500Z [INFO] ApiModule User logged in successfully
00000074 2026-05-30T01:51:18.929742500Z [WARNING] DbModule Deprecated API endpoint used
00000075 2026-05-30T01:51:19.022742500Z [INFO] CacheModule Request processed in 42 ms
00000076 2026-05-30T01:51:19.032742500Z [INFO] AuthModule User logged in successfully
00000077 2026-05-30T01:51:19.036742500Z [INFO] AuthModule Cache hit ratio: 0.85
00000078 2026-05-30T01:51:19.078742500Z [INFO] DbModule Request processed in 42 ms
00000079 2026-05-30T01:51:19.171742500Z [DEBUG] ApiModule Garbage collection triggered
00000080 2026-05-30T01:51:19.114742500Z [INFO] NetModule Configuration loaded from disk
00000081 2026-05-30T01:51:19.160742500Z [DEBUG] NetModule Trace: stack depth = 1488
00000082 2026-05-30T01:51:19.269742500Z [DEBUG] ApiModule Trace: stack depth = 1488
00000083 2026-05-30T01:51:19.318742500Z [DEBUG] UiModule Garbage collection triggered
00000084 2026-05-30T01:51:19.358742500Z [INFO] ApiModule Connection established to upstream
00000085 2026-05-30T01:51:19.385742500Z [INFO] CoreModule Cache hit ratio: 0.85
00000086 2026-05-30T01:51:19.392742500Z [ERROR] UiModule Authorization rejected for user
00000087 2026-05-30T01:51:19.386742500Z [WARNING] AuthModule Slow response from upstream service
00000088 2026-05-30T01:51:19.467742500Z [INFO] NetModule User logged in successfully
00000089 2026-05-30T01:51:19.476742500Z [INFO] UiModule User logged in successfully
00000090 2026-05-30T01:51:19.516742500Z [ERROR] CacheModule Authorization rejected for user
00000091 2026-05-30T01:51:19.523742500Z [WARNING] AuthModule Deprecated API endpoint used
00000092 2026-05-30T01:51:19.584742500Z [INFO] CoreModule Request processed in 42 ms
00000093 2026-05-30T01:51:19.636742500Z [DEBUG] DbModule Entering method handleRequest()
00000094 2026-05-30T01:51:19.698742500Z [WARNING] NetModule Slow response from upstream service
00000095 2026-05-30T01:51:19.757742500Z [INFO] NetModule Request processed in 42 ms
00000096 2026-05-30T01:51:19.751742500Z [ERROR] AuthModule Authorization rejected for user
00000097 2026-05-30T01:51:19.788742500Z [ERROR] NetModule Authorization rejected for user
00000098 2026-05-30T01:51:19.830742500Z [WARNING] NetModule Retry attempt 2 of 3
00000099 2026-05-30T01:51:19.893742500Z [INFO] UiModule Cache hit ratio: 0.85
00000100 2026-05-30T01:51:19.914742500Z [WARNING] NetModule High memory usage detected (85%)
00000101 2026-05-30T01:51:19.934742500Z [DEBUG] NetModule Lock acquired on resource pool
00000102 2026-05-30T01:51:19.969742500Z [DEBUG] ApiModule Garbage collection triggered
00000103 2026-05-30T01:51:19.996742500Z [WARNING] UiModule Slow response from upstream service
00000104 2026-05-30T01:51:20.096742500Z [INFO] AuthModule Background task started
00000105 2026-05-30T01:51:20.089742500Z [ERROR] CoreModule File not found: config.yaml
00000106 2026-05-30T01:51:20.171742500Z [INFO] CacheModule Request processed in 42 ms
00000107 2026-05-30T01:51:20.201742500Z [DEBUG] NetModule Lock acquired on resource pool
00000108 2026-05-30T01:51:20.219742500Z [INFO] CacheModule Connection established to upstream
00000109 2026-05-30T01:51:20.246742500Z [WARNING] CoreModule Slow response from upstream service
00000110 2026-05-30T01:51:20.224742500Z [DEBUG] AuthModule Trace: stack depth = 1488
00000111 2026-05-30T01:51:20.346742500Z [INFO] CoreModule Configuration loaded from disk
00000112 2026-05-30T01:51:20.299742500Z [DEBUG] UiModule Lock acquired on resource pool
00000113 2026-05-30T01:51:20.413742500Z [WARNING] CoreModule Slow response from upstream service
00000114 2026-05-30T01:51:20.379742500Z [INFO] NetModule Request processed in 42 ms
00000115 2026-05-30T01:51:20.434742500Z [INFO] AuthModule Background task started
00000116 2026-05-30T01:51:20.505742500Z [DEBUG] NetModule Trace: stack depth = 1488
00000117 2026-05-30T01:51:20.557742500Z [ERROR] UiModule File not found: config.yaml
00000118 2026-05-30T01:51:20.537742500Z [DEBUG] NetModule Trace: stack depth = 1488
00000119 2026-05-30T01:51:20.651742500Z [INFO] UiModule Connection established to upstream
00000120 2026-05-30T01:51:20.620742500Z [DEBUG] UiModule Entering method handleRequest()
00000121 2026-05-30T01:51:20.679742500Z [INFO] DbModule Configuration loaded from disk
00000122 2026-05-30T01:51:20.722742500Z [INFO] UiModule Connection established to upstream
00000123 2026-05-30T01:51:20.752742500Z [WARNING] ApiModule Deprecated API endpoint used
00000124 2026-05-30T01:51:20.763742500Z [INFO] NetModule Cache hit ratio: 0.85
00000125 2026-05-30T01:51:20.782742500Z [DEBUG] UiModule Variable x = 67
00000126 2026-05-30T01:51:20.839742500Z [DEBUG] CacheModule Variable x = 67
00000127 2026-05-30T01:51:20.948742500Z [INFO] NetModule User logged in successfully
00000128 2026-05-30T01:51:20.923742500Z [ERROR] NetModule Null pointer in handler
00000129 2026-05-30T01:51:20.984742500Z [DEBUG] DbModule Variable x = 67
00000130 2026-05-30T01:51:21.039742500Z [DEBUG] AuthModule Garbage collection triggered
00000131 2026-05-30T01:51:21.052742500Z [INFO] CoreModule Request processed in 42 ms
00000132 2026-05-30T01:51:21.136742500Z [INFO] ApiModule Request processed in 42 ms
00000133 2026-05-30T01:51:21.149742500Z [INFO] CacheModule User logged in successfully
00000134 2026-05-30T01:51:21.177742500Z [DEBUG] CacheModule Variable x = 67
00000135 2026-05-30T01:51:21.160742500Z [DEBUG] CacheModule Garbage collection triggered
00000136 2026-05-30T01:51:21.280742500Z [CRITICAL] NetModule Kernel panic in subsystem
00000137 2026-05-30T01:51:21.250742500Z [WARNING] AuthModule Deprecated API endpoint used
00000138 2026-05-30T01:51:21.340742500Z [INFO] NetModule Connection established to upstream
00000139 2026-05-30T01:51:21.389742500Z [WARNING] AuthModule Slow response from upstream service
00000140 2026-05-30T01:51:21.401742500Z [WARNING] AuthModule High memory usage detected (85%)
00000141 2026-05-30T01:51:21.419742500Z [ERROR] CacheModule Failed to parse JSON payload
00000142 2026-05-30T01:51:21.465742500Z [INFO] ApiModule User logged in successfully
00000143 2026-05-30T01:51:21.487742500Z [INFO] ApiModule User logged in successfully
00000144 2026-05-30T01:51:21.531742500Z [WARNING] UiModule High memory usage detected (85%)
00000145 2026-05-30T01:51:21.573742500Z [WARNING] CoreModule Retry attempt 2 of 3
00000146 2026-05-30T01:51:21.607742500Z [WARNING] DbModule High memory usage detected (85%)
00000147 2026-05-30T01:51:21.636742500Z [DEBUG] CoreModule Variable x = 67
00000148 2026-05-30T01:51:21.675742500Z [INFO] UiModule Cache hit ratio: 0.85
00000149 2026-05-30T01:51:21.691742500Z [WARNING] ApiModule Deprecated API endpoint used
00000150 2026-05-30T01:51:21.793742500Z [INFO] UiModule Connection established to upstream
00000151 2026-05-30T01:51:21.774742500Z [INFO] AuthModule Configuration loaded from disk
00000152 2026-05-30T01:51:21.856742500Z [ERROR] ApiModule Connection timeout to database
00000153 2026-05-30T01:51:21.844742500Z [DEBUG] NetModule Variable x = 67
00000154 2026-05-30T01:51:21.873742500Z [ERROR] DbModule File not found: config.yaml
00000155 2026-05-30T01:51:21.964742500Z [DEBUG] NetModule Garbage collection triggered
00000156 2026-05-30T01:51:21.988742500Z [DEBUG] DbModule Lock acquired on resource pool
00000157 2026-05-30T01:51:22.053742500Z [WARNING] NetModule Retry attempt 2 of 3
00000158 2026-05-30T01:51:22.038742500Z [INFO] NetModule Configuration loaded from disk
00000159 2026-05-30T01:51:22.080742500Z [DEBUG] ApiModule Garbage collection triggered
00000160 2026-05-30T01:51:22.142742500Z [DEBUG] CoreModule Trace: stack depth = 1488
00000161 2026-05-30T01:51:22.159742500Z [INFO] NetModule Connection established to upstream
00000162 2026-05-30T01:51:22.207742500Z [ERROR] AuthModule File not found: config.yaml
00000163 2026-05-30T01:51:22.225742500Z [DEBUG] UiModule Lock acquired on resource pool
00000164 2026-05-30T01:51:22.229742500Z [WARNING] ApiModule High memory usage detected (85%)
00000165 2026-05-30T01:51:22.294742500Z [DEBUG] DbModule Variable x = 67
00000166 2026-05-30T01:51:22.325742500Z [WARNING] NetModule Deprecated API endpoint used
00000167 2026-05-30T01:51:22.342742500Z [DEBUG] ApiModule Entering method handleRequest()
00000168 2026-05-30T01:51:22.431742500Z [DEBUG] CacheModule Entering method handleRequest()
00000169 2026-05-30T01:51:22.439742500Z [DEBUG] AuthModule Variable x = 67
00000170 2026-05-30T01:51:22.515742500Z [INFO] ApiModule Configuration loaded from disk
00000171 2026-05-30T01:51:22.580742500Z [INFO] CoreModule Configuration loaded from disk
00000172 2026-05-30T01:51:22.558742500Z [DEBUG] CacheModule Lock acquired on resource pool
00000173 2026-05-30T01:51:22.586742500Z [INFO] AuthModule User logged in successfully
00000174 2026-05-30T01:51:22.676742500Z [DEBUG] ApiModule Trace: stack depth = 1488
00000175 2026-05-30T01:51:22.667742500Z [INFO] UiModule Request processed in 42 ms
00000176 2026-05-30T01:51:22.733742500Z [DEBUG] NetModule Lock acquired on resource pool
00000177 2026-05-30T01:51:22.723742500Z [INFO] ApiModule Cache hit ratio: 0.85
00000178 2026-05-30T01:51:22.758742500Z [INFO] ApiModule Configuration loaded from disk
00000179 2026-05-30T01:51:22.781742500Z [INFO] UiModule Configuration loaded from disk
00000180 2026-05-30T01:51:22.895742500Z [DEBUG] ApiModule Variable x = 67
00000181 2026-05-30T01:51:22.860742500Z [DEBUG] CoreModule Lock acquired on resource pool
00000182 2026-05-30T01:51:22.984742500Z [INFO] AuthModule User logged in successfully
00000183 2026-05-30T01:51:22.980742500Z [DEBUG] AuthModule Trace: stack depth = 1488
00000184 2026-05-30T01:51:23.050742500Z [DEBUG] CoreModule Entering method handleRequest()
00000185 2026-05-30T01:51:23.087742500Z [INFO] AuthModule Connection established to upstream
00000186 2026-05-30T01:51:23.116742500Z [INFO] CoreModule User logged in successfully
00000187 2026-05-30T01:51:23.122742500Z [DEBUG] CacheModule Garbage collection triggered
00000188 2026-05-30T01:51:23.164742500Z [DEBUG] DbModule Variable x = 67
00000189 2026-05-30T01:51:23.208742500Z [INFO] CacheModule Cache hit ratio: 0.85
00000190 2026-05-30T01:51:23.221742500Z [INFO] UiModule Cache hit ratio: 0.85
00000191 2026-05-30T01:51:23.304742500Z [WARNING] CoreModule High memory usage detected (85%)
00000192 2026-05-30T01:51:23.264742500Z [INFO] ApiModule Connection established to upstream
00000193 2026-05-30T01:51:23.296742500Z [INFO] UiModule Connection established to upstream
00000194 2026-05-30T01:51:23.349742500Z [DEBUG] CacheModule Lock acquired on resource pool
00000195 2026-05-30T01:51:23.378742500Z [INFO] CacheModule Cache hit ratio: 0.85
00000196 2026-05-30T01:51:23.472742500Z [DEBUG] NetModule Trace: stack depth = 1488
00000197 2026-05-30T01:51:23.542742500Z [WARNING] DbModule Deprecated API endpoint used
00000198 2026-05-30T01:51:23.546742500Z [DEBUG] DbModule Garbage collection triggered
00000199 2026-05-30T01:51:23.591742500Z [INFO] ApiModule Cache hit ratio: 0.85
00000200 2026-05-30T01:51:23.600742500Z [INFO] DbModule User logged in successfully
00000201 2026-05-30T01:51:23.597742500Z [ERROR] ApiModule Null pointer in handler
00000202 2026-05-30T01:51:23.680742500Z [DEBUG] AuthModule Variable x = 67
00000203 2026-05-30T01:51:23.706742500Z [WARNING] AuthModule High memory usage detected (85%)
00000204 2026-05-30T01:51:23.757742500Z [ERROR] CacheModule Failed to parse JSON payload
00000205 2026-05-30T01:51:23.803742500Z [DEBUG] DbModule Variable x = 67
00000206 2026-05-30T01:51:23.829742500Z [DEBUG] NetModule Variable x = 67
00000207 2026-05-30T01:51:23.834742500Z [INFO] ApiModule Cache hit ratio: 0.85
00000208 2026-05-30T01:51:23.898742500Z [INFO] NetModule Cache hit ratio: 0.85
00000209 2026-05-30T01:51:23.935742500Z [WARNING] AuthModule Retry attempt 2 of 3
00000210 2026-05-30T01:51:23.935742500Z [INFO] AuthModule Cache hit ratio: 0.85
00000211 2026-05-30T01:51:23.996742500Z [CRITICAL] CoreModule Unrecoverable error in main loop
00000212 2026-05-30T01:51:24.037742500Z [INFO] ApiModule Connection established to upstream
00000213 2026-05-30T01:51:24.095742500Z [ERROR] CacheModule File not found: config.yaml
00000214 2026-05-30T01:51:24.157742500Z [INFO] DbModule Cache hit ratio: 0.85
00000215 2026-05-30T01:51:24.172742500Z [DEBUG] DbModule Trace: stack depth = 1488
00000216 2026-05-30T01:51:24.190742500Z [INFO] CoreModule Background task started
00000217 2026-05-30T01:51:24.233742500Z [INFO] ApiModule Background task started
00000218 2026-05-30T01:51:24.249742500Z [INFO] ApiModule User logged in successfully
00000219 2026-05-30T01:51:24.283742500Z [INFO] NetModule Connection established to upstream
00000220 2026-05-30T01:51:24.358742500Z [DEBUG] AuthModule Variable x = 67
00000221 2026-05-30T01:51:24.413742500Z [ERROR] DbModule Connection timeout to database
00000222 2026-05-30T01:51:24.453742500Z [WARNING] ApiModule High memory usage detected (85%)
00000223 2026-05-30T01:51:24.497742500Z [ERROR] ApiModule Authorization rejected for user
00000224 2026-05-30T01:51:24.524742500Z [INFO] AuthModule Connection established to upstream
00000225 2026-05-30T01:51:24.500742500Z [INFO] NetModule Background task started
00000226 2026-05-30T01:51:24.533742500Z [DEBUG] CoreModule Entering method handleRequest()
00000227 2026-05-30T01:51:24.652742500Z [INFO] ApiModule Configuration loaded from disk
00000228 2026-05-30T01:51:24.626742500Z [INFO] CacheModule Configuration loaded from disk
00000229 2026-05-30T01:51:24.657742500Z [INFO] CoreModule User logged in successfully
00000230 2026-05-30T01:51:24.747742500Z [DEBUG] DbModule Trace: stack depth = 1488
00000231 2026-05-30T01:51:24.746742500Z [INFO] CoreModule Request processed in 42 ms
00000232 2026-05-30T01:51:24.764742500Z [CRITICAL] CacheModule Out of memory, shutting down
00000233 2026-05-30T01:51:24.819742500Z [WARNING] CoreModule Slow response from upstream service
00000234 2026-05-30T01:51:24.820742500Z [DEBUG] AuthModule Trace: stack depth = 1488
00000235 2026-05-30T01:51:24.910742500Z [CRITICAL] UiModule Kernel panic in subsystem
00000236 2026-05-30T01:51:24.906742500Z [INFO] CacheModule Connection established to upstream
00000237 2026-05-30T01:51:24.967742500Z [DEBUG] NetModule Entering method handleRequest()
00000238 2026-05-30T01:51:24.989742500Z [INFO] DbModule Background task started
00000239 2026-05-30T01:51:25.079742500Z [DEBUG] DbModule Trace: stack depth = 1488
00000240 2026-05-30T01:51:25.129742500Z [DEBUG] DbModule Garbage collection triggered
00000241 2026-05-30T01:51:25.094742500Z [DEBUG] UiModule Lock acquired on resource pool
00000242 2026-05-30T01:51:25.143742500Z [DEBUG] ApiModule Entering method handleRequest()
00000243 2026-05-30T01:51:25.150742500Z [WARNING] CoreModule Deprecated API endpoint used
00000244 2026-05-30T01:51:25.183742500Z [DEBUG] ApiModule Trace: stack depth = 1488
00000245 2026-05-30T01:51:25.316742500Z [INFO] UiModule Request processed in 42 ms
00000246 2026-05-30T01:51:25.320742500Z [INFO] UiModule User logged in successfully
00000247 2026-05-30T01:51:25.302742500Z [DEBUG] NetModule Variable x = 67
00000248 2026-05-30T01:51:25.357742500Z [INFO] DbModule Connection established to upstream
00000249 2026-05-30T01:51:25.378742500Z [ERROR] NetModule Connection timeout to database
00000250 2026-05-30T01:51:25.412742500Z [INFO] UiModule User logged in successfully
00000251 2026-05-30T01:51:25.479742500Z [WARNING] NetModule Deprecated API endpoint used
00000252 2026-05-30T01:51:25.551742500Z [INFO] UiModule User logged in successfully
00000253 2026-05-30T01:51:25.520742500Z [DEBUG] DbModule Garbage collection triggered
00000254 2026-05-30T01:51:25.644742500Z [INFO] CoreModule User logged in successfully
00000255 2026-05-30T01:51:25.593742500Z [DEBUG] UiModule Variable x = 67
00000256 2026-05-30T01:51:25.702742500Z [ERROR] ApiModule Authorization rejected for user
00000257 2026-05-30T01:51:25.722742500Z [INFO] NetModule Configuration loaded from disk
00000258 2026-05-30T01:51:25.772742500Z [WARNING] AuthModule Deprecated API endpoint used
00000259 2026-05-30T01:51:25.793742500Z [INFO] NetModule User logged in successfully
00000260 2026-05-30T01:51:25.871742500Z [DEBUG] CoreModule Variable x = 67
00000261 2026-05-30T01:51:25.882742500Z [INFO] CoreModule Connection established to upstream
00000262 2026-05-30T01:51:25.893742500Z [ERROR] DbModule Null pointer in handler
00000263 2026-05-30T01:51:25.904742500Z [INFO] CacheModule Connection established to upstream
00000264 2026-05-30T01:51:25.922742500Z [INFO] ApiModule Request processed in 42 ms
00000265 2026-05-30T01:51:26.002742500Z [WARNING] UiModule Retry attempt 2 of 3
00000266 2026-05-30T01:51:26.059742500Z [INFO] NetModule Background task started
00000267 2026-05-30T01:51:26.113742500Z [WARNING] NetModule Slow response from upstream service
00000268 2026-05-30T01:51:26.090742500Z [ERROR] AuthModule Authorization rejected for user
00000269 2026-05-30T01:51:26.146742500Z [INFO] DbModule Connection established to upstream
00000270 2026-05-30T01:51:26.155742500Z [WARNING] NetModule Retry attempt 2 of 3
00000271 2026-05-30T01:51:26.206742500Z [INFO] UiModule Request processed in 42 ms
00000272 2026-05-30T01:51:26.287742500Z [INFO] DbModule User logged in successfully
00000273 2026-05-30T01:51:26.259742500Z [INFO] ApiModule Request processed in 42 ms
00000274 2026-05-30T01:51:26.329742500Z [WARNING] NetModule High memory usage detected (85%)
00000275 2026-05-30T01:51:26.366742500Z [INFO] UiModule User logged in successfully
00000276 2026-05-30T01:51:26.398742500Z [DEBUG] AuthModule Trace: stack depth = 1488
00000277 2026-05-30T01:51:26.457742500Z [INFO] NetModule Background task started
00000278 2026-05-30T01:51:26.498742500Z [INFO] AuthModule User logged in successfully
00000279 2026-05-30T01:51:26.543742500Z [DEBUG] CoreModule Trace: stack depth = 1488
00000280 2026-05-30T01:51:26.526742500Z [DEBUG] CacheModule Garbage collection triggered
00000281 2026-05-30T01:51:26.617742500Z [DEBUG] AuthModule Garbage collection triggered
00000282 2026-05-30T01:51:26.642742500Z [DEBUG] NetModule Entering method handleRequest()
00000283 2026-05-30T01:51:26.677742500Z [INFO] ApiModule Request processed in 42 ms
00000284 2026-05-30T01:51:26.678742500Z [INFO] DbModule Request processed in 42 ms
00000285 2026-05-30T01:51:26.770742500Z [INFO] CoreModule User logged in successfully
00000286 2026-05-30T01:51:26.786742500Z [INFO] DbModule User logged in successfully
00000287 2026-05-30T01:51:26.800742500Z [ERROR] UiModule Null pointer in handler
00000288 2026-05-30T01:51:26.855742500Z [DEBUG] DbModule Variable x = 67
00000289 2026-05-30T01:51:26.926742500Z [WARNING] AuthModule Retry attempt 2 of 3
00000290 2026-05-30T01:51:26.921742500Z [DEBUG] UiModule Trace: stack depth = 1488
00000291 2026-05-30T01:51:26.965742500Z [DEBUG] CacheModule Garbage collection triggered
00000292 2026-05-30T01:51:27.001742500Z [DEBUG] CacheModule Entering method handleRequest()
00000293 2026-05-30T01:51:26.997742500Z [DEBUG] CoreModule Garbage collection triggered
00000294 2026-05-30T01:51:27.059742500Z [ERROR] UiModule Failed to parse JSON payload
00000295 2026-05-30T01:51:27.088742500Z [WARNING] ApiModule Retry attempt 2 of 3
00000296 2026-05-30T01:51:27.138742500Z [DEBUG] CoreModule Lock acquired on resource pool
00000297 2026-05-30T01:51:27.181742500Z [INFO] DbModule Connection established to upstream
00000298 2026-05-30T01:51:27.264742500Z [DEBUG] AuthModule Garbage collection triggered
00000299 2026-05-30T01:51:27.290742500Z [INFO] DbModule Connection established to upstream
00000300 2026-05-30T01:51:27.281742500Z [DEBUG] CoreModule Garbage collection triggered
00000301 2026-05-30T01:51:27.383742500Z [INFO] UiModule Configuration loaded from disk
00000302 2026-05-30T01:51:27.364742500Z [INFO] NetModule User logged in successfully
00000303 2026-05-30T01:51:27.408742500Z [WARNING] CoreModule Retry attempt 2 of 3
00000304 2026-05-30T01:51:27.483742500Z [ERROR] UiModule Null pointer in handler
00000305 2026-05-30T01:51:27.491742500Z [DEBUG] DbModule Trace: stack depth = 1488
00000306 2026-05-30T01:51:27.478742500Z [INFO] AuthModule Configuration loaded from disk
00000307 2026-05-30T01:51:27.605742500Z [INFO] DbModule Configuration loaded from disk
00000308 2026-05-30T01:51:27.644742500Z [ERROR] UiModule Null pointer in handler
00000309 2026-05-30T01:51:27.667742500Z [WARNING] ApiModule Slow response from upstream service
00000310 2026-05-30T01:51:27.667742500Z [INFO] UiModule Background task started
00000311 2026-05-30T01:51:27.703742500Z [DEBUG] CoreModule Lock acquired on resource pool
00000312 2026-05-30T01:51:27.710742500Z [INFO] CacheModule Background task started
00000313 2026-05-30T01:51:27.814742500Z [DEBUG] ApiModule Trace: stack depth = 1488
00000314 2026-05-30T01:51:27.810742500Z [INFO] CacheModule Configuration loaded from disk
00000315 2026-05-30T01:51:27.861742500Z [INFO] DbModule Connection established to upstream
00000316 2026-05-30T01:51:27.872742500Z [WARNING] NetModule Deprecated API endpoint used
00000317 2026-05-30T01:51:27.934742500Z [DEBUG] NetModule Variable x = 67
00000318 2026-05-30T01:51:28.002742500Z [WARNING] CacheModule Slow response from upstream service
00000319 2026-05-30T01:51:28.017742500Z [DEBUG] ApiModule Trace: stack depth = 1488
00000320 2026-05-30T01:51:28.011742500Z [INFO] CacheModule Connection established to upstream
00000321 2026-05-30T01:51:28.114742500Z [WARNING] CoreModule Slow response from upstream service
00000322 2026-05-30T01:51:28.069742500Z [DEBUG] AuthModule Entering method handleRequest()
00000323 2026-05-30T01:51:28.175742500Z [INFO] DbModule Connection established to upstream
00000324 2026-05-30T01:51:28.227742500Z [WARNING] AuthModule High memory usage detected (85%)
00000325 2026-05-30T01:51:28.251742500Z [CRITICAL] CoreModule Out of memory, shutting down
00000326 2026-05-30T01:51:28.226742500Z [DEBUG] NetModule Trace: stack depth = 1488
00000327 2026-05-30T01:51:28.275742500Z [INFO] AuthModule Background task started
00000328 2026-05-30T01:51:28.338742500Z [DEBUG] AuthModule Lock acquired on resource pool
00000329 2026-05-30T01:51:28.337742500Z [INFO] UiModule Connection established to upstream
00000330 2026-05-30T01:51:28.388742500Z [INFO] UiModule User logged in successfully
00000331 2026-05-30T01:51:28.434742500Z [DEBUG] CacheModule Lock acquired on resource pool
00000332 2026-05-30T01:51:28.466742500Z [WARNING] ApiModule Deprecated API endpoint used
00000333 2026-05-30T01:51:28.483742500Z [INFO] NetModule Cache hit ratio: 0.85
00000334 2026-05-30T01:51:28.572742500Z [INFO] CoreModule Cache hit ratio: 0.85
00000335 2026-05-30T01:51:28.624742500Z [INFO] NetModule Background task started
00000336 2026-05-30T01:51:28.630742500Z [DEBUG] AuthModule Lock acquired on resource pool
00000337 2026-05-30T01:51:28.722742500Z [DEBUG] ApiModule Trace: stack depth = 1488
00000338 2026-05-30T01:51:28.705742500Z [INFO] UiModule Configuration loaded from disk
00000339 2026-05-30T01:51:28.722742500Z [DEBUG] ApiModule Entering method handleRequest()
00000340 2026-05-30T01:51:28.813742500Z [DEBUG] UiModule Garbage collection triggered
00000341 2026-05-30T01:51:28.801742500Z [INFO] NetModule User logged in successfully
00000342 2026-05-30T01:51:28.858742500Z [INFO] CacheModule Cache hit ratio: 0.85
00000343 2026-05-30T01:51:28.905742500Z [INFO] AuthModule Connection established to upstream
00000344 2026-05-30T01:51:28.909742500Z [DEBUG] NetModule Variable x = 67
00000345 2026-05-30T01:51:28.966742500Z [INFO] CoreModule Connection established to upstream
00000346 2026-05-30T01:51:29.017742500Z [INFO] CacheModule Background task started
00000347 2026-05-30T01:51:29.092742500Z [ERROR] UiModule Null pointer in handler
00000348 2026-05-30T01:51:29.068742500Z [WARNING] ApiModule Slow response from upstream service
00000349 2026-05-30T01:51:29.117742500Z [INFO] UiModule Background task started
00000350 2026-05-30T01:51:29.189742500Z [DEBUG] UiModule Trace: stack depth = 1488
00000351 2026-05-30T01:51:29.161742500Z [DEBUG] AuthModule Variable x = 67
00000352 2026-05-30T01:51:29.221742500Z [DEBUG] ApiModule Lock acquired on resource pool
00000353 2026-05-30T01:51:29.239742500Z [INFO] UiModule Configuration loaded from disk
00000354 2026-05-30T01:51:29.336742500Z [INFO] CacheModule Background task started
00000355 2026-05-30T01:51:29.335742500Z [DEBUG] UiModule Variable x = 67
00000356 2026-05-30T01:51:29.411742500Z [INFO] ApiModule Cache hit ratio: 0.85
00000357 2026-05-30T01:51:29.368742500Z [INFO] DbModule Background task started
00000358 2026-05-30T01:51:29.421742500Z [INFO] DbModule Cache hit ratio: 0.85
00000359 2026-05-30T01:51:29.509742500Z [WARNING] CoreModule High memory usage detected (85%)
00000360 2026-05-30T01:51:29.551742500Z [DEBUG] CoreModule Entering method handleRequest()
00000361 2026-05-30T01:51:29.581742500Z [DEBUG] AuthModule Trace: stack depth = 1488
00000362 2026-05-30T01:51:29.558742500Z [DEBUG] NetModule Entering method handleRequest()
00000363 2026-05-30T01:51:29.628742500Z [DEBUG] ApiModule Trace: stack depth = 1488
00000364 2026-05-30T01:51:29.653742500Z [ERROR] CacheModule Authorization rejected for user
00000365 2026-05-30T01:51:29.673742500Z [WARNING] NetModule High memory usage detected (85%)
00000366 2026-05-30T01:51:29.714742500Z [WARNING] ApiModule Retry attempt 2 of 3
00000367 2026-05-30T01:51:29.775742500Z [DEBUG] UiModule Entering method handleRequest()
00000368 2026-05-30T01:51:29.827742500Z [INFO] CoreModule User logged in successfully
00000369 2026-05-30T01:51:29.822742500Z [WARNING] NetModule High memory usage detected (85%)
00000370 2026-05-30T01:51:29.911742500Z [ERROR] NetModule Authorization rejected for user
00000371 2026-05-30T01:51:29.950742500Z [INFO] UiModule Configuration loaded from disk
00000372 2026-05-30T01:51:29.928742500Z [INFO] NetModule Configuration loaded from disk
00000373 2026-05-30T01:51:29.976742500Z [DEBUG] ApiModule Lock acquired on resource pool
00000374 2026-05-30T01:51:29.995742500Z [CRITICAL] CacheModule Kernel panic in subsystem
00000375 2026-05-30T01:51:30.046742500Z [ERROR] DbModule File not found: config.yaml
00000376 2026-05-30T01:51:30.098742500Z [INFO] ApiModule Background task started
00000377 2026-05-30T01:51:30.185742500Z [INFO] DbModule Request processed in 42 ms
00000378 2026-05-30T01:51:30.198742500Z [INFO] NetModule Cache hit ratio: 0.85
00000379 2026-05-30T01:51:30.181742500Z [INFO] AuthModule User logged in successfully
00000380 2026-05-30T01:51:30.235742500Z [ERROR] ApiModule Authorization rejected for user
00000381 2026-05-30T01:51:30.334742500Z [DEBUG] CoreModule Garbage collection triggered
00000382 2026-05-30T01:51:30.366742500Z [CRITICAL] ApiModule Disk full, cannot continue
00000383 2026-05-30T01:51:30.383742500Z [DEBUG] AuthModule Variable x = 67
00000384 2026-05-30T01:51:30.454742500Z [INFO] AuthModule Configuration loaded from disk
00000385 2026-05-30T01:51:30.479742500Z [INFO] NetModule User logged in successfully
00000386 2026-05-30T01:51:30.517742500Z [ERROR] CacheModule File not found: config.yaml
00000387 2026-05-30T01:51:30.498742500Z [INFO] NetModule Background task started
00000388 2026-05-30T01:51:30.573742500Z [INFO] NetModule Request processed in 42 ms
00000389 2026-05-30T01:51:30.631742500Z [INFO] ApiModule Cache hit ratio: 0.85
00000390 2026-05-30T01:51:30.617742500Z [INFO] AuthModule Background task started
00000391 2026-05-30T01:51:30.676742500Z [DEBUG] DbModule Garbage collection triggered
00000392 2026-05-30T01:51:30.663742500Z [DEBUG] CacheModule Variable x = 67
00000393 2026-05-30T01:51:30.710742500Z [INFO] AuthModule Request processed in 42 ms
00000394 2026-05-30T01:51:30.830742500Z [INFO] CoreModule Cache hit ratio: 0.85
00000395 2026-05-30T01:51:30.820742500Z [ERROR] CacheModule Connection timeout to database
00000396 2026-05-30T01:51:30.815742500Z [INFO] ApiModule User logged in successfully
00000397 2026-05-30T01:51:30.877742500Z [INFO] NetModule Request processed in 42 ms
00000398 2026-05-30T01:51:30.942742500Z [INFO] AuthModule Cache hit ratio: 0.85
00000399 2026-05-30T01:51:30.977742500Z [INFO] CacheModule Configuration loaded from disk
00000400 2026-05-30T01:51:31.019742500Z [DEBUG] ApiModule Entering method handleRequest()
00000401 2026-05-30T01:51:31.026742500Z [INFO] CacheModule Connection established to upstream
00000402 2026-05-30T01:51:31.063742500Z [INFO] NetModule Background task started
00000403 2026-05-30T01:51:31.156742500Z [INFO] CacheModule Connection established to upstream
00000404 2026-05-30T01:51:31.190742500Z [INFO] CoreModule Background task started
00000405 2026-05-30T01:51:31.154742500Z [DEBUG] AuthModule Entering method handleRequest()
00000406 2026-05-30T01:51:31.199742500Z [DEBUG] AuthModule Variable x = 67
00000407 2026-05-30T01:51:31.225742500Z [INFO] CoreModule Request processed in 42 ms
00000408 2026-05-30T01:51:31.281742500Z [INFO] AuthModule User logged in successfully
00000409 2026-05-30T01:51:31.354742500Z [INFO] DbModule User logged in successfully
00000410 2026-05-30T01:51:31.406742500Z [WARNING] UiModule Deprecated API endpoint used
00000411 2026-05-30T01:51:31.413742500Z [DEBUG] CacheModule Trace: stack depth = 1488
00000412 2026-05-30T01:51:31.436742500Z [WARNING] AuthModule Slow response from upstream service
00000413 2026-05-30T01:51:31.534742500Z [DEBUG] NetModule Lock acquired on resource pool
00000414 2026-05-30T01:51:31.566742500Z [DEBUG] DbModule Lock acquired on resource pool
00000415 2026-05-30T01:51:31.592742500Z [WARNING] CacheModule Deprecated API endpoint used
00000416 2026-05-30T01:51:31.585742500Z [ERROR] AuthModule File not found: config.yaml
00000417 2026-05-30T01:51:31.614742500Z [DEBUG] NetModule Garbage collection triggered
00000418 2026-05-30T01:51:31.632742500Z [INFO] UiModule Request processed in 42 ms
00000419 2026-05-30T01:51:31.712742500Z [DEBUG] CoreModule Entering method handleRequest()
00000420 2026-05-30T01:51:31.730742500Z [CRITICAL] CoreModule Kernel panic in subsystem
00000421 2026-05-30T01:51:31.788742500Z [INFO] ApiModule Configuration loaded from disk
00000422 2026-05-30T01:51:31.829742500Z [INFO] NetModule User logged in successfully
00000423 2026-05-30T01:51:31.871742500Z [DEBUG] AuthModule Garbage collection triggered
00000424 2026-05-30T01:51:31.906742500Z [WARNING] DbModule Slow response from upstream service
00000425 2026-05-30T01:51:31.943742500Z [ERROR] NetModule Null pointer in handler
00000426 2026-05-30T01:51:31.981742500Z [INFO] AuthModule Background task started
00000427 2026-05-30T01:51:31.988742500Z [ERROR] CacheModule File not found: config.yaml
00000428 2026-05-30T01:51:32.088742500Z [WARNING] DbModule Deprecated API endpoint used
00000429 2026-05-30T01:51:32.032742500Z [DEBUG] DbModule Entering method handleRequest()
00000430 2026-05-30T01:51:32.125742500Z [INFO] CoreModule Background task started
00000431 2026-05-30T01:51:32.105742500Z [INFO] NetModule User logged in successfully
00000432 2026-05-30T01:51:32.230742500Z [DEBUG] ApiModule Garbage collection triggered
00000433 2026-05-30T01:51:32.240742500Z [WARNING] NetModule Slow response from upstream service
00000434 2026-05-30T01:51:32.301742500Z [WARNING] CacheModule Retry attempt 2 of 3
00000435 2026-05-30T01:51:32.325742500Z [DEBUG] AuthModule Variable x = 67
00000436 2026-05-30T01:51:32.366742500Z [INFO] AuthModule Configuration loaded from disk
00000437 2026-05-30T01:51:32.399742500Z [INFO] DbModule Connection established to upstream
00000438 2026-05-30T01:51:32.374742500Z [DEBUG] CoreModule Garbage collection triggered
00000439 2026-05-30T01:51:32.466742500Z [ERROR] UiModule Null pointer in handler
00000440 2026-05-30T01:51:32.531742500Z [INFO] ApiModule Connection established to upstream
00000441 2026-05-30T01:51:32.557742500Z [INFO] CoreModule User logged in successfully
00000442 2026-05-30T01:51:32.560742500Z [ERROR] AuthModule Connection timeout to database
00000443 2026-05-30T01:51:32.568742500Z [DEBUG] AuthModule Variable x = 67
00000444 2026-05-30T01:51:32.608742500Z [DEBUG] NetModule Garbage collection triggered
00000445 2026-05-30T01:51:32.716742500Z [INFO] AuthModule Connection established to upstream
00000446 2026-05-30T01:51:32.688742500Z [INFO] ApiModule Request processed in 42 ms
00000447 2026-05-30T01:51:32.767742500Z [INFO] CoreModule Background task started
00000448 2026-05-30T01:51:32.750742500Z [WARNING] NetModule Retry attempt 2 of 3
00000449 2026-05-30T01:51:32.831742500Z [INFO] UiModule Cache hit ratio: 0.85
00000450 2026-05-30T01:51:32.866742500Z [INFO] CacheModule Cache hit ratio: 0.85
00000451 2026-05-30T01:51:32.844742500Z [INFO] AuthModule User logged in successfully
00000452 2026-05-30T01:51:32.889742500Z [ERROR] ApiModule Null pointer in handler
00000453 2026-05-30T01:51:32.992742500Z [DEBUG] NetModule Trace: stack depth = 1488
00000454 2026-05-30T01:51:33.003742500Z [INFO] UiModule Request processed in 42 ms
00000455 2026-05-30T01:51:33.068742500Z [INFO] NetModule Cache hit ratio: 0.85
00000456 2026-05-30T01:51:33.055742500Z [INFO] NetModule Configuration loaded from disk
00000457 2026-05-30T01:51:33.069742500Z [DEBUG] DbModule Variable x = 67
00000458 2026-05-30T01:51:33.103742500Z [DEBUG] DbModule Variable x = 67
00000459 2026-05-30T01:51:33.161742500Z [ERROR] DbModule Failed to parse JSON payload
00000460 2026-05-30T01:51:33.255742500Z [DEBUG] ApiModule Trace: stack depth = 1488
00000461 2026-05-30T01:51:33.214742500Z [INFO] DbModule Cache hit ratio: 0.85
00000462 2026-05-30T01:51:33.334742500Z [DEBUG] AuthModule Trace: stack depth = 1488
00000463 2026-05-30T01:51:33.375742500Z [INFO] NetModule Cache hit ratio: 0.85
00000464 2026-05-30T01:51:33.366742500Z [INFO] ApiModule Configuration loaded from disk
00000465 2026-05-30T01:51:33.380742500Z [WARNING] ApiModule Retry attempt 2 of 3
00000466 2026-05-30T01:51:33.431742500Z [INFO] CoreModule Cache hit ratio: 0.85
00000467 2026-05-30T01:51:33.472742500Z [INFO] UiModule Background task started
00000468 2026-05-30T01:51:33.492742500Z [INFO] AuthModule Request processed in 42 ms
00000469 2026-05-30T01:51:33.606742500Z [ERROR] NetModule File not found: config.yaml
00000470 2026-05-30T01:51:33.559742500Z [INFO] UiModule Configuration loaded from disk
00000471 2026-05-30T01:51:33.678742500Z [DEBUG] AuthModule Trace: stack depth = 1488
00000472 2026-05-30T01:51:33.683742500Z [DEBUG] ApiModule Garbage collection triggered
00000473 2026-05-30T01:51:33.695742500Z [INFO] CacheModule Connection established to upstream
00000474 2026-05-30T01:51:33.749742500Z [CRITICAL] CoreModule Unrecoverable error in main loop
00000475 2026-05-30T01:51:33.777742500Z [INFO] ApiModule User logged in successfully
00000476 2026-05-30T01:51:33.822742500Z [DEBUG] ApiModule Garbage collection triggered
00000477 2026-05-30T01:51:33.845742500Z [WARNING] CacheModule Deprecated API endpoint used
00000478 2026-05-30T01:51:33.932742500Z [DEBUG] DbModule Variable x = 67
00000479 2026-05-30T01:51:33.937742500Z [WARNING] UiModule High memory usage detected (85%)
00000480 2026-05-30T01:51:33.986742500Z [INFO] NetModule Connection established to upstream
00000481 2026-05-30T01:51:34.011742500Z [INFO] UiModule Cache hit ratio: 0.85
00000482 2026-05-30T01:51:34.067742500Z [DEBUG] CoreModule Garbage collection triggered
00000483 2026-05-30T01:51:34.110742500Z [INFO] UiModule Background task started
00000484 2026-05-30T01:51:34.099742500Z [DEBUG] CacheModule Entering method handleRequest()
00000485 2026-05-30T01:51:34.150742500Z [DEBUG] AuthModule Lock acquired on resource pool
00000486 2026-05-30T01:51:34.167742500Z [DEBUG] DbModule Variable x = 67
00000487 2026-05-30T01:51:34.247742500Z [DEBUG] AuthModule Entering method handleRequest()
00000488 2026-05-30T01:51:34.219742500Z [DEBUG] CoreModule Lock acquired on resource pool
00000489 2026-05-30T01:51:34.247742500Z [DEBUG] AuthModule Entering method handleRequest()
00000490 2026-05-30T01:51:34.299742500Z [INFO] CacheModule Background task started
00000491 2026-05-30T01:51:34.389742500Z [DEBUG] CoreModule Entering method handleRequest()
00000492 2026-05-30T01:51:34.400742500Z [INFO] AuthModule Configuration loaded from disk
00000493 2026-05-30T01:51:34.454742500Z [INFO] ApiModule Cache hit ratio: 0.85
00000494 2026-05-30T01:51:34.498742500Z [INFO] AuthModule User logged in successfully
00000495 2026-05-30T01:51:34.508742500Z [INFO] CacheModule Configuration loaded from disk
00000496 2026-05-30T01:51:34.554742500Z [INFO] UiModule Background task started
00000497 2026-05-30T01:51:34.631742500Z [DEBUG] NetModule Garbage collection triggered
00000498 2026-05-30T01:51:34.666742500Z [DEBUG] CoreModule Entering method handleRequest()
00000499 2026-05-30T01:51:34.662742500Z [INFO] DbModule Background task started
00000500 2026-05-30T01:51:34.717742500Z [INFO] NetModule Cache hit ratio: 0.85
00000501 2026-05-30T01:51:34.768742500Z [INFO] AuthModule User logged in successfully
00000502 2026-05-30T01:51:34.822742500Z [DEBUG] CacheModule Variable x = 67
00000503 2026-05-30T01:51:34.785742500Z [DEBUG] DbModule Garbage collection triggered
00000504 2026-05-30T01:51:34.886742500Z [INFO] NetModule Configuration loaded from disk
00000505 2026-05-30T01:51:34.864742500Z [INFO] CacheModule Request processed in 42 ms
00000506 2026-05-30T01:51:34.965742500Z [CRITICAL] AuthModule Kernel panic in subsystem
00000507 2026-05-30T01:51:34.916742500Z [INFO] CacheModule Configuration loaded from disk
00000508 2026-05-30T01:51:34.967742500Z [DEBUG] UiModule Lock acquired on resource pool
00000509 2026-05-30T01:51:35.036742500Z [WARNING] NetModule High memory usage detected (85%)
00000510 2026-05-30T01:51:35.104742500Z [INFO] CacheModule Configuration loaded from disk
00000511 2026-05-30T01:51:35.145742500Z [DEBUG] NetModule Lock acquired on resource pool
00000512 2026-05-30T01:51:35.125742500Z [INFO] NetModule Connection established to upstream
00000513 2026-05-30T01:51:35.185742500Z [INFO] CacheModule Connection established to upstream
00000514 2026-05-30T01:51:35.238742500Z [INFO] UiModule Configuration loaded from disk
00000515 2026-05-30T01:51:35.287742500Z [DEBUG] ApiModule Entering method handleRequest()
00000516 2026-05-30T01:51:35.343742500Z [INFO] DbModule Connection established to upstream
00000517 2026-05-30T01:51:35.307742500Z [DEBUG] ApiModule Entering method handleRequest()
00000518 2026-05-30T01:51:35.326742500Z [INFO] UiModule Connection established to upstream
00000519 2026-05-30T01:51:35.453742500Z [DEBUG] NetModule Garbage collection triggered
00000520 2026-05-30T01:51:35.445742500Z [INFO] ApiModule Configuration loaded from disk
00000521 2026-05-30T01:51:35.446742500Z [INFO] CoreModule Background task started
00000522 2026-05-30T01:51:35.478742500Z [DEBUG] UiModule Trace: stack depth = 1488
00000523 2026-05-30T01:51:35.520742500Z [WARNING] CacheModule Retry attempt 2 of 3
00000524 2026-05-30T01:51:35.560742500Z [DEBUG] UiModule Trace: stack depth = 1488
00000525 2026-05-30T01:51:35.609742500Z [DEBUG] NetModule Variable x = 67
00000526 2026-05-30T01:51:35.649742500Z [DEBUG] NetModule Lock acquired on resource pool
00000527 2026-05-30T01:51:35.704742500Z [DEBUG] CacheModule Entering method handleRequest()
00000528 2026-05-30T01:51:35.691742500Z [DEBUG] NetModule Trace: stack depth = 1488
00000529 2026-05-30T01:51:35.820742500Z [DEBUG] AuthModule Variable x = 67
00000530 2026-05-30T01:51:35.829742500Z [INFO] NetModule Background task started
00000531 2026-05-30T01:51:35.834742500Z [INFO] CacheModule Request processed in 42 ms
00000532 2026-05-30T01:51:35.841742500Z [DEBUG] ApiModule Lock acquired on resource pool
00000533 2026-05-30T01:51:35.900742500Z [WARNING] DbModule High memory usage detected (85%)
00000534 2026-05-30T01:51:35.952742500Z [INFO] NetModule Cache hit ratio: 0.85
00000535 2026-05-30T01:51:36.042742500Z [ERROR] CacheModule Null pointer in handler
00000536 2026-05-30T01:51:36.044742500Z [DEBUG] NetModule Trace: stack depth = 1488
00000537 2026-05-30T01:51:36.111742500Z [INFO] DbModule Connection established to upstream
00000538 2026-05-30T01:51:36.106742500Z [WARNING] NetModule Deprecated API endpoint used
00000539 2026-05-30T01:51:36.158742500Z [INFO] ApiModule Configuration loaded from disk
00000540 2026-05-30T01:51:36.202742500Z [DEBUG] NetModule Garbage collection triggered
00000541 2026-05-30T01:51:36.210742500Z [INFO] ApiModule User logged in successfully
00000542 2026-05-30T01:51:36.253742500Z [INFO] UiModule Cache hit ratio: 0.85
00000543 2026-05-30T01:51:36.324742500Z [INFO] AuthModule Cache hit ratio: 0.85
00000544 2026-05-30T01:51:36.290742500Z [DEBUG] CacheModule Garbage collection triggered
00000545 2026-05-30T01:51:36.417742500Z [DEBUG] UiModule Trace: stack depth = 1488
00000546 2026-05-30T01:51:36.439742500Z [INFO] DbModule Background task started
00000547 2026-05-30T01:51:36.431742500Z [INFO] DbModule User logged in successfully
00000548 2026-05-30T01:51:36.430742500Z [WARNING] ApiModule Slow response from upstream service
00000549 2026-05-30T01:51:36.563742500Z [INFO] ApiModule Configuration loaded from disk
00000550 2026-05-30T01:51:36.555742500Z [INFO] DbModule Connection established to upstream
00000551 2026-05-30T01:51:36.629742500Z [ERROR] CacheModule Authorization rejected for user
00000552 2026-05-30T01:51:36.658742500Z [ERROR] AuthModule Null pointer in handler
00000553 2026-05-30T01:51:36.689742500Z [ERROR] ApiModule Authorization rejected for user
00000554 2026-05-30T01:51:36.699742500Z [WARNING] UiModule Deprecated API endpoint used
00000555 2026-05-30T01:51:36.757742500Z [ERROR] AuthModule Failed to parse JSON payload
00000556 2026-05-30T01:51:36.755742500Z [DEBUG] AuthModule Garbage collection triggered
00000557 2026-05-30T01:51:36.786742500Z [CRITICAL] NetModule Out of memory, shutting down
00000558 2026-05-30T01:51:36.857742500Z [INFO] AuthModule Configuration loaded from disk
00000559 2026-05-30T01:51:36.854742500Z [INFO] DbModule Configuration loaded from disk
00000560 2026-05-30T01:51:36.944742500Z [DEBUG] UiModule Variable x = 67
00000561 2026-05-30T01:51:36.984742500Z [DEBUG] DbModule Variable x = 67
00000562 2026-05-30T01:51:36.985742500Z [INFO] UiModule Cache hit ratio: 0.85
00000563 2026-05-30T01:51:37.025742500Z [INFO] NetModule Connection established to upstream
00000564 2026-05-30T01:51:37.071742500Z [DEBUG] DbModule Variable x = 67
00000565 2026-05-30T01:51:37.103742500Z [INFO] ApiModule Cache hit ratio: 0.85
00000566 2026-05-30T01:51:37.109742500Z [WARNING] CacheModule Retry attempt 2 of 3
00000567 2026-05-30T01:51:37.202742500Z [INFO] NetModule Background task started
00000568 2026-05-30T01:51:37.212742500Z [INFO] UiModule Cache hit ratio: 0.85
00000569 2026-05-30T01:51:37.216742500Z [INFO] CoreModule User logged in successfully
00000570 2026-05-30T01:51:37.323742500Z [INFO] DbModule Connection established to upstream
00000571 2026-05-30T01:51:37.346742500Z [DEBUG] CacheModule Variable x = 67
00000572 2026-05-30T01:51:37.352742500Z [INFO] DbModule Connection established to upstream
00000573 2026-05-30T01:51:37.423742500Z [DEBUG] CoreModule Lock acquired on resource pool
00000574 2026-05-30T01:51:37.477742500Z [INFO] UiModule Connection established to upstream
00000575 2026-05-30T01:51:37.509742500Z [INFO] CoreModule Cache hit ratio: 0.85
00000576 2026-05-30T01:51:37.545742500Z [ERROR] ApiModule Failed to parse JSON payload
00000577 2026-05-30T01:51:37.513742500Z [INFO] DbModule Configuration loaded from disk
00000578 2026-05-30T01:51:37.575742500Z [DEBUG] CoreModule Trace: stack depth = 1488
00000579 2026-05-30T01:51:37.605742500Z [DEBUG] CacheModule Garbage collection triggered
00000580 2026-05-30T01:51:37.696742500Z [INFO] CacheModule Configuration loaded from disk
00000581 2026-05-30T01:51:37.741742500Z [DEBUG] NetModule Entering method handleRequest()
00000582 2026-05-30T01:51:37.695742500Z [INFO] CoreModule Background task started
00000583 2026-05-30T01:51:37.824742500Z [INFO] ApiModule Background task started
00000584 2026-05-30T01:51:37.853742500Z [INFO] CoreModule Connection established to upstream
00000585 2026-05-30T01:51:37.857742500Z [ERROR] ApiModule Authorization rejected for user
00000586 2026-05-30T01:51:37.874742500Z [INFO] NetModule Cache hit ratio: 0.85
00000587 2026-05-30T01:51:37.945742500Z [INFO] ApiModule Configuration loaded from disk
00000588 2026-05-30T01:51:37.940742500Z [WARNING] UiModule Retry attempt 2 of 3
00000589 2026-05-30T01:51:38.005742500Z [DEBUG] CacheModule Trace: stack depth = 1488
00000590 2026-05-30T01:51:38.037742500Z [INFO] CacheModule Connection established to upstream
00000591 2026-05-30T01:51:38.070742500Z [DEBUG] NetModule Variable x = 67
00000592 2026-05-30T01:51:38.083742500Z [DEBUG] ApiModule Entering method handleRequest()
00000593 2026-05-30T01:51:38.095742500Z [WARNING] UiModule Deprecated API endpoint used
00000594 2026-05-30T01:51:38.153742500Z [DEBUG] AuthModule Trace: stack depth = 1488
00000595 2026-05-30T01:51:38.226742500Z [INFO] CacheModule User logged in successfully
00000596 2026-05-30T01:51:38.208742500Z [DEBUG] DbModule Entering method handleRequest()
00000597 2026-05-30T01:51:38.340742500Z [DEBUG] ApiModule Entering method handleRequest()
00000598 2026-05-30T01:51:38.364742500Z [INFO] NetModule Background task started
00000599 2026-05-30T01:51:38.392742500Z [WARNING] UiModule Deprecated API endpoint used
00000600 2026-05-30T01:51:38.442742500Z [DEBUG] ApiModule Garbage collection triggered
00000601 2026-05-30T01:51:38.412742500Z [DEBUG] UiModule Garbage collection triggered
00000602 2026-05-30T01:51:38.506742500Z [DEBUG] DbModule Entering method handleRequest()
00000603 2026-05-30T01:51:38.525742500Z [DEBUG] UiModule Lock acquired on resource pool
00000604 2026-05-30T01:51:38.592742500Z [INFO] NetModule Connection established to upstream
00000605 2026-05-30T01:51:38.629742500Z [DEBUG] DbModule Lock acquired on resource pool
00000606 2026-05-30T01:51:38.604742500Z [INFO] NetModule Configuration loaded from disk
00000607 2026-05-30T01:51:38.665742500Z [WARNING] ApiModule Deprecated API endpoint used
00000608 2026-05-30T01:51:38.687742500Z [INFO] CacheModule Configuration loaded from disk
00000609 2026-05-30T01:51:38.750742500Z [WARNING] UiModule Retry attempt 2 of 3
00000610 2026-05-30T01:51:38.746742500Z [INFO] AuthModule Background task started
00000611 2026-05-30T01:51:38.793742500Z [DEBUG] DbModule Lock acquired on resource pool
00000612 2026-05-30T01:51:38.844742500Z [WARNING] CacheModule Deprecated API endpoint used
00000613 2026-05-30T01:51:38.861742500Z [DEBUG] CoreModule Trace: stack depth = 1488
00000614 2026-05-30T01:51:38.901742500Z [WARNING] NetModule Deprecated API endpoint used
00000615 2026-05-30T01:51:38.925742500Z [DEBUG] UiModule Variable x = 67
00000616 2026-05-30T01:51:38.951742500Z [ERROR] ApiModule Authorization rejected for user
00000617 2026-05-30T01:51:39.073742500Z [DEBUG] CacheModule Garbage collection triggered
00000618 2026-05-30T01:51:39.052742500Z [DEBUG] AuthModule Trace: stack depth = 1488
00000619 2026-05-30T01:51:39.127742500Z [INFO] DbModule Cache hit ratio: 0.85
00000620 2026-05-30T01:51:39.107742500Z [INFO] AuthModule Cache hit ratio: 0.85
00000621 2026-05-30T01:51:39.227742500Z [CRITICAL] UiModule Out of memory, shutting down
00000622 2026-05-30T01:51:39.239742500Z [DEBUG] NetModule Entering method handleRequest()
00000623 2026-05-30T01:51:39.301742500Z [ERROR] AuthModule File not found: config.yaml
00000624 2026-05-30T01:51:39.336742500Z [INFO] UiModule Background task started
00000625 2026-05-30T01:51:39.323742500Z [DEBUG] AuthModule Trace: stack depth = 1488
00000626 2026-05-30T01:51:39.338742500Z [WARNING] ApiModule High memory usage detected (85%)
00000627 2026-05-30T01:51:39.418742500Z [INFO] CacheModule Connection established to upstream
00000628 2026-05-30T01:51:39.447742500Z [INFO] DbModule Request processed in 42 ms
00000629 2026-05-30T01:51:39.456742500Z [INFO] CacheModule Connection established to upstream
00000630 2026-05-30T01:51:39.553742500Z [DEBUG] CoreModule Entering method handleRequest()
00000631 2026-05-30T01:51:39.536742500Z [INFO] CacheModule Background task started
00000632 2026-05-30T01:51:39.579742500Z [WARNING] CoreModule Deprecated API endpoint used
00000633 2026-05-30T01:51:39.599742500Z [WARNING] DbModule High memory usage detected (85%)
00000634 2026-05-30T01:51:39.635742500Z [DEBUG] AuthModule Entering method handleRequest()
00000635 2026-05-30T01:51:39.695742500Z [INFO] DbModule Request processed in 42 ms
00000636 2026-05-30T01:51:39.758742500Z [WARNING] ApiModule High memory usage detected (85%)
00000637 2026-05-30T01:51:39.811742500Z [DEBUG] CacheModule Variable x = 67
00000638 2026-05-30T01:51:39.853742500Z [INFO] CoreModule Background task started
00000639 2026-05-30T01:51:39.807742500Z [INFO] AuthModule Configuration loaded from disk
00000640 2026-05-30T01:51:39.888742500Z [INFO] UiModule Request processed in 42 ms
00000641 2026-05-30T01:51:39.890742500Z [WARNING] DbModule Deprecated API endpoint used
00000642 2026-05-30T01:51:39.991742500Z [ERROR] UiModule File not found: config.yaml
00000643 2026-05-30T01:51:39.977742500Z [INFO] CoreModule Cache hit ratio: 0.85
00000644 2026-05-30T01:51:40.046742500Z [DEBUG] ApiModule Variable x = 67
00000645 2026-05-30T01:51:40.104742500Z [DEBUG] CacheModule Garbage collection triggered
00000646 2026-05-30T01:51:40.130742500Z [INFO] CoreModule Request processed in 42 ms
00000647 2026-05-30T01:51:40.165742500Z [INFO] AuthModule User logged in successfully
00000648 2026-05-30T01:51:40.179742500Z [WARNING] CoreModule High memory usage detected (85%)
00000649 2026-05-30T01:51:40.258742500Z [ERROR] UiModule File not found: config.yaml
00000650 2026-05-30T01:51:40.269742500Z [INFO] CacheModule Background task started
00000651 2026-05-30T01:51:40.320742500Z [INFO] UiModule Connection established to upstream
00000652 2026-05-30T01:51:40.321742500Z [INFO] CacheModule Cache hit ratio: 0.85
00000653 2026-05-30T01:51:40.372742500Z [DEBUG] CacheModule Garbage collection triggered
00000654 2026-05-30T01:51:40.391742500Z [DEBUG] NetModule Trace: stack depth = 1488
00000655 2026-05-30T01:51:40.451742500Z [ERROR] DbModule Connection timeout to database
00000656 2026-05-30T01:51:40.488742500Z [ERROR] CacheModule Connection timeout to database
00000657 2026-05-30T01:51:40.519742500Z [DEBUG] AuthModule Garbage collection triggered
00000658 2026-05-30T01:51:40.586742500Z [ERROR] CacheModule File not found: config.yaml
00000659 2026-05-30T01:51:40.636742500Z [CRITICAL] CacheModule Disk full, cannot continue
00000660 2026-05-30T01:51:40.621742500Z [DEBUG] ApiModule Lock acquired on resource pool
00000661 2026-05-30T01:51:40.690742500Z [INFO] ApiModule Cache hit ratio: 0.85
00000662 2026-05-30T01:51:40.709742500Z [DEBUG] CacheModule Trace: stack depth = 1488
00000663 2026-05-30T01:51:40.716742500Z [DEBUG] UiModule Variable x = 67
00000664 2026-05-30T01:51:40.750742500Z [DEBUG] ApiModule Trace: stack depth = 1488
00000665 2026-05-30T01:51:40.768742500Z [INFO] UiModule User logged in successfully
00000666 2026-05-30T01:51:40.883742500Z [INFO] NetModule Cache hit ratio: 0.85
00000667 2026-05-30T01:51:40.895742500Z [INFO] CoreModule Configuration loaded from disk
00000668 2026-05-30T01:51:40.936742500Z [CRITICAL] CoreModule Disk full, cannot continue
00000669 2026-05-30T01:51:40.943742500Z [INFO] AuthModule Background task started
00000670 2026-05-30T01:51:40.965742500Z [INFO] DbModule Background task started
00000671 2026-05-30T01:51:41.012742500Z [DEBUG] CacheModule Entering method handleRequest()
00000672 2026-05-30T01:51:41.043742500Z [INFO] CoreModule Cache hit ratio: 0.85
00000673 2026-05-30T01:51:41.057742500Z [DEBUG] CacheModule Garbage collection triggered
00000674 2026-05-30T01:51:41.182742500Z [INFO] AuthModule Configuration loaded from disk
00000675 2026-05-30T01:51:41.146742500Z [INFO] NetModule Connection established to upstream
00000676 2026-05-30T01:51:41.183742500Z [INFO] NetModule Cache hit ratio: 0.85
00000677 2026-05-30T01:51:41.293742500Z [DEBUG] NetModule Entering method handleRequest()
00000678 2026-05-30T01:51:41.297742500Z [INFO] DbModule Cache hit ratio: 0.85
00000679 2026-05-30T01:51:41.308742500Z [WARNING] CacheModule Slow response from upstream service
00000680 2026-05-30T01:51:41.382742500Z [INFO] NetModule Request processed in 42 ms
00000681 2026-05-30T01:51:41.415742500Z [DEBUG] NetModule Variable x = 67
00000682 2026-05-30T01:51:41.400742500Z [DEBUG] CoreModule Lock acquired on resource pool
00000683 2026-05-30T01:51:41.435742500Z [INFO] DbModule Configuration loaded from disk
00000684 2026-05-30T01:51:41.470742500Z [INFO] CacheModule Request processed in 42 ms
00000685 2026-05-30T01:51:41.531742500Z [DEBUG] DbModule Trace: stack depth = 1488
00000686 2026-05-30T01:51:41.550742500Z [INFO] DbModule Request processed in 42 ms
00000687 2026-05-30T01:51:41.607742500Z [WARNING] CoreModule High memory usage detected (85%)
00000688 2026-05-30T01:51:41.658742500Z [DEBUG] ApiModule Garbage collection triggered
00000689 2026-05-30T01:51:41.721742500Z [INFO] AuthModule Configuration loaded from disk
00000690 2026-05-30T01:51:41.773742500Z [INFO] ApiModule Request processed in 42 ms
00000691 2026-05-30T01:51:41.785742500Z [DEBUG] AuthModule Lock acquired on resource pool
00000692 2026-05-30T01:51:41.841742500Z [DEBUG] DbModule Entering method handleRequest()
00000693 2026-05-30T01:51:41.859742500Z [WARNING] CoreModule Slow response from upstream service
00000694 2026-05-30T01:51:41.872742500Z [WARNING] UiModule Slow response from upstream service
00000695 2026-05-30T01:51:41.897742500Z [INFO] AuthModule Background task started
00000696 2026-05-30T01:51:41.920742500Z [DEBUG] AuthModule Lock acquired on resource pool
00000697 2026-05-30T01:51:41.971742500Z [INFO] CacheModule Connection established to upstream
00000698 2026-05-30T01:51:41.993742500Z [DEBUG] CacheModule Lock acquired on resource pool
00000699 2026-05-30T01:51:42.065742500Z [INFO] UiModule Configuration loaded from disk
00000700 2026-05-30T01:51:42.151742500Z [DEBUG] ApiModule Variable x = 67
00000701 2026-05-30T01:51:42.157742500Z [DEBUG] ApiModule Lock acquired on resource pool
00000702 2026-05-30T01:51:42.207742500Z [INFO] CacheModule Request processed in 42 ms
00000703 2026-05-30T01:51:42.247742500Z [INFO] NetModule Request processed in 42 ms
00000704 2026-05-30T01:51:42.273742500Z [DEBUG] CoreModule Trace: stack depth = 1488
00000705 2026-05-30T01:51:42.250742500Z [INFO] ApiModule Connection established to upstream
00000706 2026-05-30T01:51:42.320742500Z [DEBUG] ApiModule Entering method handleRequest()
00000707 2026-05-30T01:51:42.330742500Z [WARNING] CoreModule High memory usage detected (85%)
00000708 2026-05-30T01:51:42.442742500Z [ERROR] DbModule Connection timeout to database
00000709 2026-05-30T01:51:42.453742500Z [INFO] CacheModule User logged in successfully
00000710 2026-05-30T01:51:42.463742500Z [DEBUG] ApiModule Entering method handleRequest()
00000711 2026-05-30T01:51:42.552742500Z [INFO] ApiModule Configuration loaded from disk
00000712 2026-05-30T01:51:42.503742500Z [DEBUG] CacheModule Lock acquired on resource pool
00000713 2026-05-30T01:51:42.589742500Z [INFO] CoreModule Configuration loaded from disk
00000714 2026-05-30T01:51:42.590742500Z [INFO] UiModule Cache hit ratio: 0.85
00000715 2026-05-30T01:51:42.701742500Z [INFO] UiModule Configuration loaded from disk
00000716 2026-05-30T01:51:42.657742500Z [DEBUG] ApiModule Trace: stack depth = 1488
00000717 2026-05-30T01:51:42.700742500Z [INFO] AuthModule Cache hit ratio: 0.85
00000718 2026-05-30T01:51:42.743742500Z [DEBUG] UiModule Entering method handleRequest()
00000719 2026-05-30T01:51:42.797742500Z [WARNING] UiModule Retry attempt 2 of 3
00000720 2026-05-30T01:51:42.819742500Z [INFO] NetModule Request processed in 42 ms
00000721 2026-05-30T01:51:42.881742500Z [WARNING] CacheModule Deprecated API endpoint used
00000722 2026-05-30T01:51:42.898742500Z [INFO] AuthModule Cache hit ratio: 0.85
00000723 2026-05-30T01:51:42.921742500Z [WARNING] AuthModule Deprecated API endpoint used
00000724 2026-05-30T01:51:42.955742500Z [ERROR] AuthModule Authorization rejected for user
00000725 2026-05-30T01:51:43.066742500Z [INFO] ApiModule Request processed in 42 ms
00000726 2026-05-30T01:51:43.021742500Z [ERROR] CoreModule Connection timeout to database
00000727 2026-05-30T01:51:43.097742500Z [INFO] NetModule Configuration loaded from disk
00000728 2026-05-30T01:51:43.133742500Z [WARNING] CoreModule High memory usage detected (85%)
00000729 2026-05-30T01:51:43.141742500Z [DEBUG] ApiModule Lock acquired on resource pool
00000730 2026-05-30T01:51:43.194742500Z [INFO] DbModule Connection established to upstream
00000731 2026-05-30T01:51:43.222742500Z [DEBUG] CoreModule Garbage collection triggered
00000732 2026-05-30T01:51:43.270742500Z [INFO] CacheModule Connection established to upstream
00000733 2026-05-30T01:51:43.326742500Z [WARNING] ApiModule Slow response from upstream service
00000734 2026-05-30T01:51:43.368742500Z [ERROR] NetModule Null pointer in handler
00000735 2026-05-30T01:51:43.393742500Z [CRITICAL] AuthModule Disk full, cannot continue
00000736 2026-05-30T01:51:43.453742500Z [DEBUG] CacheModule Garbage collection triggered
00000737 2026-05-30T01:51:43.518742500Z [DEBUG] NetModule Variable x = 67
00000738 2026-05-30T01:51:43.536742500Z [INFO] AuthModule Cache hit ratio: 0.85
00000739 2026-05-30T01:51:43.509742500Z [INFO] AuthModule User logged in successfully
00000740 2026-05-30T01:51:43.608742500Z [CRITICAL] UiModule Out of memory, shutting down
00000741 2026-05-30T01:51:43.588742500Z [WARNING] AuthModule High memory usage detected (85%)
00000742 2026-05-30T01:51:43.679742500Z [INFO] AuthModule Request processed in 42 ms
00000743 2026-05-30T01:51:43.716742500Z [INFO] ApiModule Cache hit ratio: 0.85
00000744 2026-05-30T01:51:43.742742500Z [INFO] CacheModule Configuration loaded from disk
00000745 2026-05-30T01:51:43.743742500Z [DEBUG] ApiModule Variable x = 67
00000746 2026-05-30T01:51:43.766742500Z [DEBUG] ApiModule Trace: stack depth = 1488
00000747 2026-05-30T01:51:43.829742500Z [INFO] NetModule Configuration loaded from disk
00000748 2026-05-30T01:51:43.898742500Z [WARNING] ApiModule High memory usage detected (85%)
00000749 2026-05-30T01:51:43.896742500Z [WARNING] AuthModule Deprecated API endpoint used
00000750 2026-05-30T01:51:43.967742500Z [INFO] DbModule Cache hit ratio: 0.85
00000751 2026-05-30T01:51:44.026742500Z [DEBUG] CacheModule Variable x = 67
00000752 2026-05-30T01:51:44.022742500Z [WARNING] CacheModule High memory usage detected (85%)
00000753 2026-05-30T01:51:44.036742500Z [INFO] CacheModule Background task started
00000754 2026-05-30T01:51:44.090742500Z [INFO] CoreModule Configuration loaded from disk
00000755 2026-05-30T01:51:44.106742500Z [INFO] CacheModule User logged in successfully
00000756 2026-05-30T01:51:44.180742500Z [ERROR] ApiModule Failed to parse JSON payload
00000757 2026-05-30T01:51:44.180742500Z [INFO] CacheModule Connection established to upstream
00000758 2026-05-30T01:51:44.233742500Z [CRITICAL] UiModule Unrecoverable error in main loop
00000759 2026-05-30T01:51:44.312742500Z [DEBUG] CoreModule Entering method handleRequest()
00000760 2026-05-30T01:51:44.300742500Z [INFO] AuthModule Request processed in 42 ms
00000761 2026-05-30T01:51:44.314742500Z [INFO] ApiModule Request processed in 42 ms
00000762 2026-05-30T01:51:44.377742500Z [WARNING] ApiModule Deprecated API endpoint used
00000763 2026-05-30T01:51:44.429742500Z [ERROR] NetModule Connection timeout to database
00000764 2026-05-30T01:51:44.446742500Z [ERROR] AuthModule File not found: config.yaml
00000765 2026-05-30T01:51:44.525742500Z [DEBUG] NetModule Lock acquired on resource pool
00000766 2026-05-30T01:51:44.595742500Z [CRITICAL] NetModule Unrecoverable error in main loop
00000767 2026-05-30T01:51:44.601742500Z [INFO] CacheModule Cache hit ratio: 0.85
00000768 2026-05-30T01:51:44.575742500Z [WARNING] CacheModule Slow response from upstream service
00000769 2026-05-30T01:51:44.628742500Z [DEBUG] CacheModule Garbage collection triggered
00000770 2026-05-30T01:51:44.671742500Z [ERROR] AuthModule Connection timeout to database
00000771 2026-05-30T01:51:44.742742500Z [WARNING] CoreModule Retry attempt 2 of 3
00000772 2026-05-30T01:51:44.816742500Z [DEBUG] CoreModule Garbage collection triggered
00000773 2026-05-30T01:51:44.841742500Z [INFO] NetModule Request processed in 42 ms
00000774 2026-05-30T01:51:44.886742500Z [INFO] NetModule User logged in successfully
00000775 2026-05-30T01:51:44.898742500Z [ERROR] AuthModule File not found: config.yaml
00000776 2026-05-30T01:51:44.941742500Z [ERROR] ApiModule Null pointer in handler
00000777 2026-05-30T01:51:44.974742500Z [INFO] CoreModule User logged in successfully
00000778 2026-05-30T01:51:45.016742500Z [DEBUG] NetModule Garbage collection triggered
00000779 2026-05-30T01:51:45.035742500Z [INFO] CoreModule Configuration loaded from disk
00000780 2026-05-30T01:51:45.066742500Z [INFO] ApiModule Configuration loaded from disk
00000781 2026-05-30T01:51:45.119742500Z [INFO] CoreModule Request processed in 42 ms
00000782 2026-05-30T01:51:45.126742500Z [DEBUG] CoreModule Entering method handleRequest()
00000783 2026-05-30T01:51:45.134742500Z [INFO] CacheModule Request processed in 42 ms
00000784 2026-05-30T01:51:45.256742500Z [INFO] NetModule User logged in successfully
00000785 2026-05-30T01:51:45.229742500Z [CRITICAL] CoreModule Out of memory, shutting down
00000786 2026-05-30T01:51:45.288742500Z [INFO] CacheModule Background task started
00000787 2026-05-30T01:51:45.347742500Z [WARNING] AuthModule Deprecated API endpoint used
00000788 2026-05-30T01:51:45.352742500Z [INFO] DbModule Background task started
00000789 2026-05-30T01:51:45.396742500Z [WARNING] CacheModule Retry attempt 2 of 3
00000790 2026-05-30T01:51:45.463742500Z [DEBUG] UiModule Lock acquired on resource pool
00000791 2026-05-30T01:51:45.477742500Z [INFO] CacheModule Connection established to upstream
00000792 2026-05-30T01:51:45.553742500Z [DEBUG] CoreModule Entering method handleRequest()
00000793 2026-05-30T01:51:45.593742500Z [ERROR] CoreModule Authorization rejected for user
00000794 2026-05-30T01:51:45.607742500Z [DEBUG] NetModule Variable x = 67
00000795 2026-05-30T01:51:45.663742500Z [INFO] CoreModule User logged in successfully
00000796 2026-05-30T01:51:45.662742500Z [INFO] AuthModule Connection established to upstream
00000797 2026-05-30T01:51:45.651742500Z [INFO] CoreModule Connection established to upstream
00000798 2026-05-30T01:51:45.704742500Z [INFO] UiModule Configuration loaded from disk
00000799 2026-05-30T01:51:45.728742500Z [DEBUG] UiModule Trace: stack depth = 1488
00000800 2026-05-30T01:51:45.784742500Z [INFO] CoreModule User logged in successfully
00000801 2026-05-30T01:51:45.888742500Z [WARNING] ApiModule Deprecated API endpoint used
00000802 2026-05-30T01:51:45.893742500Z [INFO] NetModule Background task started
00000803 2026-05-30T01:51:45.881742500Z [ERROR] CoreModule Failed to parse JSON payload
00000804 2026-05-30T01:51:45.991742500Z [DEBUG] NetModule Variable x = 67
00000805 2026-05-30T01:51:45.984742500Z [INFO] CacheModule Cache hit ratio: 0.85
00000806 2026-05-30T01:51:46.011742500Z [INFO] DbModule Background task started
00000807 2026-05-30T01:51:46.054742500Z [ERROR] NetModule Null pointer in handler
00000808 2026-05-30T01:51:46.081742500Z [DEBUG] ApiModule Entering method handleRequest()
00000809 2026-05-30T01:51:46.093742500Z [WARNING] CoreModule Retry attempt 2 of 3
00000810 2026-05-30T01:51:46.149742500Z [INFO] UiModule Request processed in 42 ms
00000811 2026-05-30T01:51:46.161742500Z [ERROR] UiModule File not found: config.yaml
00000812 2026-05-30T01:51:46.293742500Z [INFO] CacheModule Connection established to upstream
00000813 2026-05-30T01:51:46.280742500Z [INFO] AuthModule Connection established to upstream
00000814 2026-05-30T01:51:46.335742500Z [INFO] CoreModule Cache hit ratio: 0.85
00000815 2026-05-30T01:51:46.316742500Z [INFO] DbModule Background task started
00000816 2026-05-30T01:51:46.380742500Z [WARNING] CacheModule Slow response from upstream service
00000817 2026-05-30T01:51:46.425742500Z [DEBUG] NetModule Variable x = 67
00000818 2026-05-30T01:51:46.453742500Z [INFO] NetModule Cache hit ratio: 0.85
00000819 2026-05-30T01:51:46.497742500Z [DEBUG] UiModule Variable x = 67
00000820 2026-05-30T01:51:46.570742500Z [DEBUG] CoreModule Lock acquired on resource pool
00000821 2026-05-30T01:51:46.618742500Z [DEBUG] ApiModule Variable x = 67
00000822 2026-05-30T01:51:46.651742500Z [INFO] CacheModule Request processed in 42 ms
00000823 2026-05-30T01:51:46.645742500Z [DEBUG] CoreModule Lock acquired on resource pool
00000824 2026-05-30T01:51:46.741742500Z [DEBUG] CoreModule Entering method handleRequest()
00000825 2026-05-30T01:51:46.730742500Z [DEBUG] AuthModule Variable x = 67
00000826 2026-05-30T01:51:46.807742500Z [CRITICAL] ApiModule Unrecoverable error in main loop
00000827 2026-05-30T01:51:46.836742500Z [WARNING] CacheModule Deprecated API endpoint used
00000828 2026-05-30T01:51:46.823742500Z [DEBUG] ApiModule Lock acquired on resource pool
00000829 2026-05-30T01:51:46.847742500Z [INFO] AuthModule Background task started
00000830 2026-05-30T01:51:46.956742500Z [INFO] DbModule Request processed in 42 ms
00000831 2026-05-30T01:51:46.945742500Z [ERROR] ApiModule Connection timeout to database
00000832 2026-05-30T01:51:46.972742500Z [ERROR] DbModule Failed to parse JSON payload
00000833 2026-05-30T01:51:47.068742500Z [INFO] DbModule Background task started
00000834 2026-05-30T01:51:47.073742500Z [DEBUG] DbModule Garbage collection triggered
00000835 2026-05-30T01:51:47.143742500Z [INFO] DbModule User logged in successfully
00000836 2026-05-30T01:51:47.097742500Z [INFO] ApiModule Request processed in 42 ms
00000837 2026-05-30T01:51:47.166742500Z [DEBUG] ApiModule Garbage collection triggered
00000838 2026-05-30T01:51:47.207742500Z [DEBUG] AuthModule Garbage collection triggered
00000839 2026-05-30T01:51:47.261742500Z [WARNING] UiModule Deprecated API endpoint used
00000840 2026-05-30T01:51:47.236742500Z [INFO] DbModule Configuration loaded from disk
00000841 2026-05-30T01:51:47.329742500Z [INFO] NetModule Background task started
00000842 2026-05-30T01:51:47.381742500Z [INFO] CoreModule Request processed in 42 ms
00000843 2026-05-30T01:51:47.444742500Z [DEBUG] ApiModule Variable x = 67
00000844 2026-05-30T01:51:47.402742500Z [INFO] CacheModule User logged in successfully
00000845 2026-05-30T01:51:47.472742500Z [INFO] ApiModule Background task started
00000846 2026-05-30T01:51:47.458742500Z [INFO] CacheModule Connection established to upstream
00000847 2026-05-30T01:51:47.500742500Z [INFO] AuthModule Cache hit ratio: 0.85
00000848 2026-05-30T01:51:47.535742500Z [DEBUG] AuthModule Garbage collection triggered
00000849 2026-05-30T01:51:47.584742500Z [INFO] UiModule Connection established to upstream
00000850 2026-05-30T01:51:47.644742500Z [INFO] CoreModule Cache hit ratio: 0.85
00000851 2026-05-30T01:51:47.643742500Z [WARNING] AuthModule Slow response from upstream service
00000852 2026-05-30T01:51:47.747742500Z [ERROR] ApiModule File not found: config.yaml
00000853 2026-05-30T01:51:47.768742500Z [DEBUG] ApiModule Lock acquired on resource pool
00000854 2026-05-30T01:51:47.766742500Z [INFO] UiModule User logged in successfully
00000855 2026-05-30T01:51:47.799742500Z [INFO] NetModule Configuration loaded from disk
00000856 2026-05-30T01:51:47.915742500Z [ERROR] AuthModule Authorization rejected for user
00000857 2026-05-30T01:51:47.934742500Z [WARNING] CacheModule High memory usage detected (85%)
00000858 2026-05-30T01:51:47.910742500Z [INFO] CoreModule Cache hit ratio: 0.85
00000859 2026-05-30T01:51:47.963742500Z [INFO] UiModule Request processed in 42 ms
00000860 2026-05-30T01:51:48.064742500Z [INFO] UiModule Configuration loaded from disk
00000861 2026-05-30T01:51:48.022742500Z [INFO] DbModule Configuration loaded from disk
00000862 2026-05-30T01:51:48.071742500Z [ERROR] AuthModule Authorization rejected for user
00000863 2026-05-30T01:51:48.117742500Z [DEBUG] CacheModule Trace: stack depth = 1488
00000864 2026-05-30T01:51:48.130742500Z [INFO] ApiModule Request processed in 42 ms
00000865 2026-05-30T01:51:48.257742500Z [DEBUG] AuthModule Variable x = 67
00000866 2026-05-30T01:51:48.239742500Z [INFO] CacheModule Background task started
00000867 2026-05-30T01:51:48.284742500Z [INFO] UiModule Connection established to upstream
00000868 2026-05-30T01:51:48.276742500Z [DEBUG] CoreModule Entering method handleRequest()
00000869 2026-05-30T01:51:48.347742500Z [WARNING] UiModule Retry attempt 2 of 3
00000870 2026-05-30T01:51:48.401742500Z [WARNING] CacheModule Slow response from upstream service
00000871 2026-05-30T01:51:48.442742500Z [DEBUG] DbModule Trace: stack depth = 1488
00000872 2026-05-30T01:51:48.458742500Z [ERROR] CacheModule Failed to parse JSON payload
00000873 2026-05-30T01:51:48.517742500Z [INFO] CacheModule Connection established to upstream
00000874 2026-05-30T01:51:48.579742500Z [INFO] ApiModule Cache hit ratio: 0.85
00000875 2026-05-30T01:51:48.590742500Z [DEBUG] CacheModule Trace: stack depth = 1488
00000876 2026-05-30T01:51:48.609742500Z [WARNING] NetModule Deprecated API endpoint used
00000877 2026-05-30T01:51:48.686742500Z [INFO] AuthModule Configuration loaded from disk
00000878 2026-05-30T01:51:48.664742500Z [DEBUG] DbModule Lock acquired on resource pool
00000879 2026-05-30T01:51:48.719742500Z [DEBUG] CacheModule Variable x = 67
00000880 2026-05-30T01:51:48.724742500Z [WARNING] AuthModule Slow response from upstream service
00000881 2026-05-30T01:51:48.832742500Z [INFO] NetModule Configuration loaded from disk
00000882 2026-05-30T01:51:48.830742500Z [DEBUG] CacheModule Garbage collection triggered
00000883 2026-05-30T01:51:48.914742500Z [INFO] ApiModule Request processed in 42 ms
00000884 2026-05-30T01:51:48.894742500Z [DEBUG] UiModule Entering method handleRequest()
00000885 2026-05-30T01:51:48.959742500Z [INFO] AuthModule Background task started
00000886 2026-05-30T01:51:48.944742500Z [INFO] ApiModule Connection established to upstream
00000887 2026-05-30T01:51:48.979742500Z [ERROR] NetModule Authorization rejected for user
00000888 2026-05-30T01:51:49.040742500Z [INFO] UiModule User logged in successfully
00000889 2026-05-30T01:51:49.101742500Z [INFO] CacheModule Configuration loaded from disk
00000890 2026-05-30T01:51:49.148742500Z [INFO] CacheModule Request processed in 42 ms
00000891 2026-05-30T01:51:49.192742500Z [INFO] CacheModule Request processed in 42 ms
00000892 2026-05-30T01:51:49.174742500Z [WARNING] AuthModule Retry attempt 2 of 3
00000893 2026-05-30T01:51:49.219742500Z [DEBUG] CacheModule Variable x = 67
00000894 2026-05-30T01:51:49.308742500Z [INFO] ApiModule Background task started
00000895 2026-05-30T01:51:49.367742500Z [INFO] NetModule Background task started
00000896 2026-05-30T01:51:49.390742500Z [DEBUG] DbModule Garbage collection triggered
00000897 2026-05-30T01:51:49.361742500Z [INFO] ApiModule Background task started
00000898 2026-05-30T01:51:49.472742500Z [INFO] DbModule Background task started
00000899 2026-05-30T01:51:49.511742500Z [INFO] UiModule Cache hit ratio: 0.85
00000900 2026-05-30T01:51:49.503742500Z [WARNING] UiModule Retry attempt 2 of 3
00000901 2026-05-30T01:51:49.518742500Z [WARNING] AuthModule Slow response from upstream service
00000902 2026-05-30T01:51:49.590742500Z [CRITICAL] CacheModule Kernel panic in subsystem
00000903 2026-05-30T01:51:49.586742500Z [INFO] CacheModule User logged in successfully
00000904 2026-05-30T01:51:49.622742500Z [INFO] DbModule Background task started
00000905 2026-05-30T01:51:49.702742500Z [WARNING] DbModule High memory usage detected (85%)
00000906 2026-05-30T01:51:49.768742500Z [ERROR] AuthModule Authorization rejected for user
00000907 2026-05-30T01:51:49.787742500Z [CRITICAL] CacheModule Unrecoverable error in main loop
00000908 2026-05-30T01:51:49.827742500Z [CRITICAL] ApiModule Unrecoverable error in main loop
00000909 2026-05-30T01:51:49.886742500Z [WARNING] AuthModule High memory usage detected (85%)
00000910 2026-05-30T01:51:49.856742500Z [ERROR] DbModule File not found: config.yaml
00000911 2026-05-30T01:51:49.868742500Z [DEBUG] DbModule Lock acquired on resource pool
00000912 2026-05-30T01:51:49.964742500Z [ERROR] CoreModule File not found: config.yaml
00000913 2026-05-30T01:51:50.032742500Z [DEBUG] UiModule Lock acquired on resource pool
00000914 2026-05-30T01:51:50.030742500Z [INFO] CoreModule Connection established to upstream
00000915 2026-05-30T01:51:50.105742500Z [ERROR] UiModule Authorization rejected for user
00000916 2026-05-30T01:51:50.131742500Z [INFO] UiModule User logged in successfully
00000917 2026-05-30T01:51:50.173742500Z [INFO] UiModule Configuration loaded from disk
00000918 2026-05-30T01:51:50.144742500Z [INFO] ApiModule Configuration loaded from disk
00000919 2026-05-30T01:51:50.206742500Z [DEBUG] CoreModule Trace: stack depth = 1488
00000920 2026-05-30T01:51:50.224742500Z [WARNING] NetModule Slow response from upstream service
00000921 2026-05-30T01:51:50.326742500Z [ERROR] CoreModule File not found: config.yaml
00000922 2026-05-30T01:51:50.351742500Z [INFO] UiModule Connection established to upstream
00000923 2026-05-30T01:51:50.360742500Z [WARNING] UiModule Deprecated API endpoint used
00000924 2026-05-30T01:51:50.416742500Z [DEBUG] UiModule Trace: stack depth = 1488
00000925 2026-05-30T01:51:50.387742500Z [DEBUG] CacheModule Garbage collection triggered
00000926 2026-05-30T01:51:50.472742500Z [CRITICAL] ApiModule Unrecoverable error in main loop
00000927 2026-05-30T01:51:50.500742500Z [DEBUG] ApiModule Garbage collection triggered
00000928 2026-05-30T01:51:50.565742500Z [DEBUG] UiModule Lock acquired on resource pool
00000929 2026-05-30T01:51:50.592742500Z [ERROR] NetModule Null pointer in handler
00000930 2026-05-30T01:51:50.600742500Z [INFO] NetModule Cache hit ratio: 0.85
00000931 2026-05-30T01:51:50.664742500Z [WARNING] UiModule Deprecated API endpoint used
00000932 2026-05-30T01:51:50.672742500Z [WARNING] UiModule Deprecated API endpoint used
00000933 2026-05-30T01:51:50.763742500Z [DEBUG] AuthModule Variable x = 67
00000934 2026-05-30T01:51:50.789742500Z [INFO] ApiModule Cache hit ratio: 0.85
00000935 2026-05-30T01:51:50.816742500Z [WARNING] ApiModule Retry attempt 2 of 3
00000936 2026-05-30T01:51:50.833742500Z [ERROR] AuthModule Connection timeout to database
00000937 2026-05-30T01:51:50.875742500Z [INFO] DbModule Cache hit ratio: 0.85
00000938 2026-05-30T01:51:50.911742500Z [WARNING] CacheModule High memory usage detected (85%)
00000939 2026-05-30T01:51:50.930742500Z [DEBUG] CacheModule Trace: stack depth = 1488
00000940 2026-05-30T01:51:50.996742500Z [WARNING] CacheModule Retry attempt 2 of 3
00000941 2026-05-30T01:51:51.025742500Z [WARNING] CacheModule Slow response from upstream service
00000942 2026-05-30T01:51:51.083742500Z [INFO] CoreModule Configuration loaded from disk
00000943 2026-05-30T01:51:51.088742500Z [ERROR] CoreModule Connection timeout to database
00000944 2026-05-30T01:51:51.130742500Z [WARNING] CoreModule Retry attempt 2 of 3
00000945 2026-05-30T01:51:51.198742500Z [INFO] CacheModule User logged in successfully
00000946 2026-05-30T01:51:51.205742500Z [INFO] CacheModule Configuration loaded from disk
00000947 2026-05-30T01:51:51.250742500Z [DEBUG] DbModule Entering method handleRequest()
00000948 2026-05-30T01:51:51.320742500Z [DEBUG] UiModule Lock acquired on resource pool
00000949 2026-05-30T01:51:51.270742500Z [INFO] ApiModule Connection established to upstream
00000950 2026-05-30T01:51:51.378742500Z [INFO] NetModule Connection established to upstream
00000951 2026-05-30T01:51:51.388742500Z [WARNING] ApiModule High memory usage detected (85%)
00000952 2026-05-30T01:51:51.418742500Z [INFO] DbModule Background task started
00000953 2026-05-30T01:51:51.477742500Z [INFO] CacheModule Connection established to upstream
00000954 2026-05-30T01:51:51.546742500Z [INFO] UiModule Configuration loaded from disk
00000955 2026-05-30T01:51:51.578742500Z [INFO] UiModule Configuration loaded from disk
00000956 2026-05-30T01:51:51.551742500Z [INFO] CacheModule Background task started
00000957 2026-05-30T01:51:51.601742500Z [ERROR] CoreModule Failed to parse JSON payload
00000958 2026-05-30T01:51:51.698742500Z [DEBUG] NetModule Entering method handleRequest()
00000959 2026-05-30T01:51:51.667742500Z [INFO] ApiModule Connection established to upstream
00000960 2026-05-30T01:51:51.755742500Z [WARNING] CacheModule Deprecated API endpoint used
00000961 2026-05-30T01:51:51.713742500Z [INFO] UiModule Configuration loaded from disk
00000962 2026-05-30T01:51:51.790742500Z [DEBUG] ApiModule Lock acquired on resource pool
00000963 2026-05-30T01:51:51.876742500Z [ERROR] UiModule File not found: config.yaml
00000964 2026-05-30T01:51:51.895742500Z [INFO] AuthModule Background task started
00000965 2026-05-30T01:51:51.939742500Z [INFO] CoreModule Request processed in 42 ms
00000966 2026-05-30T01:51:51.919742500Z [DEBUG] NetModule Variable x = 67
00000967 2026-05-30T01:51:51.965742500Z [WARNING] CacheModule High memory usage detected (85%)
00000968 2026-05-30T01:51:52.058742500Z [INFO] DbModule Background task started
00000969 2026-05-30T01:51:52.077742500Z [INFO] ApiModule Configuration loaded from disk
00000970 2026-05-30T01:51:52.064742500Z [DEBUG] UiModule Trace: stack depth = 1488
00000971 2026-05-30T01:51:52.096742500Z [DEBUG] DbModule Garbage collection triggered
00000972 2026-05-30T01:51:52.139742500Z [ERROR] NetModule Failed to parse JSON payload
00000973 2026-05-30T01:51:52.167742500Z [INFO] ApiModule User logged in successfully
00000974 2026-05-30T01:51:52.277742500Z [DEBUG] DbModule Garbage collection triggered
00000975 2026-05-30T01:51:52.327742500Z [INFO] CacheModule Cache hit ratio: 0.85
00000976 2026-05-30T01:51:52.355742500Z [INFO] ApiModule User logged in successfully
00000977 2026-05-30T01:51:52.326742500Z [WARNING] DbModule High memory usage detected (85%)
00000978 2026-05-30T01:51:52.402742500Z [INFO] DbModule Request processed in 42 ms
00000979 2026-05-30T01:51:52.437742500Z [DEBUG] CacheModule Variable x = 67
00000980 2026-05-30T01:51:52.458742500Z [INFO] UiModule Cache hit ratio: 0.85
00000981 2026-05-30T01:51:52.465742500Z [DEBUG] CacheModule Garbage collection triggered
00000982 2026-05-30T01:51:52.527742500Z [WARNING] ApiModule Retry attempt 2 of 3
00000983 2026-05-30T01:51:52.604742500Z [DEBUG] CoreModule Garbage collection triggered
00000984 2026-05-30T01:51:52.570742500Z [INFO] ApiModule Configuration loaded from disk
00000985 2026-05-30T01:51:52.623742500Z [DEBUG] CoreModule Trace: stack depth = 1488
00000986 2026-05-30T01:51:52.647742500Z [INFO] DbModule Cache hit ratio: 0.85
00000987 2026-05-30T01:51:52.691742500Z [DEBUG] ApiModule Trace: stack depth = 1488
00000988 2026-05-30T01:51:52.794742500Z [ERROR] CoreModule Failed to parse JSON payload
00000989 2026-05-30T01:51:52.782742500Z [DEBUG] AuthModule Trace: stack depth = 1488
00000990 2026-05-30T01:51:52.811742500Z [ERROR] NetModule Failed to parse JSON payload
00000991 2026-05-30T01:51:52.845742500Z [WARNING] DbModule High memory usage detected (85%)
00000992 2026-05-30T01:51:52.935742500Z [INFO] NetModule Connection established to upstream
00000993 2026-05-30T01:51:52.941742500Z [DEBUG] UiModule Variable x = 67
00000994 2026-05-30T01:51:52.950742500Z [INFO] DbModule Cache hit ratio: 0.85
00000995 2026-05-30T01:51:53.047742500Z [ERROR] NetModule Connection timeout to database
00000996 2026-05-30T01:51:53.049742500Z [INFO] UiModule User logged in successfully
00000997 2026-05-30T01:51:53.137742500Z [ERROR] CacheModule Null pointer in handler
00000998 2026-05-30T01:51:53.155742500Z [INFO] AuthModule Cache hit ratio: 0.85
00000999 2026-05-30T01:51:53.133742500Z [CRITICAL] DbModule Kernel panic in subsystem
00001000 2026-05-30T01:51:53.178742500Z [DEBUG] AuthModule Garbage collection triggered
00001001 2026-05-30T01:51:53.287742500Z [INFO] NetModule Request processed in 42 ms
00001002 2026-05-30T01:51:53.324742500Z [INFO] CacheModule Connection established to upstream
00001003 2026-05-30T01:51:53.304742500Z [DEBUG] NetModule Lock acquired on resource pool
00001004 2026-05-30T01:51:53.400742500Z [INFO] NetModule Connection established to upstream
00001005 2026-05-30T01:51:53.355742500Z [INFO] DbModule Connection established to upstream
00001006 2026-05-30T01:51:53.392742500Z [DEBUG] NetModule Variable x = 67
00001007 2026-05-30T01:51:53.464742500Z [DEBUG] CacheModule Lock acquired on resource pool
00001008 2026-05-30T01:51:53.519742500Z [WARNING] DbModule Retry attempt 2 of 3
00001009 2026-05-30T01:51:53.505742500Z [INFO] CacheModule Configuration loaded from disk
00001010 2026-05-30T01:51:53.562742500Z [WARNING] CacheModule Deprecated API endpoint used
00001011 2026-05-30T01:51:53.635742500Z [DEBUG] ApiModule Trace: stack depth = 1488
00001012 2026-05-30T01:51:53.635742500Z [DEBUG] DbModule Entering method handleRequest()
00001013 2026-05-30T01:51:53.647742500Z [DEBUG] AuthModule Garbage collection triggered
00001014 2026-05-30T01:51:53.719742500Z [DEBUG] CacheModule Entering method handleRequest()
00001015 2026-05-30T01:51:53.715742500Z [INFO] ApiModule Configuration loaded from disk
00001016 2026-05-30T01:51:53.809742500Z [INFO] ApiModule User logged in successfully
00001017 2026-05-30T01:51:53.788742500Z [DEBUG] AuthModule Garbage collection triggered
00001018 2026-05-30T01:51:53.846742500Z [INFO] CoreModule Request processed in 42 ms
00001019 2026-05-30T01:51:53.899742500Z [ERROR] ApiModule Connection timeout to database
00001020 2026-05-30T01:51:53.962742500Z [INFO] UiModule Connection established to upstream
00001021 2026-05-30T01:51:53.970742500Z [DEBUG] UiModule Lock acquired on resource pool
00001022 2026-05-30T01:51:54.058742500Z [INFO] CacheModule Background task started
00001023 2026-05-30T01:51:54.097742500Z [INFO] CacheModule Connection established to upstream
00001024 2026-05-30T01:51:54.098742500Z [INFO] CoreModule Request processed in 42 ms
00001025 2026-05-30T01:51:54.127742500Z [INFO] CoreModule Connection established to upstream
00001026 2026-05-30T01:51:54.169742500Z [INFO] UiModule Cache hit ratio: 0.85
00001027 2026-05-30T01:51:54.216742500Z [INFO] DbModule Cache hit ratio: 0.85
00001028 2026-05-30T01:51:54.221742500Z [DEBUG] ApiModule Lock acquired on resource pool
00001029 2026-05-30T01:51:54.310742500Z [DEBUG] ApiModule Garbage collection triggered
00001030 2026-05-30T01:51:54.282742500Z [DEBUG] UiModule Trace: stack depth = 1488
00001031 2026-05-30T01:51:54.374742500Z [INFO] CacheModule Request processed in 42 ms
00001032 2026-05-30T01:51:54.384742500Z [INFO] CacheModule Configuration loaded from disk
00001033 2026-05-30T01:51:54.426742500Z [DEBUG] NetModule Lock acquired on resource pool
00001034 2026-05-30T01:51:54.415742500Z [DEBUG] NetModule Entering method handleRequest()
00001035 2026-05-30T01:51:54.495742500Z [INFO] AuthModule Cache hit ratio: 0.85
00001036 2026-05-30T01:51:54.500742500Z [INFO] NetModule Connection established to upstream
00001037 2026-05-30T01:51:54.590742500Z [INFO] NetModule Configuration loaded from disk
00001038 2026-05-30T01:51:54.619742500Z [CRITICAL] CacheModule Disk full, cannot continue
00001039 2026-05-30T01:51:54.683742500Z [INFO] ApiModule Request processed in 42 ms
00001040 2026-05-30T01:51:54.692742500Z [WARNING] ApiModule High memory usage detected (85%)
00001041 2026-05-30T01:51:54.690742500Z [INFO] CoreModule User logged in successfully
00001042 2026-05-30T01:51:54.796742500Z [DEBUG] AuthModule Garbage collection triggered
00001043 2026-05-30T01:51:54.759742500Z [ERROR] DbModule Connection timeout to database
00001044 2026-05-30T01:51:54.823742500Z [DEBUG] DbModule Entering method handleRequest()
00001045 2026-05-30T01:51:54.851742500Z [DEBUG] AuthModule Variable x = 67
00001046 2026-05-30T01:51:54.877742500Z [DEBUG] UiModule Lock acquired on resource pool
00001047 2026-05-30T01:51:54.992742500Z [INFO] CacheModule Connection established to upstream
00001048 2026-05-30T01:51:54.999742500Z [DEBUG] CoreModule Trace: stack depth = 1488
00001049 2026-05-30T01:51:55.035742500Z [DEBUG] UiModule Variable x = 67
00001050 2026-05-30T01:51:55.024742500Z [INFO] ApiModule Connection established to upstream
00001051 2026-05-30T01:51:55.132742500Z [INFO] ApiModule Background task started
00001052 2026-05-30T01:51:55.158742500Z [ERROR] DbModule Null pointer in handler
00001053 2026-05-30T01:51:55.183742500Z [INFO] NetModule Configuration loaded from disk
00001054 2026-05-30T01:51:55.155742500Z [INFO] AuthModule User logged in successfully
00001055 2026-05-30T01:51:55.256742500Z [INFO] AuthModule Cache hit ratio: 0.85
00001056 2026-05-30T01:51:55.311742500Z [INFO] UiModule Configuration loaded from disk
00001057 2026-05-30T01:51:55.328742500Z [DEBUG] ApiModule Lock acquired on resource pool
00001058 2026-05-30T01:51:55.362742500Z [DEBUG] NetModule Trace: stack depth = 1488
00001059 2026-05-30T01:51:55.379742500Z [DEBUG] CoreModule Entering method handleRequest()
00001060 2026-05-30T01:51:55.452742500Z [INFO] NetModule Background task started
00001061 2026-05-30T01:51:55.494742500Z [INFO] CacheModule User logged in successfully
00001062 2026-05-30T01:51:55.467742500Z [DEBUG] ApiModule Entering method handleRequest()
00001063 2026-05-30T01:51:55.555742500Z [DEBUG] ApiModule Garbage collection triggered
00001064 2026-05-30T01:51:55.621742500Z [DEBUG] ApiModule Trace: stack depth = 1488
00001065 2026-05-30T01:51:55.589742500Z [DEBUG] NetModule Garbage collection triggered
00001066 2026-05-30T01:51:55.684742500Z [INFO] CacheModule Background task started
00001067 2026-05-30T01:51:55.692742500Z [DEBUG] CacheModule Lock acquired on resource pool
00001068 2026-05-30T01:51:55.719742500Z [INFO] DbModule Connection established to upstream
00001069 2026-05-30T01:51:55.739742500Z [INFO] ApiModule Configuration loaded from disk
00001070 2026-05-30T01:51:55.760742500Z [CRITICAL] CoreModule Kernel panic in subsystem
00001071 2026-05-30T01:51:55.837742500Z [DEBUG] ApiModule Garbage collection triggered
00001072 2026-05-30T01:51:55.893742500Z [INFO] UiModule Background task started
00001073 2026-05-30T01:51:55.874742500Z [INFO] ApiModule Request processed in 42 ms
00001074 2026-05-30T01:51:55.949742500Z [INFO] ApiModule Cache hit ratio: 0.85
00001075 2026-05-30T01:51:55.990742500Z [ERROR] CoreModule File not found: config.yaml
00001076 2026-05-30T01:51:56.017742500Z [INFO] CoreModule Background task started
00001077 2026-05-30T01:51:56.026742500Z [WARNING] ApiModule Deprecated API endpoint used
00001078 2026-05-30T01:51:56.077742500Z [INFO] CacheModule User logged in successfully
00001079 2026-05-30T01:51:56.131742500Z [WARNING] CacheModule Slow response from upstream service
00001080 2026-05-30T01:51:56.170742500Z [WARNING] CoreModule Deprecated API endpoint used
00001081 2026-05-30T01:51:56.180742500Z [ERROR] CoreModule Connection timeout to database
00001082 2026-05-30T01:51:56.228742500Z [WARNING] ApiModule High memory usage detected (85%)
00001083 2026-05-30T01:51:56.269742500Z [WARNING] CacheModule High memory usage detected (85%)
00001084 2026-05-30T01:51:56.279742500Z [DEBUG] DbModule Entering method handleRequest()
00001085 2026-05-30T01:51:56.360742500Z [CRITICAL] ApiModule Disk full, cannot continue
00001086 2026-05-30T01:51:56.396742500Z [INFO] CoreModule Configuration loaded from disk
00001087 2026-05-30T01:51:56.429742500Z [DEBUG] UiModule Garbage collection triggered
00001088 2026-05-30T01:51:56.498742500Z [WARNING] CacheModule High memory usage detected (85%)
00001089 2026-05-30T01:51:56.467742500Z [DEBUG] DbModule Entering method handleRequest()
00001090 2026-05-30T01:51:56.570742500Z [DEBUG] CacheModule Trace: stack depth = 1488
00001091 2026-05-30T01:51:56.610742500Z [INFO] CoreModule Request processed in 42 ms
00001092 2026-05-30T01:51:56.582742500Z [ERROR] DbModule File not found: config.yaml
00001093 2026-05-30T01:51:56.616742500Z [DEBUG] CoreModule Lock acquired on resource pool
00001094 2026-05-30T01:51:56.683742500Z [INFO] UiModule Cache hit ratio: 0.85
00001095 2026-05-30T01:51:56.734742500Z [ERROR] UiModule Failed to parse JSON payload
00001096 2026-05-30T01:51:56.780742500Z [INFO] CacheModule Background task started
00001097 2026-05-30T01:51:56.757742500Z [INFO] UiModule User logged in successfully
00001098 2026-05-30T01:51:56.808742500Z [DEBUG] AuthModule Garbage collection triggered
00001099 2026-05-30T01:51:56.880742500Z [WARNING] UiModule Deprecated API endpoint used
00001100 2026-05-30T01:51:56.900742500Z [DEBUG] DbModule Entering method handleRequest()
00001101 2026-05-30T01:51:56.914742500Z [DEBUG] ApiModule Lock acquired on resource pool
00001102 2026-05-30T01:51:56.931742500Z [INFO] DbModule Cache hit ratio: 0.85
00001103 2026-05-30T01:51:56.974742500Z [INFO] DbModule User logged in successfully
00001104 2026-05-30T01:51:57.067742500Z [INFO] ApiModule Connection established to upstream
00001105 2026-05-30T01:51:57.061742500Z [ERROR] CoreModule Connection timeout to database
00001106 2026-05-30T01:51:57.080742500Z [INFO] AuthModule Cache hit ratio: 0.85
00001107 2026-05-30T01:51:57.199742500Z [INFO] CoreModule Connection established to upstream
00001108 2026-05-30T01:51:57.186742500Z [DEBUG] ApiModule Lock acquired on resource pool
00001109 2026-05-30T01:51:57.251742500Z [INFO] AuthModule Connection established to upstream
00001110 2026-05-30T01:51:57.276742500Z [ERROR] ApiModule Connection timeout to database
00001111 2026-05-30T01:51:57.277742500Z [DEBUG] NetModule Lock acquired on resource pool
00001112 2026-05-30T01:51:57.341742500Z [INFO] UiModule Configuration loaded from disk
00001113 2026-05-30T01:51:57.368742500Z [INFO] ApiModule Connection established to upstream
00001114 2026-05-30T01:51:57.379742500Z [INFO] DbModule User logged in successfully
00001115 2026-05-30T01:51:57.508742500Z [INFO] DbModule Configuration loaded from disk
00001116 2026-05-30T01:51:57.504742500Z [INFO] CoreModule Background task started
00001117 2026-05-30T01:51:57.554742500Z [DEBUG] CoreModule Lock acquired on resource pool
00001118 2026-05-30T01:51:57.574742500Z [INFO] ApiModule Connection established to upstream
00001119 2026-05-30T01:51:57.629742500Z [DEBUG] CoreModule Trace: stack depth = 1488
00001120 2026-05-30T01:51:57.644742500Z [INFO] ApiModule Request processed in 42 ms
00001121 2026-05-30T01:51:57.712742500Z [INFO] NetModule User logged in successfully
00001122 2026-05-30T01:51:57.705742500Z [INFO] ApiModule Background task started
00001123 2026-05-30T01:51:57.734742500Z [INFO] ApiModule Request processed in 42 ms
00001124 2026-05-30T01:51:57.789742500Z [INFO] NetModule Background task started
00001125 2026-05-30T01:51:57.780742500Z [DEBUG] AuthModule Entering method handleRequest()
00001126 2026-05-30T01:51:57.877742500Z [DEBUG] ApiModule Garbage collection triggered
00001127 2026-05-30T01:51:57.871742500Z [ERROR] DbModule Null pointer in handler
00001128 2026-05-30T01:51:57.950742500Z [INFO] DbModule Configuration loaded from disk
00001129 2026-05-30T01:51:58.025742500Z [INFO] UiModule User logged in successfully
00001130 2026-05-30T01:51:58.026742500Z [INFO] UiModule Connection established to upstream
00001131 2026-05-30T01:51:58.026742500Z [INFO] UiModule User logged in successfully
00001132 2026-05-30T01:51:58.043742500Z [DEBUG] AuthModule Trace: stack depth = 1488
00001133 2026-05-30T01:51:58.088742500Z [INFO] CacheModule Request processed in 42 ms
00001134 2026-05-30T01:51:58.117742500Z [DEBUG] DbModule Trace: stack depth = 1488
00001135 2026-05-30T01:51:58.149742500Z [WARNING] NetModule High memory usage detected (85%)
00001136 2026-05-30T01:51:58.249742500Z [DEBUG] CacheModule Garbage collection triggered
00001137 2026-05-30T01:51:58.226742500Z [ERROR] ApiModule Null pointer in handler
00001138 2026-05-30T01:51:58.322742500Z [INFO] CoreModule Configuration loaded from disk
00001139 2026-05-30T01:51:58.367742500Z [WARNING] CoreModule Deprecated API endpoint used
00001140 2026-05-30T01:51:58.365742500Z [DEBUG] CoreModule Variable x = 67
00001141 2026-05-30T01:51:58.419742500Z [DEBUG] CoreModule Garbage collection triggered
00001142 2026-05-30T01:51:58.470742500Z [DEBUG] CacheModule Trace: stack depth = 1488
00001143 2026-05-30T01:51:58.490742500Z [ERROR] AuthModule Authorization rejected for user
00001144 2026-05-30T01:51:58.530742500Z [ERROR] CoreModule Authorization rejected for user
00001145 2026-05-30T01:51:58.531742500Z [DEBUG] CacheModule Entering method handleRequest()
00001146 2026-05-30T01:51:58.612742500Z [INFO] AuthModule User logged in successfully
00001147 2026-05-30T01:51:58.629742500Z [INFO] ApiModule Request processed in 42 ms
00001148 2026-05-30T01:51:58.686742500Z [DEBUG] NetModule Variable x = 67
00001149 2026-05-30T01:51:58.676742500Z [DEBUG] NetModule Trace: stack depth = 1488
00001150 2026-05-30T01:51:58.751742500Z [DEBUG] AuthModule Lock acquired on resource pool
00001151 2026-05-30T01:51:58.787742500Z [WARNING] DbModule High memory usage detected (85%)
00001152 2026-05-30T01:51:58.785742500Z [INFO] CacheModule User logged in successfully
00001153 2026-05-30T01:51:58.848742500Z [INFO] DbModule Request processed in 42 ms
00001154 2026-05-30T01:51:58.934742500Z [INFO] ApiModule Background task started
00001155 2026-05-30T01:51:58.941742500Z [ERROR] DbModule File not found: config.yaml
00001156 2026-05-30T01:51:58.956742500Z [INFO] DbModule User logged in successfully
00001157 2026-05-30T01:51:58.979742500Z [INFO] AuthModule User logged in successfully
00001158 2026-05-30T01:51:59.038742500Z [INFO] DbModule Connection established to upstream
00001159 2026-05-30T01:51:59.107742500Z [INFO] NetModule Background task started
00001160 2026-05-30T01:51:59.154742500Z [INFO] CoreModule Request processed in 42 ms
00001161 2026-05-30T01:51:59.114742500Z [DEBUG] CacheModule Trace: stack depth = 1488
00001162 2026-05-30T01:51:59.242742500Z [DEBUG] CoreModule Trace: stack depth = 1488
00001163 2026-05-30T01:51:59.186742500Z [WARNING] NetModule Deprecated API endpoint used
00001164 2026-05-30T01:51:59.301742500Z [DEBUG] CoreModule Lock acquired on resource pool
00001165 2026-05-30T01:51:59.321742500Z [WARNING] AuthModule Deprecated API endpoint used
00001166 2026-05-30T01:51:59.349742500Z [DEBUG] CoreModule Trace: stack depth = 1488
00001167 2026-05-30T01:51:59.402742500Z [INFO] AuthModule Configuration loaded from disk
00001168 2026-05-30T01:51:59.441742500Z [DEBUG] ApiModule Garbage collection triggered
00001169 2026-05-30T01:51:59.445742500Z [INFO] AuthModule Cache hit ratio: 0.85
00001170 2026-05-30T01:51:59.510742500Z [INFO] AuthModule User logged in successfully
00001171 2026-05-30T01:51:59.553742500Z [WARNING] UiModule High memory usage detected (85%)
00001172 2026-05-30T01:51:59.554742500Z [INFO] ApiModule Request processed in 42 ms
00001173 2026-05-30T01:51:59.641742500Z [DEBUG] UiModule Variable x = 67
00001174 2026-05-30T01:51:59.682742500Z [DEBUG] CoreModule Entering method handleRequest()
00001175 2026-05-30T01:51:59.721742500Z [DEBUG] UiModule Lock acquired on resource pool
00001176 2026-05-30T01:51:59.677742500Z [INFO] UiModule Cache hit ratio: 0.85
00001177 2026-05-30T01:51:59.724742500Z [DEBUG] CacheModule Trace: stack depth = 1488
00001178 2026-05-30T01:51:59.824742500Z [INFO] ApiModule Configuration loaded from disk
00001179 2026-05-30T01:51:59.781742500Z [DEBUG] AuthModule Lock acquired on resource pool
00001180 2026-05-30T01:51:59.860742500Z [INFO] UiModule Background task started
00001181 2026-05-30T01:51:59.948742500Z [DEBUG] CacheModule Entering method handleRequest()
00001182 2026-05-30T01:51:59.891742500Z [INFO] ApiModule Configuration loaded from disk
00001183 2026-05-30T01:51:59.983742500Z [WARNING] CoreModule Retry attempt 2 of 3
00001184 2026-05-30T01:52:00.008742500Z [INFO] NetModule Connection established to upstream
00001185 2026-05-30T01:52:00.083742500Z [DEBUG] DbModule Variable x = 67
00001186 2026-05-30T01:52:00.041742500Z [INFO] ApiModule Request processed in 42 ms
00001187 2026-05-30T01:52:00.111742500Z [INFO] CacheModule Cache hit ratio: 0.85
00001188 2026-05-30T01:52:00.137742500Z [CRITICAL] UiModule Unrecoverable error in main loop
00001189 2026-05-30T01:52:00.213742500Z [INFO] CoreModule Request processed in 42 ms
00001190 2026-05-30T01:52:00.225742500Z [INFO] UiModule User logged in successfully
00001191 2026-05-30T01:52:00.277742500Z [ERROR] CoreModule Authorization rejected for user
00001192 2026-05-30T01:52:00.304742500Z [DEBUG] DbModule Garbage collection triggered
00001193 2026-05-30T01:52:00.299742500Z [DEBUG] NetModule Garbage collection triggered
00001194 2026-05-30T01:52:00.365742500Z [DEBUG] ApiModule Trace: stack depth = 1488
00001195 2026-05-30T01:52:00.446742500Z [INFO] CoreModule Cache hit ratio: 0.85
00001196 2026-05-30T01:52:00.418742500Z [INFO] UiModule Request processed in 42 ms
00001197 2026-05-30T01:52:00.520742500Z [DEBUG] CoreModule Entering method handleRequest()
00001198 2026-05-30T01:52:00.568742500Z [INFO] CoreModule Connection established to upstream
00001199 2026-05-30T01:52:00.530742500Z [INFO] UiModule Connection established to upstream
00001200 2026-05-30T01:52:00.571742500Z [DEBUG] DbModule Trace: stack depth = 1488
00001201 2026-05-30T01:52:00.615742500Z [ERROR] AuthModule Connection timeout to database
00001202 2026-05-30T01:52:00.644742500Z [INFO] CacheModule Configuration loaded from disk
00001203 2026-05-30T01:52:00.666742500Z [INFO] NetModule User logged in successfully
00001204 2026-05-30T01:52:00.759742500Z [ERROR] CoreModule Null pointer in handler
00001205 2026-05-30T01:52:00.778742500Z [ERROR] UiModule Failed to parse JSON payload
00001206 2026-05-30T01:52:00.860742500Z [WARNING] UiModule Deprecated API endpoint used
00001207 2026-05-30T01:52:00.875742500Z [DEBUG] ApiModule Garbage collection triggered
00001208 2026-05-30T01:52:00.931742500Z [DEBUG] CoreModule Lock acquired on resource pool
00001209 2026-05-30T01:52:00.983742500Z [INFO] UiModule User logged in successfully
00001210 2026-05-30T01:52:00.962742500Z [INFO] CacheModule Background task started
00001211 2026-05-30T01:52:01.036742500Z [INFO] UiModule Cache hit ratio: 0.85
00001212 2026-05-30T01:52:01.075742500Z [WARNING] DbModule High memory usage detected (85%)
00001213 2026-05-30T01:52:01.086742500Z [INFO] NetModule Cache hit ratio: 0.85
00001214 2026-05-30T01:52:01.149742500Z [INFO] DbModule User logged in successfully
00001215 2026-05-30T01:52:01.207742500Z [INFO] CacheModule Request processed in 42 ms
00001216 2026-05-30T01:52:01.241742500Z [ERROR] DbModule File not found: config.yaml
00001217 2026-05-30T01:52:01.240742500Z [INFO] DbModule User logged in successfully
00001218 2026-05-30T01:52:01.311742500Z [INFO] DbModule Configuration loaded from disk
00001219 2026-05-30T01:52:01.335742500Z [INFO] ApiModule Background task started
00001220 2026-05-30T01:52:01.372742500Z [INFO] CoreModule Configuration loaded from disk
00001221 2026-05-30T01:52:01.369742500Z [WARNING] NetModule High memory usage detected (85%)
00001222 2026-05-30T01:52:01.375742500Z [INFO] ApiModule Configuration loaded from disk
00001223 2026-05-30T01:52:01.442742500Z [INFO] NetModule Background task started
00001224 2026-05-30T01:52:01.442742500Z [DEBUG] DbModule Variable x = 67
00001225 2026-05-30T01:52:01.573742500Z [ERROR] UiModule Null pointer in handler
00001226 2026-05-30T01:52:01.563742500Z [DEBUG] NetModule Entering method handleRequest()
00001227 2026-05-30T01:52:01.575742500Z [WARNING] UiModule Retry attempt 2 of 3
00001228 2026-05-30T01:52:01.685742500Z [DEBUG] DbModule Garbage collection triggered
00001229 2026-05-30T01:52:01.722742500Z [WARNING] NetModule Slow response from upstream service
00001230 2026-05-30T01:52:01.754742500Z [INFO] DbModule Configuration loaded from disk
00001231 2026-05-30T01:52:01.797742500Z [WARNING] UiModule High memory usage detected (85%)
00001232 2026-05-30T01:52:01.832742500Z [INFO] DbModule User logged in successfully
00001233 2026-05-30T01:52:01.819742500Z [INFO] ApiModule Request processed in 42 ms
00001234 2026-05-30T01:52:01.874742500Z [INFO] CoreModule Request processed in 42 ms
00001235 2026-05-30T01:52:01.929742500Z [WARNING] NetModule Retry attempt 2 of 3
00001236 2026-05-30T01:52:01.941742500Z [ERROR] AuthModule Connection timeout to database
00001237 2026-05-30T01:52:02.005742500Z [INFO] AuthModule Background task started
00001238 2026-05-30T01:52:01.973742500Z [DEBUG] AuthModule Garbage collection triggered
00001239 2026-05-30T01:52:02.035742500Z [WARNING] UiModule Slow response from upstream service
00001240 2026-05-30T01:52:02.036742500Z [INFO] AuthModule Connection established to upstream
00001241 2026-05-30T01:52:02.157742500Z [INFO] NetModule Connection established to upstream
00001242 2026-05-30T01:52:02.183742500Z [INFO] DbModule Background task started
00001243 2026-05-30T01:52:02.216742500Z [DEBUG] CoreModule Entering method handleRequest()
00001244 2026-05-30T01:52:02.246742500Z [DEBUG] CacheModule Trace: stack depth = 1488
00001245 2026-05-30T01:52:02.259742500Z [INFO] CoreModule Cache hit ratio: 0.85
00001246 2026-05-30T01:52:02.286742500Z [DEBUG] CacheModule Lock acquired on resource pool
00001247 2026-05-30T01:52:02.380742500Z [INFO] DbModule User logged in successfully
00001248 2026-05-30T01:52:02.405742500Z [DEBUG] CoreModule Trace: stack depth = 1488
00001249 2026-05-30T01:52:02.456742500Z [INFO] UiModule Background task started
00001250 2026-05-30T01:52:02.480742500Z [INFO] UiModule Request processed in 42 ms
00001251 2026-05-30T01:52:02.533742500Z [DEBUG] DbModule Entering method handleRequest()
00001252 2026-05-30T01:52:02.482742500Z [WARNING] CacheModule Retry attempt 2 of 3
00001253 2026-05-30T01:52:02.531742500Z [INFO] NetModule Cache hit ratio: 0.85
00001254 2026-05-30T01:52:02.639742500Z [INFO] UiModule Background task started
00001255 2026-05-30T01:52:02.641742500Z [INFO] NetModule User logged in successfully
00001256 2026-05-30T01:52:02.685742500Z [DEBUG] DbModule Trace: stack depth = 1488
00001257 2026-05-30T01:52:02.727742500Z [INFO] AuthModule Request processed in 42 ms
00001258 2026-05-30T01:52:02.795742500Z [INFO] AuthModule Request processed in 42 ms
00001259 2026-05-30T01:52:02.803742500Z [INFO] CacheModule Configuration loaded from disk
00001260 2026-05-30T01:52:02.778742500Z [INFO] AuthModule Configuration loaded from disk
00001261 2026-05-30T01:52:02.902742500Z [ERROR] AuthModule Connection timeout to database
00001262 2026-05-30T01:52:02.934742500Z [INFO] CacheModule User logged in successfully
00001263 2026-05-30T01:52:02.966742500Z [INFO] UiModule Configuration loaded from disk
00001264 2026-05-30T01:52:02.979742500Z [WARNING] DbModule High memory usage detected (85%)
00001265 2026-05-30T01:52:03.046742500Z [DEBUG] CoreModule Entering method handleRequest()
00001266 2026-05-30T01:52:03.093742500Z [ERROR] CoreModule Connection timeout to database
00001267 2026-05-30T01:52:03.063742500Z [INFO] NetModule Background task started
00001268 2026-05-30T01:52:03.110742500Z [INFO] CacheModule Background task started
00001269 2026-05-30T01:52:03.183742500Z [INFO] CacheModule Cache hit ratio: 0.85
00001270 2026-05-30T01:52:03.209742500Z [INFO] CoreModule Background task started
00001271 2026-05-30T01:52:03.189742500Z [INFO] CacheModule Configuration loaded from disk
00001272 2026-05-30T01:52:03.291742500Z [INFO] CoreModule Request processed in 42 ms
00001273 2026-05-30T01:52:03.262742500Z [INFO] UiModule Request processed in 42 ms
00001274 2026-05-30T01:52:03.331742500Z [INFO] UiModule Request processed in 42 ms
00001275 2026-05-30T01:52:03.364742500Z [ERROR] AuthModule File not found: config.yaml
00001276 2026-05-30T01:52:03.398742500Z [INFO] ApiModule Cache hit ratio: 0.85
00001277 2026-05-30T01:52:03.470742500Z [INFO] ApiModule Background task started
00001278 2026-05-30T01:52:03.441742500Z [INFO] CoreModule Background task started
00001279 2026-05-30T01:52:03.485742500Z [DEBUG] UiModule Variable x = 67
00001280 2026-05-30T01:52:03.552742500Z [WARNING] CacheModule Deprecated API endpoint used
00001281 2026-05-30T01:52:03.570742500Z [INFO] AuthModule Configuration loaded from disk
00001282 2026-05-30T01:52:03.631742500Z [INFO] DbModule Cache hit ratio: 0.85
00001283 2026-05-30T01:52:03.674742500Z [DEBUG] AuthModule Trace: stack depth = 1488
00001284 2026-05-30T01:52:03.702742500Z [ERROR] CoreModule File not found: config.yaml
00001285 2026-05-30T01:52:03.756742500Z [INFO] DbModule Background task started
00001286 2026-05-30T01:52:03.782742500Z [INFO] AuthModule Request processed in 42 ms
00001287 2026-05-30T01:52:03.783742500Z [INFO] NetModule Background task started
00001288 2026-05-30T01:52:03.819742500Z [INFO] CoreModule Connection established to upstream
00001289 2026-05-30T01:52:03.906742500Z [DEBUG] UiModule Trace: stack depth = 1488
00001290 2026-05-30T01:52:03.922742500Z [INFO] UiModule Connection established to upstream
00001291 2026-05-30T01:52:03.942742500Z [INFO] CacheModule Configuration loaded from disk
00001292 2026-05-30T01:52:03.958742500Z [DEBUG] NetModule Trace: stack depth = 1488
00001293 2026-05-30T01:52:04.052742500Z [INFO] NetModule User logged in successfully
00001294 2026-05-30T01:52:04.120742500Z [DEBUG] DbModule Variable x = 67
00001295 2026-05-30T01:52:04.157742500Z [INFO] CacheModule Background task started
00001296 2026-05-30T01:52:04.125742500Z [WARNING] NetModule High memory usage detected (85%)
00001297 2026-05-30T01:52:04.219742500Z [WARNING] CoreModule Slow response from upstream service
00001298 2026-05-30T01:52:04.244742500Z [INFO] CacheModule Background task started
00001299 2026-05-30T01:52:04.243742500Z [ERROR] ApiModule Authorization rejected for user
00001300 2026-05-30T01:52:04.318742500Z [DEBUG] CacheModule Entering method handleRequest()
00001301 2026-05-30T01:52:04.383742500Z [DEBUG] ApiModule Trace: stack depth = 1488
00001302 2026-05-30T01:52:04.411742500Z [ERROR] ApiModule File not found: config.yaml
00001303 2026-05-30T01:52:04.439742500Z [WARNING] DbModule Slow response from upstream service
00001304 2026-05-30T01:52:04.484742500Z [INFO] NetModule Configuration loaded from disk
00001305 2026-05-30T01:52:04.469742500Z [INFO] DbModule Background task started
00001306 2026-05-30T01:52:04.496742500Z [INFO] AuthModule Request processed in 42 ms
00001307 2026-05-30T01:52:04.514742500Z [INFO] CoreModule User logged in successfully
00001308 2026-05-30T01:52:04.562742500Z [INFO] DbModule Connection established to upstream
00001309 2026-05-30T01:52:04.668742500Z [DEBUG] DbModule Entering method handleRequest()
00001310 2026-05-30T01:52:04.695742500Z [INFO] UiModule User logged in successfully
00001311 2026-05-30T01:52:04.667742500Z [DEBUG] CoreModule Lock acquired on resource pool
00001312 2026-05-30T01:52:04.713742500Z [DEBUG] NetModule Entering method handleRequest()
00001313 2026-05-30T01:52:04.779742500Z [DEBUG] CacheModule Lock acquired on resource pool
00001314 2026-05-30T01:52:04.832742500Z [INFO] ApiModule Connection established to upstream
00001315 2026-05-30T01:52:04.850742500Z [INFO] CacheModule Configuration loaded from disk
00001316 2026-05-30T01:52:04.937742500Z [WARNING] UiModule High memory usage detected (85%)
00001317 2026-05-30T01:52:04.891742500Z [WARNING] CacheModule Deprecated API endpoint used
00001318 2026-05-30T01:52:04.931742500Z [INFO] DbModule Request processed in 42 ms
00001319 2026-05-30T01:52:04.996742500Z [DEBUG] NetModule Trace: stack depth = 1488
00001320 2026-05-30T01:52:05.000742500Z [INFO] NetModule Background task started
00001321 2026-05-30T01:52:05.089742500Z [INFO] DbModule Connection established to upstream
00001322 2026-05-30T01:52:05.139742500Z [DEBUG] DbModule Entering method handleRequest()
00001323 2026-05-30T01:52:05.151742500Z [INFO] ApiModule Configuration loaded from disk
00001324 2026-05-30T01:52:05.165742500Z [DEBUG] ApiModule Trace: stack depth = 1488
00001325 2026-05-30T01:52:05.249742500Z [WARNING] AuthModule Deprecated API endpoint used
00001326 2026-05-30T01:52:05.305742500Z [INFO] CacheModule Background task started
00001327 2026-05-30T01:52:05.283742500Z [INFO] ApiModule Cache hit ratio: 0.85
00001328 2026-05-30T01:52:05.333742500Z [DEBUG] ApiModule Entering method handleRequest()
00001329 2026-05-30T01:52:05.411742500Z [INFO] CacheModule Background task started
00001330 2026-05-30T01:52:05.400742500Z [WARNING] NetModule Retry attempt 2 of 3
00001331 2026-05-30T01:52:05.430742500Z [ERROR] UiModule File not found: config.yaml
00001332 2026-05-30T01:52:05.456742500Z [INFO] AuthModule Background task started
00001333 2026-05-30T01:52:05.549742500Z [DEBUG] CoreModule Trace: stack depth = 1488
00001334 2026-05-30T01:52:05.531742500Z [INFO] CacheModule Configuration loaded from disk
00001335 2026-05-30T01:52:05.626742500Z [INFO] CoreModule Cache hit ratio: 0.85
00001336 2026-05-30T01:52:05.596742500Z [WARNING] DbModule High memory usage detected (85%)
00001337 2026-05-30T01:52:05.710742500Z [DEBUG] NetModule Garbage collection triggered
00001338 2026-05-30T01:52:05.705742500Z [INFO] NetModule Request processed in 42 ms
00001339 2026-05-30T01:52:05.758742500Z [WARNING] AuthModule Retry attempt 2 of 3
00001340 2026-05-30T01:52:05.767742500Z [DEBUG] NetModule Variable x = 67
00001341 2026-05-30T01:52:05.776742500Z [INFO] CoreModule Cache hit ratio: 0.85
00001342 2026-05-30T01:52:05.859742500Z [INFO] NetModule User logged in successfully
00001343 2026-05-30T01:52:05.925742500Z [DEBUG] UiModule Trace: stack depth = 1488
00001344 2026-05-30T01:52:05.897742500Z [INFO] ApiModule Background task started
00001345 2026-05-30T01:52:06.018742500Z [DEBUG] NetModule Lock acquired on resource pool
00001346 2026-05-30T01:52:06.040742500Z [WARNING] CoreModule High memory usage detected (85%)
00001347 2026-05-30T01:52:06.040742500Z [INFO] CoreModule Configuration loaded from disk
00001348 2026-05-30T01:52:06.102742500Z [INFO] AuthModule Background task started
00001349 2026-05-30T01:52:06.149742500Z [DEBUG] DbModule Lock acquired on resource pool
00001350 2026-05-30T01:52:06.111742500Z [INFO] AuthModule User logged in successfully
00001351 2026-05-30T01:52:06.162742500Z [DEBUG] UiModule Garbage collection triggered
00001352 2026-05-30T01:52:06.191742500Z [INFO] NetModule Request processed in 42 ms
00001353 2026-05-30T01:52:06.261742500Z [DEBUG] NetModule Entering method handleRequest()
00001354 2026-05-30T01:52:06.274742500Z [INFO] NetModule Request processed in 42 ms
00001355 2026-05-30T01:52:06.363742500Z [INFO] ApiModule Background task started
00001356 2026-05-30T01:52:06.406742500Z [WARNING] ApiModule High memory usage detected (85%)
00001357 2026-05-30T01:52:06.377742500Z [INFO] UiModule Request processed in 42 ms
00001358 2026-05-30T01:52:06.412742500Z [DEBUG] NetModule Trace: stack depth = 1488
00001359 2026-05-30T01:52:06.456742500Z [INFO] AuthModule Configuration loaded from disk
00001360 2026-05-30T01:52:06.568742500Z [INFO] ApiModule Background task started
00001361 2026-05-30T01:52:06.610742500Z [INFO] UiModule Connection established to upstream
00001362 2026-05-30T01:52:06.623742500Z [DEBUG] CoreModule Garbage collection triggered
00001363 2026-05-30T01:52:06.631742500Z [DEBUG] DbModule Lock acquired on resource pool
00001364 2026-05-30T01:52:06.653742500Z [INFO] CoreModule Background task started
00001365 2026-05-30T01:52:06.727742500Z [INFO] NetModule Background task started
00001366 2026-05-30T01:52:06.774742500Z [DEBUG] AuthModule Trace: stack depth = 1488
00001367 2026-05-30T01:52:06.800742500Z [WARNING] DbModule Deprecated API endpoint used
00001368 2026-05-30T01:52:06.786742500Z [INFO] CoreModule Connection established to upstream
00001369 2026-05-30T01:52:06.858742500Z [WARNING] UiModule Retry attempt 2 of 3
00001370 2026-05-30T01:52:06.868742500Z [CRITICAL] ApiModule Disk full, cannot continue
00001371 2026-05-30T01:52:06.973742500Z [INFO] AuthModule Request processed in 42 ms
00001372 2026-05-30T01:52:06.944742500Z [INFO] CacheModule User logged in successfully
00001373 2026-05-30T01:52:06.999742500Z [DEBUG] CoreModule Lock acquired on resource pool
00001374 2026-05-30T01:52:07.013742500Z [INFO] DbModule Request processed in 42 ms
00001375 2026-05-30T01:52:07.068742500Z [INFO] DbModule Request processed in 42 ms
00001376 2026-05-30T01:52:07.083742500Z [INFO] CoreModule Cache hit ratio: 0.85
00001377 2026-05-30T01:52:07.127742500Z [INFO] UiModule Configuration loaded from disk
00001378 2026-05-30T01:52:07.147742500Z [INFO] UiModule Background task started
00001379 2026-05-30T01:52:07.236742500Z [DEBUG] NetModule Variable x = 67
00001380 2026-05-30T01:52:07.274742500Z [INFO] ApiModule User logged in successfully
00001381 2026-05-30T01:52:07.322742500Z [DEBUG] UiModule Lock acquired on resource pool
00001382 2026-05-30T01:52:07.353742500Z [DEBUG] CoreModule Variable x = 67
00001383 2026-05-30T01:52:07.336742500Z [DEBUG] ApiModule Garbage collection triggered
00001384 2026-05-30T01:52:07.413742500Z [DEBUG] ApiModule Entering method handleRequest()
00001385 2026-05-30T01:52:07.473742500Z [INFO] NetModule User logged in successfully
00001386 2026-05-30T01:52:07.440742500Z [WARNING] NetModule High memory usage detected (85%)
00001387 2026-05-30T01:52:07.549742500Z [DEBUG] ApiModule Trace: stack depth = 1488
00001388 2026-05-30T01:52:07.609742500Z [DEBUG] CacheModule Lock acquired on resource pool
00001389 2026-05-30T01:52:07.587742500Z [WARNING] UiModule Slow response from upstream service
00001390 2026-05-30T01:52:07.638742500Z [ERROR] ApiModule Failed to parse JSON payload
00001391 2026-05-30T01:52:07.711742500Z [INFO] UiModule Cache hit ratio: 0.85
00001392 2026-05-30T01:52:07.733742500Z [INFO] DbModule Configuration loaded from disk
00001393 2026-05-30T01:52:07.695742500Z [INFO] NetModule Request processed in 42 ms
00001394 2026-05-30T01:52:07.753742500Z [DEBUG] NetModule Entering method handleRequest()
00001395 2026-05-30T01:52:07.775742500Z [INFO] DbModule User logged in successfully
00001396 2026-05-30T01:52:07.816742500Z [WARNING] AuthModule Retry attempt 2 of 3
00001397 2026-05-30T01:52:07.874742500Z [DEBUG] NetModule Garbage collection triggered
00001398 2026-05-30T01:52:07.888742500Z [INFO] UiModule Cache hit ratio: 0.85
00001399 2026-05-30T01:52:07.997742500Z [ERROR] AuthModule Connection timeout to database
00001400 2026-05-30T01:52:07.999742500Z [ERROR] CoreModule File not found: config.yaml
00001401 2026-05-30T01:52:08.045742500Z [DEBUG] ApiModule Lock acquired on resource pool
00001402 2026-05-30T01:52:08.121742500Z [DEBUG] CacheModule Garbage collection triggered
00001403 2026-05-30T01:52:08.135742500Z [INFO] UiModule Configuration loaded from disk
00001404 2026-05-30T01:52:08.158742500Z [ERROR] ApiModule File not found: config.yaml
00001405 2026-05-30T01:52:08.212742500Z [DEBUG] AuthModule Trace: stack depth = 1488
00001406 2026-05-30T01:52:08.215742500Z [DEBUG] CacheModule Lock acquired on resource pool
00001407 2026-05-30T01:52:08.243742500Z [WARNING] UiModule Deprecated API endpoint used
00001408 2026-05-30T01:52:08.263742500Z [INFO] AuthModule Connection established to upstream
00001409 2026-05-30T01:52:08.371742500Z [INFO] AuthModule Configuration loaded from disk
00001410 2026-05-30T01:52:08.411742500Z [INFO] ApiModule User logged in successfully
00001411 2026-05-30T01:52:08.363742500Z [ERROR] AuthModule Connection timeout to database
00001412 2026-05-30T01:52:08.477742500Z [WARNING] ApiModule High memory usage detected (85%)
00001413 2026-05-30T01:52:08.457742500Z [CRITICAL] CoreModule Kernel panic in subsystem
00001414 2026-05-30T01:52:08.526742500Z [DEBUG] ApiModule Variable x = 67
00001415 2026-05-30T01:52:08.608742500Z [WARNING] AuthModule Retry attempt 2 of 3
00001416 2026-05-30T01:52:08.593742500Z [INFO] CacheModule Configuration loaded from disk
00001417 2026-05-30T01:52:08.626742500Z [INFO] CacheModule Configuration loaded from disk
00001418 2026-05-30T01:52:08.673742500Z [WARNING] NetModule Slow response from upstream service
00001419 2026-05-30T01:52:08.746742500Z [INFO] AuthModule Request processed in 42 ms
00001420 2026-05-30T01:52:08.723742500Z [ERROR] CacheModule Authorization rejected for user
00001421 2026-05-30T01:52:08.783742500Z [INFO] UiModule Cache hit ratio: 0.85
00001422 2026-05-30T01:52:08.795742500Z [INFO] AuthModule Connection established to upstream
00001423 2026-05-30T01:52:08.884742500Z [INFO] NetModule Request processed in 42 ms
00001424 2026-05-30T01:52:08.925742500Z [INFO] AuthModule Cache hit ratio: 0.85
00001425 2026-05-30T01:52:08.962742500Z [INFO] CacheModule User logged in successfully
00001426 2026-05-30T01:52:08.953742500Z [INFO] ApiModule User logged in successfully
00001427 2026-05-30T01:52:08.985742500Z [WARNING] CoreModule Slow response from upstream service
00001428 2026-05-30T01:52:09.025742500Z [INFO] UiModule Request processed in 42 ms
00001429 2026-05-30T01:52:09.045742500Z [INFO] ApiModule Connection established to upstream
00001430 2026-05-30T01:52:09.068742500Z [INFO] UiModule Cache hit ratio: 0.85
00001431 2026-05-30T01:52:09.144742500Z [DEBUG] CacheModule Variable x = 67
00001432 2026-05-30T01:52:09.151742500Z [INFO] DbModule Request processed in 42 ms
00001433 2026-05-30T01:52:09.178742500Z [ERROR] CoreModule Failed to parse JSON payload
00001434 2026-05-30T01:52:09.273742500Z [INFO] ApiModule User logged in successfully
00001435 2026-05-30T01:52:09.338742500Z [DEBUG] AuthModule Lock acquired on resource pool
00001436 2026-05-30T01:52:09.367742500Z [ERROR] DbModule File not found: config.yaml
00001437 2026-05-30T01:52:09.412742500Z [INFO] ApiModule User logged in successfully
00001438 2026-05-30T01:52:09.386742500Z [INFO] ApiModule Cache hit ratio: 0.85
00001439 2026-05-30T01:52:09.399742500Z [DEBUG] CacheModule Lock acquired on resource pool
00001440 2026-05-30T01:52:09.494742500Z [WARNING] AuthModule Slow response from upstream service
00001441 2026-05-30T01:52:09.558742500Z [WARNING] UiModule Deprecated API endpoint used
00001442 2026-05-30T01:52:09.575742500Z [WARNING] UiModule High memory usage detected (85%)
00001443 2026-05-30T01:52:09.593742500Z [INFO] NetModule User logged in successfully
00001444 2026-05-30T01:52:09.586742500Z [INFO] CacheModule Cache hit ratio: 0.85
00001445 2026-05-30T01:52:09.622742500Z [WARNING] UiModule Retry attempt 2 of 3
00001446 2026-05-30T01:52:09.693742500Z [DEBUG] UiModule Variable x = 67
00001447 2026-05-30T01:52:09.778742500Z [ERROR] UiModule Null pointer in handler
00001448 2026-05-30T01:52:09.748742500Z [INFO] CacheModule Request processed in 42 ms
00001449 2026-05-30T01:52:09.831742500Z [INFO] CacheModule Cache hit ratio: 0.85
00001450 2026-05-30T01:52:09.880742500Z [INFO] ApiModule Request processed in 42 ms
00001451 2026-05-30T01:52:09.917742500Z [ERROR] DbModule Connection timeout to database
00001452 2026-05-30T01:52:09.900742500Z [WARNING] UiModule Retry attempt 2 of 3
00001453 2026-05-30T01:52:09.934742500Z [CRITICAL] ApiModule Disk full, cannot continue
00001454 2026-05-30T01:52:10.009742500Z [WARNING] ApiModule Deprecated API endpoint used
00001455 2026-05-30T01:52:10.072742500Z [DEBUG] DbModule Lock acquired on resource pool
00001456 2026-05-30T01:52:10.067742500Z [DEBUG] NetModule Lock acquired on resource pool
00001457 2026-05-30T01:52:10.080742500Z [ERROR] CacheModule Failed to parse JSON payload
00001458 2026-05-30T01:52:10.156742500Z [WARNING] NetModule High memory usage detected (85%)
00001459 2026-05-30T01:52:10.194742500Z [INFO] NetModule Request processed in 42 ms
00001460 2026-05-30T01:52:10.185742500Z [DEBUG] CacheModule Entering method handleRequest()
00001461 2026-05-30T01:52:10.241742500Z [WARNING] UiModule High memory usage detected (85%)
00001462 2026-05-30T01:52:10.290742500Z [INFO] CoreModule Cache hit ratio: 0.85
00001463 2026-05-30T01:52:10.346742500Z [DEBUG] AuthModule Garbage collection triggered
00001464 2026-05-30T01:52:10.329742500Z [INFO] AuthModule User logged in successfully
00001465 2026-05-30T01:52:10.361742500Z [WARNING] CacheModule Deprecated API endpoint used
00001466 2026-05-30T01:52:10.399742500Z [ERROR] AuthModule Authorization rejected for user
00001467 2026-05-30T01:52:10.525742500Z [WARNING] AuthModule Deprecated API endpoint used
00001468 2026-05-30T01:52:10.555742500Z [WARNING] ApiModule Deprecated API endpoint used
00001469 2026-05-30T01:52:10.554742500Z [WARNING] AuthModule Slow response from upstream service
00001470 2026-05-30T01:52:10.556742500Z [WARNING] NetModule Deprecated API endpoint used
00001471 2026-05-30T01:52:10.662742500Z [INFO] DbModule Request processed in 42 ms
00001472 2026-05-30T01:52:10.688742500Z [INFO] CoreModule Configuration loaded from disk
00001473 2026-05-30T01:52:10.667742500Z [DEBUG] UiModule Garbage collection triggered
00001474 2026-05-30T01:52:10.737742500Z [ERROR] UiModule Authorization rejected for user
00001475 2026-05-30T01:52:10.773742500Z [DEBUG] UiModule Trace: stack depth = 1488
00001476 2026-05-30T01:52:10.769742500Z [WARNING] UiModule Retry attempt 2 of 3
00001477 2026-05-30T01:52:10.882742500Z [INFO] CoreModule User logged in successfully
00001478 2026-05-30T01:52:10.851742500Z [INFO] UiModule Configuration loaded from disk
00001479 2026-05-30T01:52:10.931742500Z [INFO] NetModule User logged in successfully
00001480 2026-05-30T01:52:10.945742500Z [CRITICAL] AuthModule Kernel panic in subsystem
00001481 2026-05-30T01:52:11.029742500Z [DEBUG] UiModule Lock acquired on resource pool
00001482 2026-05-30T01:52:11.030742500Z [INFO] CoreModule User logged in successfully
00001483 2026-05-30T01:52:11.030742500Z [INFO] CacheModule Configuration loaded from disk
00001484 2026-05-30T01:52:11.143742500Z [INFO] CacheModule Background task started
00001485 2026-05-30T01:52:11.192742500Z [INFO] ApiModule Connection established to upstream
00001486 2026-05-30T01:52:11.219742500Z [INFO] NetModule Request processed in 42 ms
00001487 2026-05-30T01:52:11.211742500Z [INFO] CoreModule User logged in successfully
00001488 2026-05-30T01:52:11.268742500Z [INFO] AuthModule User logged in successfully
00001489 2026-05-30T01:52:11.320742500Z [DEBUG] UiModule Garbage collection triggered
00001490 2026-05-30T01:52:11.357742500Z [INFO] ApiModule Configuration loaded from disk
00001491 2026-05-30T01:52:11.365742500Z [INFO] NetModule Configuration loaded from disk
00001492 2026-05-30T01:52:11.364742500Z [ERROR] NetModule File not found: config.yaml
00001493 2026-05-30T01:52:11.400742500Z [INFO] CoreModule Request processed in 42 ms
00001494 2026-05-30T01:52:11.471742500Z [DEBUG] DbModule Trace: stack depth = 1488
00001495 2026-05-30T01:52:11.546742500Z [INFO] AuthModule Request processed in 42 ms
00001496 2026-05-30T01:52:11.533742500Z [DEBUG] ApiModule Variable x = 67
00001497 2026-05-30T01:52:11.571742500Z [DEBUG] CacheModule Lock acquired on resource pool
00001498 2026-05-30T01:52:11.592742500Z [WARNING] ApiModule Deprecated API endpoint used
00001499 2026-05-30T01:52:11.694742500Z [DEBUG] ApiModule Entering method handleRequest()
00001500 2026-05-30T01:52:11.737742500Z [WARNING] UiModule Slow response from upstream service
00001501 2026-05-30T01:52:11.759742500Z [DEBUG] CoreModule Garbage collection triggered
00001502 2026-05-30T01:52:11.817742500Z [INFO] NetModule Connection established to upstream
00001503 2026-05-30T01:52:11.808742500Z [WARNING] ApiModule High memory usage detected (85%)
00001504 2026-05-30T01:52:11.804742500Z [INFO] AuthModule User logged in successfully
00001505 2026-05-30T01:52:11.911742500Z [DEBUG] UiModule Entering method handleRequest()
00001506 2026-05-30T01:52:11.961742500Z [DEBUG] DbModule Entering method handleRequest()
00001507 2026-05-30T01:52:11.991742500Z [DEBUG] AuthModule Trace: stack depth = 1488
00001508 2026-05-30T01:52:12.031742500Z [INFO] CoreModule Cache hit ratio: 0.85
00001509 2026-05-30T01:52:12.012742500Z [INFO] DbModule Request processed in 42 ms
00001510 2026-05-30T01:52:12.075742500Z [DEBUG] CoreModule Trace: stack depth = 1488
00001511 2026-05-30T01:52:12.098742500Z [INFO] CacheModule Connection established to upstream
00001512 2026-05-30T01:52:12.133742500Z [INFO] DbModule Configuration loaded from disk
00001513 2026-05-30T01:52:12.171742500Z [WARNING] DbModule Deprecated API endpoint used
00001514 2026-05-30T01:52:12.258742500Z [DEBUG] CoreModule Garbage collection triggered
00001515 2026-05-30T01:52:12.227742500Z [DEBUG] UiModule Lock acquired on resource pool
00001516 2026-05-30T01:52:12.312742500Z [DEBUG] DbModule Lock acquired on resource pool
00001517 2026-05-30T01:52:12.368742500Z [INFO] DbModule Cache hit ratio: 0.85
00001518 2026-05-30T01:52:12.363742500Z [INFO] DbModule Connection established to upstream
00001519 2026-05-30T01:52:12.387742500Z [INFO] CoreModule User logged in successfully
00001520 2026-05-30T01:52:12.459742500Z [WARNING] CacheModule Retry attempt 2 of 3
00001521 2026-05-30T01:52:12.483742500Z [WARNING] UiModule Retry attempt 2 of 3
00001522 2026-05-30T01:52:12.565742500Z [WARNING] AuthModule Deprecated API endpoint used
00001523 2026-05-30T01:52:12.567742500Z [INFO] DbModule Configuration loaded from disk
00001524 2026-05-30T01:52:12.593742500Z [INFO] CoreModule Connection established to upstream
00001525 2026-05-30T01:52:12.610742500Z [DEBUG] UiModule Lock acquired on resource pool
00001526 2026-05-30T01:52:12.699742500Z [INFO] ApiModule Cache hit ratio: 0.85
00001527 2026-05-30T01:52:12.748742500Z [INFO] AuthModule Configuration loaded from disk
00001528 2026-05-30T01:52:12.728742500Z [INFO] ApiModule Background task started
00001529 2026-05-30T01:52:12.772742500Z [DEBUG] AuthModule Entering method handleRequest()
00001530 2026-05-30T01:52:12.851742500Z [INFO] DbModule Connection established to upstream
00001531 2026-05-30T01:52:12.829742500Z [DEBUG] DbModule Trace: stack depth = 1488
00001532 2026-05-30T01:52:12.850742500Z [INFO] AuthModule Cache hit ratio: 0.85
00001533 2026-05-30T01:52:12.891742500Z [INFO] NetModule Background task started
00001534 2026-05-30T01:52:13.008742500Z [WARNING] DbModule Deprecated API endpoint used
00001535 2026-05-30T01:52:13.020742500Z [INFO] AuthModule Request processed in 42 ms
00001536 2026-05-30T01:52:13.054742500Z [INFO] UiModule Cache hit ratio: 0.85
00001537 2026-05-30T01:52:13.057742500Z [DEBUG] CoreModule Lock acquired on resource pool
00001538 2026-05-30T01:52:13.124742500Z [INFO] CacheModule Connection established to upstream
00001539 2026-05-30T01:52:13.101742500Z [DEBUG] ApiModule Entering method handleRequest()
00001540 2026-05-30T01:52:13.211742500Z [CRITICAL] CacheModule Unrecoverable error in main loop
00001541 2026-05-30T01:52:13.225742500Z [INFO] UiModule User logged in successfully
00001542 2026-05-30T01:52:13.222742500Z [ERROR] ApiModule Null pointer in handler
00001543 2026-05-30T01:52:13.288742500Z [WARNING] DbModule Deprecated API endpoint used
00001544 2026-05-30T01:52:13.347742500Z [DEBUG] CacheModule Lock acquired on resource pool
00001545 2026-05-30T01:52:13.327742500Z [WARNING] ApiModule High memory usage detected (85%)
00001546 2026-05-30T01:52:13.452742500Z [WARNING] CacheModule Deprecated API endpoint used
00001547 2026-05-30T01:52:13.485742500Z [DEBUG] NetModule Lock acquired on resource pool
00001548 2026-05-30T01:52:13.508742500Z [INFO] CacheModule Request processed in 42 ms
00001549 2026-05-30T01:52:13.547742500Z [ERROR] UiModule File not found: config.yaml
00001550 2026-05-30T01:52:13.581742500Z [WARNING] CacheModule High memory usage detected (85%)
00001551 2026-05-30T01:52:13.571742500Z [INFO] DbModule Request processed in 42 ms
00001552 2026-05-30T01:52:13.589742500Z [INFO] DbModule Cache hit ratio: 0.85
00001553 2026-05-30T01:52:13.648742500Z [INFO] NetModule Background task started
00001554 2026-05-30T01:52:13.691742500Z [DEBUG] CacheModule Entering method handleRequest()
00001555 2026-05-30T01:52:13.739742500Z [INFO] UiModule User logged in successfully
00001556 2026-05-30T01:52:13.805742500Z [DEBUG] AuthModule Lock acquired on resource pool
00001557 2026-05-30T01:52:13.822742500Z [DEBUG] DbModule Garbage collection triggered
00001558 2026-05-30T01:52:13.889742500Z [INFO] ApiModule Configuration loaded from disk
00001559 2026-05-30T01:52:13.837742500Z [DEBUG] ApiModule Garbage collection triggered
00001560 2026-05-30T01:52:13.881742500Z [ERROR] DbModule Authorization rejected for user
00001561 2026-05-30T01:52:13.987742500Z [INFO] ApiModule Background task started
00001562 2026-05-30T01:52:14.029742500Z [WARNING] CacheModule Deprecated API endpoint used
00001563 2026-05-30T01:52:14.019742500Z [INFO] UiModule User logged in successfully
00001564 2026-05-30T01:52:14.049742500Z [INFO] CoreModule Background task started
00001565 2026-05-30T01:52:14.076742500Z [INFO] AuthModule Connection established to upstream
00001566 2026-05-30T01:52:14.166742500Z [INFO] DbModule Connection established to upstream
00001567 2026-05-30T01:52:14.227742500Z [INFO] DbModule User logged in successfully
00001568 2026-05-30T01:52:14.191742500Z [INFO] NetModule Cache hit ratio: 0.85
00001569 2026-05-30T01:52:14.250742500Z [INFO] UiModule Request processed in 42 ms
00001570 2026-05-30T01:52:14.302742500Z [INFO] CoreModule Configuration loaded from disk
00001571 2026-05-30T01:52:14.336742500Z [DEBUG] CacheModule Entering method handleRequest()
00001572 2026-05-30T01:52:14.382742500Z [INFO] CoreModule Cache hit ratio: 0.85
00001573 2026-05-30T01:52:14.385742500Z [DEBUG] UiModule Garbage collection triggered
00001574 2026-05-30T01:52:14.415742500Z [DEBUG] NetModule Lock acquired on resource pool
00001575 2026-05-30T01:52:14.444742500Z [DEBUG] CacheModule Variable x = 67
00001576 2026-05-30T01:52:14.552742500Z [INFO] AuthModule Request processed in 42 ms
00001577 2026-05-30T01:52:14.517742500Z [INFO] NetModule Connection established to upstream
00001578 2026-05-30T01:52:14.557742500Z [DEBUG] NetModule Lock acquired on resource pool
00001579 2026-05-30T01:52:14.606742500Z [DEBUG] CacheModule Trace: stack depth = 1488
00001580 2026-05-30T01:52:14.626742500Z [ERROR] CacheModule Authorization rejected for user
00001581 2026-05-30T01:52:14.712742500Z [DEBUG] AuthModule Variable x = 67
00001582 2026-05-30T01:52:14.710742500Z [ERROR] UiModule File not found: config.yaml
00001583 2026-05-30T01:52:14.725742500Z [DEBUG] DbModule Trace: stack depth = 1488
00001584 2026-05-30T01:52:14.773742500Z [DEBUG] NetModule Variable x = 67
00001585 2026-05-30T01:52:14.868742500Z [ERROR] NetModule Authorization rejected for user
00001586 2026-05-30T01:52:14.900742500Z [DEBUG] ApiModule Trace: stack depth = 1488
00001587 2026-05-30T01:52:14.914742500Z [INFO] NetModule Configuration loaded from disk
00001588 2026-05-30T01:52:14.991742500Z [INFO] AuthModule Connection established to upstream
00001589 2026-05-30T01:52:14.981742500Z [DEBUG] CoreModule Lock acquired on resource pool
00001590 2026-05-30T01:52:15.074742500Z [DEBUG] ApiModule Entering method handleRequest()
00001591 2026-05-30T01:52:15.053742500Z [ERROR] AuthModule Null pointer in handler
00001592 2026-05-30T01:52:15.113742500Z [DEBUG] CoreModule Garbage collection triggered
00001593 2026-05-30T01:52:15.168742500Z [INFO] CoreModule Connection established to upstream
00001594 2026-05-30T01:52:15.229742500Z [DEBUG] NetModule Entering method handleRequest()
00001595 2026-05-30T01:52:15.171742500Z [ERROR] CoreModule Connection timeout to database
00001596 2026-05-30T01:52:15.251742500Z [DEBUG] UiModule Variable x = 67
00001597 2026-05-30T01:52:15.325742500Z [INFO] CacheModule Connection established to upstream
00001598 2026-05-30T01:52:15.374742500Z [DEBUG] NetModule Lock acquired on resource pool
00001599 2026-05-30T01:52:15.408742500Z [INFO] CacheModule Connection established to upstream
00001600 2026-05-30T01:52:15.355742500Z [DEBUG] UiModule Lock acquired on resource pool
00001601 2026-05-30T01:52:15.437742500Z [INFO] CoreModule Configuration loaded from disk
00001602 2026-05-30T01:52:15.514742500Z [DEBUG] CoreModule Entering method handleRequest()
00001603 2026-05-30T01:52:15.530742500Z [INFO] UiModule Background task started
00001604 2026-05-30T01:52:15.583742500Z [DEBUG] NetModule Garbage collection triggered
00001605 2026-05-30T01:52:15.631742500Z [INFO] UiModule Cache hit ratio: 0.85
00001606 2026-05-30T01:52:15.591742500Z [ERROR] ApiModule Failed to parse JSON payload
00001607 2026-05-30T01:52:15.627742500Z [DEBUG] NetModule Lock acquired on resource pool
00001608 2026-05-30T01:52:15.735742500Z [WARNING] DbModule Retry attempt 2 of 3
00001609 2026-05-30T01:52:15.770742500Z [INFO] UiModule Background task started
00001610 2026-05-30T01:52:15.757742500Z [WARNING] UiModule Deprecated API endpoint used
00001611 2026-05-30T01:52:15.766742500Z [INFO] AuthModule User logged in successfully
00001612 2026-05-30T01:52:15.843742500Z [INFO] CoreModule Connection established to upstream
00001613 2026-05-30T01:52:15.915742500Z [INFO] AuthModule Background task started
00001614 2026-05-30T01:52:15.921742500Z [WARNING] DbModule Deprecated API endpoint used
00001615 2026-05-30T01:52:15.977742500Z [DEBUG] AuthModule Trace: stack depth = 1488
00001616 2026-05-30T01:52:15.988742500Z [INFO] CoreModule Connection established to upstream
00001617 2026-05-30T01:52:16.023742500Z [DEBUG] NetModule Variable x = 67
00001618 2026-05-30T01:52:16.047742500Z [INFO] CoreModule Configuration loaded from disk
00001619 2026-05-30T01:52:16.092742500Z [DEBUG] AuthModule Variable x = 67
00001620 2026-05-30T01:52:16.135742500Z [WARNING] UiModule Retry attempt 2 of 3
00001621 2026-05-30T01:52:16.138742500Z [ERROR] DbModule File not found: config.yaml
00001622 2026-05-30T01:52:16.201742500Z [DEBUG] UiModule Trace: stack depth = 1488
00001623 2026-05-30T01:52:16.251742500Z [WARNING] UiModule High memory usage detected (85%)
00001624 2026-05-30T01:52:16.340742500Z [DEBUG] AuthModule Lock acquired on resource pool
00001625 2026-05-30T01:52:16.368742500Z [WARNING] CacheModule Deprecated API endpoint used
00001626 2026-05-30T01:52:16.348742500Z [DEBUG] CacheModule Garbage collection triggered
00001627 2026-05-30T01:52:16.438742500Z [INFO] AuthModule Request processed in 42 ms
00001628 2026-05-30T01:52:16.431742500Z [DEBUG] CacheModule Variable x = 67
00001629 2026-05-30T01:52:16.496742500Z [DEBUG] ApiModule Variable x = 67
00001630 2026-05-30T01:52:16.549742500Z [WARNING] UiModule Deprecated API endpoint used
00001631 2026-05-30T01:52:16.572742500Z [WARNING] AuthModule Retry attempt 2 of 3
00001632 2026-05-30T01:52:16.565742500Z [DEBUG] CacheModule Garbage collection triggered
00001633 2026-05-30T01:52:16.674742500Z [DEBUG] CoreModule Garbage collection triggered
00001634 2026-05-30T01:52:16.680742500Z [DEBUG] AuthModule Variable x = 67
00001635 2026-05-30T01:52:16.699742500Z [INFO] AuthModule User logged in successfully
00001636 2026-05-30T01:52:16.731742500Z [DEBUG] AuthModule Garbage collection triggered
00001637 2026-05-30T01:52:16.747742500Z [INFO] NetModule Configuration loaded from disk
00001638 2026-05-30T01:52:16.858742500Z [DEBUG] DbModule Garbage collection triggered
00001639 2026-05-30T01:52:16.877742500Z [INFO] CacheModule Background task started
00001640 2026-05-30T01:52:16.852742500Z [ERROR] CoreModule Null pointer in handler
00001641 2026-05-30T01:52:16.953742500Z [WARNING] AuthModule Slow response from upstream service
00001642 2026-05-30T01:52:16.935742500Z [INFO] UiModule User logged in successfully
00001643 2026-05-30T01:52:16.996742500Z [DEBUG] AuthModule Lock acquired on resource pool
00001644 2026-05-30T01:52:17.071742500Z [INFO] NetModule Connection established to upstream
00001645 2026-05-30T01:52:17.045742500Z [DEBUG] NetModule Lock acquired on resource pool
00001646 2026-05-30T01:52:17.131742500Z [INFO] UiModule Connection established to upstream
00001647 2026-05-30T01:52:17.148742500Z [DEBUG] AuthModule Garbage collection triggered
00001648 2026-05-30T01:52:17.214742500Z [DEBUG] CacheModule Garbage collection triggered
00001649 2026-05-30T01:52:17.244742500Z [INFO] CoreModule User logged in successfully
00001650 2026-05-30T01:52:17.285742500Z [ERROR] CacheModule Null pointer in handler
00001651 2026-05-30T01:52:17.247742500Z [WARNING] CacheModule Deprecated API endpoint used
00001652 2026-05-30T01:52:17.367742500Z [INFO] DbModule Background task started
00001653 2026-05-30T01:52:17.382742500Z [WARNING] DbModule Slow response from upstream service
00001654 2026-05-30T01:52:17.426742500Z [DEBUG] AuthModule Lock acquired on resource pool
00001655 2026-05-30T01:52:17.488742500Z [WARNING] ApiModule Deprecated API endpoint used
00001656 2026-05-30T01:52:17.469742500Z [DEBUG] CacheModule Garbage collection triggered
00001657 2026-05-30T01:52:17.463742500Z [INFO] AuthModule Request processed in 42 ms
00001658 2026-05-30T01:52:17.526742500Z [INFO] UiModule Connection established to upstream
00001659 2026-05-30T01:52:17.540742500Z [DEBUG] DbModule Lock acquired on resource pool
00001660 2026-05-30T01:52:17.670742500Z [INFO] CacheModule Cache hit ratio: 0.85
00001661 2026-05-30T01:52:17.673742500Z [INFO] UiModule Configuration loaded from disk
00001662 2026-05-30T01:52:17.742742500Z [DEBUG] UiModule Trace: stack depth = 1488
00001663 2026-05-30T01:52:17.778742500Z [INFO] DbModule Background task started
00001664 2026-05-30T01:52:17.726742500Z [WARNING] UiModule Retry attempt 2 of 3
00001665 2026-05-30T01:52:17.762742500Z [INFO] DbModule Background task started
00001666 2026-05-30T01:52:17.805742500Z [DEBUG] NetModule Variable x = 67
00001667 2026-05-30T01:52:17.842742500Z [INFO] CoreModule Background task started
00001668 2026-05-30T01:52:17.954742500Z [WARNING] CacheModule Slow response from upstream service
00001669 2026-05-30T01:52:17.986742500Z [INFO] CoreModule Connection established to upstream
00001670 2026-05-30T01:52:18.018742500Z [INFO] AuthModule Request processed in 42 ms
00001671 2026-05-30T01:52:17.984742500Z [INFO] CacheModule Cache hit ratio: 0.85
00001672 2026-05-30T01:52:18.025742500Z [INFO] AuthModule User logged in successfully
00001673 2026-05-30T01:52:18.139742500Z [INFO] ApiModule Cache hit ratio: 0.85
00001674 2026-05-30T01:52:18.160742500Z [DEBUG] NetModule Garbage collection triggered
00001675 2026-05-30T01:52:18.205742500Z [INFO] CoreModule Request processed in 42 ms
00001676 2026-05-30T01:52:18.193742500Z [DEBUG] DbModule Lock acquired on resource pool
00001677 2026-05-30T01:52:18.298742500Z [INFO] DbModule Request processed in 42 ms
00001678 2026-05-30T01:52:18.276742500Z [INFO] UiModule Request processed in 42 ms
00001679 2026-05-30T01:52:18.362742500Z [INFO] CacheModule Connection established to upstream
00001680 2026-05-30T01:52:18.381742500Z [WARNING] ApiModule High memory usage detected (85%)
00001681 2026-05-30T01:52:18.439742500Z [INFO] DbModule Cache hit ratio: 0.85
00001682 2026-05-30T01:52:18.449742500Z [DEBUG] CoreModule Entering method handleRequest()
00001683 2026-05-30T01:52:18.518742500Z [ERROR] NetModule File not found: config.yaml
00001684 2026-05-30T01:52:18.500742500Z [INFO] CoreModule Configuration loaded from disk
00001685 2026-05-30T01:52:18.592742500Z [INFO] AuthModule Configuration loaded from disk
00001686 2026-05-30T01:52:18.558742500Z [DEBUG] CacheModule Variable x = 67
00001687 2026-05-30T01:52:18.575742500Z [INFO] DbModule Configuration loaded from disk
00001688 2026-05-30T01:52:18.644742500Z [INFO] AuthModule User logged in successfully
00001689 2026-05-30T01:52:18.712742500Z [INFO] CoreModule Connection established to upstream
00001690 2026-05-30T01:52:18.781742500Z [DEBUG] CacheModule Entering method handleRequest()
00001691 2026-05-30T01:52:18.724742500Z [DEBUG] AuthModule Lock acquired on resource pool
00001692 2026-05-30T01:52:18.847742500Z [INFO] CoreModule User logged in successfully
00001693 2026-05-30T01:52:18.833742500Z [INFO] NetModule Background task started
00001694 2026-05-30T01:52:18.885742500Z [INFO] UiModule Connection established to upstream
00001695 2026-05-30T01:52:18.899742500Z [WARNING] DbModule Retry attempt 2 of 3
00001696 2026-05-30T01:52:18.909742500Z [DEBUG] DbModule Lock acquired on resource pool
00001697 2026-05-30T01:52:18.957742500Z [DEBUG] CoreModule Trace: stack depth = 1488
00001698 2026-05-30T01:52:19.033742500Z [DEBUG] AuthModule Lock acquired on resource pool
00001699 2026-05-30T01:52:19.031742500Z [DEBUG] CoreModule Garbage collection triggered
00001700 2026-05-30T01:52:19.138742500Z [INFO] DbModule Background task started
00001701 2026-05-30T01:52:19.132742500Z [INFO] CacheModule Background task started
00001702 2026-05-30T01:52:19.190742500Z [INFO] AuthModule Configuration loaded from disk
00001703 2026-05-30T01:52:19.171742500Z [INFO] AuthModule Connection established to upstream
00001704 2026-05-30T01:52:19.283742500Z [DEBUG] ApiModule Variable x = 67
00001705 2026-05-30T01:52:19.323742500Z [DEBUG] AuthModule Entering method handleRequest()
00001706 2026-05-30T01:52:19.279742500Z [INFO] ApiModule User logged in successfully
00001707 2026-05-30T01:52:19.340742500Z [DEBUG] CoreModule Lock acquired on resource pool
00001708 2026-05-30T01:52:19.417742500Z [CRITICAL] NetModule Kernel panic in subsystem
00001709 2026-05-30T01:52:19.449742500Z [INFO] CoreModule Configuration loaded from disk
00001710 2026-05-30T01:52:19.427742500Z [INFO] ApiModule User logged in successfully
00001711 2026-05-30T01:52:19.522742500Z [INFO] ApiModule Configuration loaded from disk
00001712 2026-05-30T01:52:19.520742500Z [WARNING] DbModule Retry attempt 2 of 3
00001713 2026-05-30T01:52:19.557742500Z [INFO] DbModule Configuration loaded from disk
00001714 2026-05-30T01:52:19.608742500Z [INFO] UiModule Cache hit ratio: 0.85
00001715 2026-05-30T01:52:19.610742500Z [DEBUG] ApiModule Entering method handleRequest()
00001716 2026-05-30T01:52:19.732742500Z [INFO] UiModule Cache hit ratio: 0.85
00001717 2026-05-30T01:52:19.777742500Z [INFO] ApiModule Cache hit ratio: 0.85
00001718 2026-05-30T01:52:19.761742500Z [INFO] ApiModule Configuration loaded from disk
00001719 2026-05-30T01:52:19.812742500Z [INFO] CoreModule Configuration loaded from disk
00001720 2026-05-30T01:52:19.846742500Z [INFO] NetModule Cache hit ratio: 0.85
00001721 2026-05-30T01:52:19.891742500Z [INFO] UiModule Background task started
00001722 2026-05-30T01:52:19.872742500Z [DEBUG] DbModule Trace: stack depth = 1488
00001723 2026-05-30T01:52:19.994742500Z [INFO] DbModule User logged in successfully
00001724 2026-05-30T01:52:20.035742500Z [INFO] UiModule User logged in successfully
00001725 2026-05-30T01:52:20.067742500Z [WARNING] AuthModule Deprecated API endpoint used
00001726 2026-05-30T01:52:20.080742500Z [INFO] NetModule Request processed in 42 ms
00001727 2026-05-30T01:52:20.146742500Z [INFO] NetModule Connection established to upstream
00001728 2026-05-30T01:52:20.106742500Z [INFO] DbModule User logged in successfully
00001729 2026-05-30T01:52:20.146742500Z [WARNING] DbModule High memory usage detected (85%)
00001730 2026-05-30T01:52:20.231742500Z [DEBUG] CacheModule Lock acquired on resource pool
00001731 2026-05-30T01:52:20.267742500Z [CRITICAL] AuthModule Kernel panic in subsystem
00001732 2026-05-30T01:52:20.282742500Z [WARNING] CoreModule High memory usage detected (85%)
00001733 2026-05-30T01:52:20.328742500Z [DEBUG] DbModule Garbage collection triggered
00001734 2026-05-30T01:52:20.327742500Z [INFO] ApiModule User logged in successfully
00001735 2026-05-30T01:52:20.392742500Z [INFO] NetModule Configuration loaded from disk
00001736 2026-05-30T01:52:20.464742500Z [INFO] ApiModule Configuration loaded from disk
00001737 2026-05-30T01:52:20.454742500Z [ERROR] DbModule Authorization rejected for user
00001738 2026-05-30T01:52:20.476742500Z [INFO] CoreModule Cache hit ratio: 0.85
00001739 2026-05-30T01:52:20.566742500Z [DEBUG] CacheModule Variable x = 67
00001740 2026-05-30T01:52:20.572742500Z [DEBUG] AuthModule Variable x = 67
00001741 2026-05-30T01:52:20.619742500Z [DEBUG] CoreModule Trace: stack depth = 1488
00001742 2026-05-30T01:52:20.620742500Z [WARNING] AuthModule Slow response from upstream service
00001743 2026-05-30T01:52:20.728742500Z [INFO] CoreModule Configuration loaded from disk
00001744 2026-05-30T01:52:20.748742500Z [INFO] AuthModule User logged in successfully
00001745 2026-05-30T01:52:20.761742500Z [DEBUG] ApiModule Entering method handleRequest()
00001746 2026-05-30T01:52:20.805742500Z [INFO] NetModule Configuration loaded from disk
00001747 2026-05-30T01:52:20.826742500Z [DEBUG] DbModule Trace: stack depth = 1488
00001748 2026-05-30T01:52:20.895742500Z [DEBUG] UiModule Garbage collection triggered
00001749 2026-05-30T01:52:20.932742500Z [INFO] CacheModule Request processed in 42 ms
00001750 2026-05-30T01:52:20.990742500Z [INFO] UiModule Background task started
00001751 2026-05-30T01:52:20.948742500Z [INFO] CoreModule Connection established to upstream
00001752 2026-05-30T01:52:21.030742500Z [INFO] CacheModule Cache hit ratio: 0.85
00001753 2026-05-30T01:52:21.057742500Z [DEBUG] CoreModule Variable x = 67
00001754 2026-05-30T01:52:21.125742500Z [CRITICAL] ApiModule Disk full, cannot continue
00001755 2026-05-30T01:52:21.131742500Z [DEBUG] DbModule Garbage collection triggered
00001756 2026-05-30T01:52:21.197742500Z [INFO] UiModule User logged in successfully
00001757 2026-05-30T01:52:21.200742500Z [WARNING] DbModule Slow response from upstream service
00001758 2026-05-30T01:52:21.200742500Z [INFO] CoreModule User logged in successfully
00001759 2026-05-30T01:52:21.240742500Z [WARNING] ApiModule Deprecated API endpoint used
00001760 2026-05-30T01:52:21.278742500Z [DEBUG] CacheModule Entering method handleRequest()
00001761 2026-05-30T01:52:21.410742500Z [WARNING] UiModule Retry attempt 2 of 3
00001762 2026-05-30T01:52:21.391742500Z [DEBUG] AuthModule Variable x = 67
00001763 2026-05-30T01:52:21.410742500Z [WARNING] CacheModule Slow response from upstream service
00001764 2026-05-30T01:52:21.428742500Z [DEBUG] UiModule Variable x = 67
00001765 2026-05-30T01:52:21.490742500Z [INFO] NetModule Connection established to upstream
00001766 2026-05-30T01:52:21.584742500Z [WARNING] ApiModule High memory usage detected (85%)
00001767 2026-05-30T01:52:21.571742500Z [ERROR] CoreModule Null pointer in handler
00001768 2026-05-30T01:52:21.604742500Z [DEBUG] CacheModule Trace: stack depth = 1488
00001769 2026-05-30T01:52:21.635742500Z [INFO] NetModule Cache hit ratio: 0.85
00001770 2026-05-30T01:52:21.652742500Z [INFO] ApiModule Request processed in 42 ms
00001771 2026-05-30T01:52:21.734742500Z [DEBUG] NetModule Lock acquired on resource pool
00001772 2026-05-30T01:52:21.742742500Z [WARNING] CacheModule Deprecated API endpoint used
00001773 2026-05-30T01:52:21.851742500Z [INFO] CoreModule Cache hit ratio: 0.85
00001774 2026-05-30T01:52:21.812742500Z [WARNING] NetModule Retry attempt 2 of 3
00001775 2026-05-30T01:52:21.853742500Z [ERROR] CacheModule Failed to parse JSON payload
00001776 2026-05-30T01:52:21.924742500Z [DEBUG] UiModule Variable x = 67
00001777 2026-05-30T01:52:21.948742500Z [INFO] CoreModule Cache hit ratio: 0.85
00001778 2026-05-30T01:52:21.961742500Z [DEBUG] ApiModule Variable x = 67
00001779 2026-05-30T01:52:22.035742500Z [INFO] UiModule User logged in successfully
00001780 2026-05-30T01:52:22.084742500Z [DEBUG] ApiModule Lock acquired on resource pool
00001781 2026-05-30T01:52:22.114742500Z [DEBUG] CacheModule Lock acquired on resource pool
00001782 2026-05-30T01:52:22.141742500Z [WARNING] NetModule Slow response from upstream service
00001783 2026-05-30T01:52:22.211742500Z [DEBUG] CacheModule Entering method handleRequest()
00001784 2026-05-30T01:52:22.173742500Z [INFO] NetModule Request processed in 42 ms
00001785 2026-05-30T01:52:22.266742500Z [DEBUG] NetModule Garbage collection triggered
00001786 2026-05-30T01:52:22.292742500Z [INFO] UiModule Request processed in 42 ms
00001787 2026-05-30T01:52:22.362742500Z [DEBUG] AuthModule Garbage collection triggered
00001788 2026-05-30T01:52:22.382742500Z [WARNING] CacheModule High memory usage detected (85%)
00001789 2026-05-30T01:52:22.355742500Z [INFO] AuthModule Cache hit ratio: 0.85
00001790 2026-05-30T01:52:22.483742500Z [INFO] DbModule Cache hit ratio: 0.85
00001791 2026-05-30T01:52:22.432742500Z [INFO] UiModule User logged in successfully
00001792 2026-05-30T01:52:22.541742500Z [WARNING] AuthModule Slow response from upstream service
00001793 2026-05-30T01:52:22.552742500Z [DEBUG] DbModule Garbage collection triggered
00001794 2026-05-30T01:52:22.534742500Z [INFO] DbModule Connection established to upstream
00001795 2026-05-30T01:52:22.639742500Z [DEBUG] ApiModule Garbage collection triggered
00001796 2026-05-30T01:52:22.668742500Z [INFO] DbModule Connection established to upstream
00001797 2026-05-30T01:52:22.687742500Z [DEBUG] ApiModule Trace: stack depth = 1488
00001798 2026-05-30T01:52:22.750742500Z [DEBUG] DbModule Trace: stack depth = 1488
00001799 2026-05-30T01:52:22.765742500Z [ERROR] CoreModule Authorization rejected for user
00001800 2026-05-30T01:52:22.834742500Z [CRITICAL] DbModule Disk full, cannot continue
00001801 2026-05-30T01:52:22.819742500Z [WARNING] NetModule High memory usage detected (85%)
00001802 2026-05-30T01:52:22.831742500Z [DEBUG] CoreModule Entering method handleRequest()
00001803 2026-05-30T01:52:22.897742500Z [INFO] AuthModule Connection established to upstream
00001804 2026-05-30T01:52:22.974742500Z [WARNING] ApiModule Deprecated API endpoint used
00001805 2026-05-30T01:52:22.977742500Z [INFO] NetModule User logged in successfully
00001806 2026-05-30T01:52:23.070742500Z [INFO] UiModule Configuration loaded from disk
00001807 2026-05-30T01:52:23.053742500Z [INFO] UiModule Configuration loaded from disk
00001808 2026-05-30T01:52:23.134742500Z [ERROR] CacheModule Connection timeout to database
00001809 2026-05-30T01:52:23.169742500Z [WARNING] ApiModule High memory usage detected (85%)
00001810 2026-05-30T01:52:23.211742500Z [DEBUG] ApiModule Lock acquired on resource pool
00001811 2026-05-30T01:52:23.240742500Z [INFO] DbModule Configuration loaded from disk
00001812 2026-05-30T01:52:23.220742500Z [DEBUG] ApiModule Lock acquired on resource pool
00001813 2026-05-30T01:52:23.262742500Z [WARNING] DbModule Slow response from upstream service
00001814 2026-05-30T01:52:23.299742500Z [DEBUG] ApiModule Lock acquired on resource pool
00001815 2026-05-30T01:52:23.316742500Z [INFO] DbModule Configuration loaded from disk
00001816 2026-05-30T01:52:23.423742500Z [WARNING] AuthModule Slow response from upstream service
00001817 2026-05-30T01:52:23.397742500Z [WARNING] DbModule High memory usage detected (85%)
00001818 2026-05-30T01:52:23.490742500Z [INFO] CacheModule User logged in successfully
00001819 2026-05-30T01:52:23.472742500Z [INFO] AuthModule User logged in successfully
00001820 2026-05-30T01:52:23.565742500Z [INFO] ApiModule Request processed in 42 ms
00001821 2026-05-30T01:52:23.589742500Z [INFO] CoreModule Background task started
00001822 2026-05-30T01:52:23.629742500Z [WARNING] DbModule High memory usage detected (85%)
00001823 2026-05-30T01:52:23.619742500Z [DEBUG] ApiModule Garbage collection triggered
00001824 2026-05-30T01:52:23.714742500Z [DEBUG] UiModule Entering method handleRequest()
00001825 2026-05-30T01:52:23.765742500Z [DEBUG] CoreModule Garbage collection triggered
00001826 2026-05-30T01:52:23.783742500Z [INFO] NetModule Request processed in 42 ms
00001827 2026-05-30T01:52:23.834742500Z [DEBUG] CacheModule Variable x = 67
00001828 2026-05-30T01:52:23.839742500Z [INFO] CoreModule Request processed in 42 ms
00001829 2026-05-30T01:52:23.846742500Z [INFO] AuthModule Request processed in 42 ms
00001830 2026-05-30T01:52:23.900742500Z [DEBUG] UiModule Garbage collection triggered
00001831 2026-05-30T01:52:23.985742500Z [DEBUG] CoreModule Variable x = 67
00001832 2026-05-30T01:52:24.027742500Z [INFO] ApiModule Connection established to upstream
00001833 2026-05-30T01:52:24.005742500Z [INFO] CoreModule Connection established to upstream
00001834 2026-05-30T01:52:24.048742500Z [INFO] CacheModule Configuration loaded from disk
00001835 2026-05-30T01:52:24.086742500Z [INFO] DbModule Request processed in 42 ms
00001836 2026-05-30T01:52:24.112742500Z [DEBUG] NetModule Garbage collection triggered
00001837 2026-05-30T01:52:24.138742500Z [INFO] DbModule Background task started
00001838 2026-05-30T01:52:24.171742500Z [INFO] CacheModule Configuration loaded from disk
00001839 2026-05-30T01:52:24.247742500Z [WARNING] AuthModule Slow response from upstream service
00001840 2026-05-30T01:52:24.242742500Z [DEBUG] AuthModule Garbage collection triggered
00001841 2026-05-30T01:52:24.349742500Z [INFO] NetModule User logged in successfully
00001842 2026-05-30T01:52:24.400742500Z [WARNING] ApiModule High memory usage detected (85%)
00001843 2026-05-30T01:52:24.347742500Z [DEBUG] CacheModule Lock acquired on resource pool
00001844 2026-05-30T01:52:24.438742500Z [INFO] NetModule Configuration loaded from disk
00001845 2026-05-30T01:52:24.469742500Z [DEBUG] NetModule Entering method handleRequest()
00001846 2026-05-30T01:52:24.524742500Z [DEBUG] UiModule Entering method handleRequest()
00001847 2026-05-30T01:52:24.548742500Z [INFO] CoreModule User logged in successfully
00001848 2026-05-30T01:52:24.591742500Z [INFO] CoreModule Configuration loaded from disk
00001849 2026-05-30T01:52:24.570742500Z [WARNING] DbModule Deprecated API endpoint used
00001850 2026-05-30T01:52:24.698742500Z [DEBUG] DbModule Garbage collection triggered
00001851 2026-05-30T01:52:24.689742500Z [WARNING] CoreModule High memory usage detected (85%)
00001852 2026-05-30T01:52:24.755742500Z [INFO] CoreModule Connection established to upstream
00001853 2026-05-30T01:52:24.745742500Z [INFO] AuthModule User logged in successfully
00001854 2026-05-30T01:52:24.785742500Z [DEBUG] ApiModule Variable x = 67
00001855 2026-05-30T01:52:24.868742500Z [WARNING] DbModule Retry attempt 2 of 3
00001856 2026-05-30T01:52:24.869742500Z [WARNING] NetModule Retry attempt 2 of 3
00001857 2026-05-30T01:52:24.900742500Z [INFO] UiModule User logged in successfully
00001858 2026-05-30T01:52:24.935742500Z [INFO] DbModule User logged in successfully
00001859 2026-05-30T01:52:24.988742500Z [ERROR] AuthModule Authorization rejected for user
00001860 2026-05-30T01:52:25.008742500Z [INFO] UiModule User logged in successfully
00001861 2026-05-30T01:52:25.040742500Z [INFO] ApiModule Request processed in 42 ms
00001862 2026-05-30T01:52:25.087742500Z [INFO] CoreModule Request processed in 42 ms
00001863 2026-05-30T01:52:25.116742500Z [DEBUG] UiModule Lock acquired on resource pool
00001864 2026-05-30T01:52:25.146742500Z [DEBUG] ApiModule Lock acquired on resource pool
00001865 2026-05-30T01:52:25.178742500Z [DEBUG] CoreModule Variable x = 67
00001866 2026-05-30T01:52:25.248742500Z [INFO] CoreModule Cache hit ratio: 0.85
00001867 2026-05-30T01:52:25.277742500Z [INFO] CoreModule Background task started
00001868 2026-05-30T01:52:25.357742500Z [ERROR] AuthModule Failed to parse JSON payload
00001869 2026-05-30T01:52:25.354742500Z [WARNING] CacheModule High memory usage detected (85%)
00001870 2026-05-30T01:52:25.443742500Z [DEBUG] DbModule Variable x = 67
00001871 2026-05-30T01:52:25.435742500Z [INFO] AuthModule Connection established to upstream
00001872 2026-05-30T01:52:25.441742500Z [INFO] CoreModule User logged in successfully
00001873 2026-05-30T01:52:25.512742500Z [INFO] CacheModule User logged in successfully
00001874 2026-05-30T01:52:25.539742500Z [INFO] UiModule Configuration loaded from disk
00001875 2026-05-30T01:52:25.540742500Z [WARNING] CacheModule High memory usage detected (85%)
00001876 2026-05-30T01:52:25.582742500Z [DEBUG] NetModule Trace: stack depth = 1488
00001877 2026-05-30T01:52:25.698742500Z [DEBUG] CoreModule Variable x = 67
00001878 2026-05-30T01:52:25.659742500Z [INFO] DbModule Configuration loaded from disk
00001879 2026-05-30T01:52:25.774742500Z [DEBUG] DbModule Trace: stack depth = 1488
00001880 2026-05-30T01:52:25.797742500Z [INFO] AuthModule User logged in successfully
00001881 2026-05-30T01:52:25.770742500Z [CRITICAL] DbModule Disk full, cannot continue
00001882 2026-05-30T01:52:25.801742500Z [WARNING] CacheModule Slow response from upstream service
00001883 2026-05-30T01:52:25.844742500Z [WARNING] UiModule High memory usage detected (85%)
00001884 2026-05-30T01:52:25.923742500Z [DEBUG] UiModule Garbage collection triggered
00001885 2026-05-30T01:52:25.988742500Z [INFO] AuthModule User logged in successfully
00001886 2026-05-30T01:52:25.956742500Z [INFO] ApiModule Request processed in 42 ms
00001887 2026-05-30T01:52:26.040742500Z [WARNING] NetModule Slow response from upstream service
00001888 2026-05-30T01:52:26.024742500Z [CRITICAL] DbModule Disk full, cannot continue
00001889 2026-05-30T01:52:26.089742500Z [INFO] UiModule Connection established to upstream
00001890 2026-05-30T01:52:26.182742500Z [INFO] AuthModule Background task started
00001891 2026-05-30T01:52:26.133742500Z [INFO] CacheModule Configuration loaded from disk
00001892 2026-05-30T01:52:26.180742500Z [INFO] AuthModule Configuration loaded from disk
00001893 2026-05-30T01:52:26.293742500Z [WARNING] ApiModule High memory usage detected (85%)
00001894 2026-05-30T01:52:26.286742500Z [DEBUG] AuthModule Entering method handleRequest()
00001895 2026-05-30T01:52:26.337742500Z [INFO] DbModule Connection established to upstream
00001896 2026-05-30T01:52:26.380742500Z [ERROR] UiModule Authorization rejected for user
00001897 2026-05-30T01:52:26.413742500Z [DEBUG] DbModule Variable x = 67
00001898 2026-05-30T01:52:26.382742500Z [INFO] AuthModule Cache hit ratio: 0.85
00001899 2026-05-30T01:52:26.460742500Z [WARNING] NetModule Slow response from upstream service
00001900 2026-05-30T01:52:26.549742500Z [DEBUG] ApiModule Variable x = 67
00001901 2026-05-30T01:52:26.544742500Z [DEBUG] DbModule Variable x = 67
00001902 2026-05-30T01:52:26.561742500Z [CRITICAL] NetModule Unrecoverable error in main loop
00001903 2026-05-30T01:52:26.610742500Z [WARNING] UiModule Deprecated API endpoint used
00001904 2026-05-30T01:52:26.634742500Z [DEBUG] AuthModule Garbage collection triggered
00001905 2026-05-30T01:52:26.689742500Z [INFO] CoreModule Cache hit ratio: 0.85
00001906 2026-05-30T01:52:26.685742500Z [INFO] UiModule Cache hit ratio: 0.85
00001907 2026-05-30T01:52:26.752742500Z [WARNING] UiModule High memory usage detected (85%)
00001908 2026-05-30T01:52:26.802742500Z [INFO] CacheModule Request processed in 42 ms
00001909 2026-05-30T01:52:26.805742500Z [INFO] DbModule Cache hit ratio: 0.85
00001910 2026-05-30T01:52:26.916742500Z [INFO] UiModule Background task started
00001911 2026-05-30T01:52:26.918742500Z [INFO] AuthModule User logged in successfully
00001912 2026-05-30T01:52:26.966742500Z [WARNING] AuthModule Slow response from upstream service
00001913 2026-05-30T01:52:27.013742500Z [INFO] ApiModule Request processed in 42 ms
00001914 2026-05-30T01:52:26.990742500Z [INFO] CoreModule Cache hit ratio: 0.85
00001915 2026-05-30T01:52:27.093742500Z [ERROR] CoreModule Null pointer in handler
00001916 2026-05-30T01:52:27.062742500Z [INFO] NetModule Cache hit ratio: 0.85
00001917 2026-05-30T01:52:27.113742500Z [DEBUG] UiModule Garbage collection triggered
00001918 2026-05-30T01:52:27.141742500Z [WARNING] UiModule Retry attempt 2 of 3
00001919 2026-05-30T01:52:27.250742500Z [INFO] DbModule Connection established to upstream
00001920 2026-05-30T01:52:27.284742500Z [INFO] DbModule Connection established to upstream
00001921 2026-05-30T01:52:27.266742500Z [INFO] ApiModule Cache hit ratio: 0.85
00001922 2026-05-30T01:52:27.327742500Z [WARNING] ApiModule Deprecated API endpoint used
00001923 2026-05-30T01:52:27.352742500Z [WARNING] CoreModule Slow response from upstream service
00001924 2026-05-30T01:52:27.387742500Z [INFO] UiModule Request processed in 42 ms
00001925 2026-05-30T01:52:27.460742500Z [INFO] NetModule Background task started
00001926 2026-05-30T01:52:27.494742500Z [DEBUG] ApiModule Trace: stack depth = 1488
00001927 2026-05-30T01:52:27.497742500Z [WARNING] NetModule High memory usage detected (85%)
00001928 2026-05-30T01:52:27.548742500Z [DEBUG] AuthModule Variable x = 67
00001929 2026-05-30T01:52:27.607742500Z [INFO] CacheModule Cache hit ratio: 0.85
00001930 2026-05-30T01:52:27.602742500Z [ERROR] AuthModule Null pointer in handler
00001931 2026-05-30T01:52:27.664742500Z [WARNING] CoreModule Slow response from upstream service
00001932 2026-05-30T01:52:27.663742500Z [DEBUG] NetModule Lock acquired on resource pool
00001933 2026-05-30T01:52:27.700742500Z [DEBUG] CacheModule Trace: stack depth = 1488
00001934 2026-05-30T01:52:27.793742500Z [INFO] CoreModule Request processed in 42 ms
00001935 2026-05-30T01:52:27.844742500Z [CRITICAL] CoreModule Kernel panic in subsystem
00001936 2026-05-30T01:52:27.842742500Z [INFO] UiModule Request processed in 42 ms
00001937 2026-05-30T01:52:27.904742500Z [DEBUG] DbModule Lock acquired on resource pool
00001938 2026-05-30T01:52:27.949742500Z [INFO] CacheModule Connection established to upstream
00001939 2026-05-30T01:52:27.978742500Z [INFO] AuthModule Request processed in 42 ms
00001940 2026-05-30T01:52:27.991742500Z [DEBUG] UiModule Lock acquired on resource pool
00001941 2026-05-30T01:52:28.012742500Z [INFO] UiModule Configuration loaded from disk
00001942 2026-05-30T01:52:28.024742500Z [DEBUG] CoreModule Trace: stack depth = 1488
00001943 2026-05-30T01:52:28.074742500Z [INFO] UiModule Configuration loaded from disk
00001944 2026-05-30T01:52:28.169742500Z [INFO] UiModule Cache hit ratio: 0.85
00001945 2026-05-30T01:52:28.166742500Z [INFO] ApiModule Background task started
00001946 2026-05-30T01:52:28.202742500Z [WARNING] NetModule High memory usage detected (85%)
00001947 2026-05-30T01:52:28.193742500Z [DEBUG] CoreModule Entering method handleRequest()
00001948 2026-05-30T01:52:28.275742500Z [ERROR] DbModule Failed to parse JSON payload
00001949 2026-05-30T01:52:28.273742500Z [WARNING] UiModule Retry attempt 2 of 3
00001950 2026-05-30T01:52:28.377742500Z [WARNING] DbModule Slow response from upstream service
00001951 2026-05-30T01:52:28.395742500Z [CRITICAL] CacheModule Unrecoverable error in main loop
00001952 2026-05-30T01:52:28.395742500Z [INFO] CoreModule Connection established to upstream
00001953 2026-05-30T01:52:28.432742500Z [DEBUG] UiModule Entering method handleRequest()
00001954 2026-05-30T01:52:28.458742500Z [WARNING] CacheModule Retry attempt 2 of 3
00001955 2026-05-30T01:52:28.557742500Z [INFO] AuthModule Background task started
00001956 2026-05-30T01:52:28.527742500Z [WARNING] UiModule Retry attempt 2 of 3
00001957 2026-05-30T01:52:28.593742500Z [INFO] CoreModule Cache hit ratio: 0.85
00001958 2026-05-30T01:52:28.674742500Z [INFO] UiModule Background task started
00001959 2026-05-30T01:52:28.672742500Z [INFO] CoreModule User logged in successfully
00001960 2026-05-30T01:52:28.739742500Z [WARNING] CoreModule Slow response from upstream service
00001961 2026-05-30T01:52:28.795742500Z [INFO] UiModule Request processed in 42 ms
00001962 2026-05-30T01:52:28.753742500Z [WARNING] ApiModule High memory usage detected (85%)
00001963 2026-05-30T01:52:28.823742500Z [INFO] ApiModule User logged in successfully
00001964 2026-05-30T01:52:28.915742500Z [DEBUG] NetModule Trace: stack depth = 1488
00001965 2026-05-30T01:52:28.904742500Z [DEBUG] ApiModule Trace: stack depth = 1488
00001966 2026-05-30T01:52:28.900742500Z [INFO] AuthModule Cache hit ratio: 0.85
00001967 2026-05-30T01:52:28.944742500Z [DEBUG] UiModule Entering method handleRequest()
00001968 2026-05-30T01:52:28.992742500Z [DEBUG] NetModule Variable x = 67
00001969 2026-05-30T01:52:29.082742500Z [INFO] AuthModule User logged in successfully
00001970 2026-05-30T01:52:29.135742500Z [WARNING] DbModule Deprecated API endpoint used
00001971 2026-05-30T01:52:29.099742500Z [WARNING] AuthModule Slow response from upstream service
00001972 2026-05-30T01:52:29.151742500Z [WARNING] CoreModule High memory usage detected (85%)
00001973 2026-05-30T01:52:29.220742500Z [INFO] UiModule Background task started
00001974 2026-05-30T01:52:29.275742500Z [ERROR] ApiModule Failed to parse JSON payload
00001975 2026-05-30T01:52:29.239742500Z [INFO] CoreModule Connection established to upstream
00001976 2026-05-30T01:52:29.279742500Z [INFO] NetModule Request processed in 42 ms
00001977 2026-05-30T01:52:29.373742500Z [WARNING] AuthModule High memory usage detected (85%)
00001978 2026-05-30T01:52:29.364742500Z [INFO] CoreModule Cache hit ratio: 0.85
00001979 2026-05-30T01:52:29.459742500Z [INFO] ApiModule Connection established to upstream
00001980 2026-05-30T01:52:29.471742500Z [DEBUG] ApiModule Entering method handleRequest()
00001981 2026-05-30T01:52:29.548742500Z [DEBUG] CacheModule Trace: stack depth = 1488
00001982 2026-05-30T01:52:29.491742500Z [INFO] UiModule User logged in successfully
00001983 2026-05-30T01:52:29.574742500Z [WARNING] UiModule Deprecated API endpoint used
00001984 2026-05-30T01:52:29.581742500Z [DEBUG] DbModule Garbage collection triggered
00001985 2026-05-30T01:52:29.681742500Z [DEBUG] AuthModule Entering method handleRequest()
00001986 2026-05-30T01:52:29.668742500Z [INFO] NetModule Cache hit ratio: 0.85
00001987 2026-05-30T01:52:29.758742500Z [DEBUG] AuthModule Lock acquired on resource pool
00001988 2026-05-30T01:52:29.779742500Z [CRITICAL] CacheModule Unrecoverable error in main loop
00001989 2026-05-30T01:52:29.765742500Z [DEBUG] NetModule Entering method handleRequest()
00001990 2026-05-30T01:52:29.796742500Z [INFO] UiModule User logged in successfully
00001991 2026-05-30T01:52:29.848742500Z [INFO] CoreModule Request processed in 42 ms
00001992 2026-05-30T01:52:29.864742500Z [INFO] ApiModule Connection established to upstream
00001993 2026-05-30T01:52:29.922742500Z [INFO] CacheModule Cache hit ratio: 0.85
00001994 2026-05-30T01:52:29.975742500Z [WARNING] AuthModule Retry attempt 2 of 3
00001995 2026-05-30T01:52:30.001742500Z [WARNING] NetModule Slow response from upstream service
00001996 2026-05-30T01:52:30.046742500Z [WARNING] UiModule Deprecated API endpoint used
00001997 2026-05-30T01:52:30.049742500Z [INFO] AuthModule Configuration loaded from disk
00001998 2026-05-30T01:52:30.121742500Z [DEBUG] NetModule Entering method handleRequest()
00001999 2026-05-30T01:52:30.174742500Z [INFO] DbModule Request processed in 42 ms
00002000 2026-05-30T01:52:30.169742500Z [DEBUG] CoreModule Entering method handleRequest()
00002001 2026-05-30T01:52:30.278742500Z [INFO] NetModule Background task started
00002002 2026-05-30T01:52:30.289742500Z [INFO] UiModule Request processed in 42 ms
00002003 2026-05-30T01:52:30.358742500Z [INFO] UiModule Cache hit ratio: 0.85
00002004 2026-05-30T01:52:30.362742500Z [INFO] UiModule Cache hit ratio: 0.85
00002005 2026-05-30T01:52:30.436742500Z [INFO] CacheModule Background task started
00002006 2026-05-30T01:52:30.416742500Z [DEBUG] CacheModule Variable x = 67
00002007 2026-05-30T01:52:30.419742500Z [DEBUG] DbModule Trace: stack depth = 1488
00002008 2026-05-30T01:52:30.452742500Z [INFO] AuthModule Background task started
00002009 2026-05-30T01:52:30.519742500Z [DEBUG] ApiModule Trace: stack depth = 1488
00002010 2026-05-30T01:52:30.545742500Z [ERROR] CoreModule Authorization rejected for user
00002011 2026-05-30T01:52:30.604742500Z [DEBUG] NetModule Variable x = 67
00002012 2026-05-30T01:52:30.613742500Z [DEBUG] CoreModule Variable x = 67
00002013 2026-05-30T01:52:30.660742500Z [DEBUG] AuthModule Lock acquired on resource pool
00002014 2026-05-30T01:52:30.739742500Z [INFO] DbModule Cache hit ratio: 0.85
00002015 2026-05-30T01:52:30.808742500Z [DEBUG] UiModule Entering method handleRequest()
00002016 2026-05-30T01:52:30.793742500Z [INFO] NetModule Configuration loaded from disk
00002017 2026-05-30T01:52:30.869742500Z [DEBUG] ApiModule Garbage collection triggered
00002018 2026-05-30T01:52:30.829742500Z [INFO] DbModule Configuration loaded from disk
00002019 2026-05-30T01:52:30.932742500Z [INFO] NetModule Configuration loaded from disk
00002020 2026-05-30T01:52:30.921742500Z [INFO] CacheModule User logged in successfully
00002021 2026-05-30T01:52:30.932742500Z [DEBUG] NetModule Entering method handleRequest()
00002022 2026-05-30T01:52:31.036742500Z [DEBUG] AuthModule Lock acquired on resource pool
00002023 2026-05-30T01:52:31.088742500Z [ERROR] DbModule Null pointer in handler
00002024 2026-05-30T01:52:31.043742500Z [INFO] ApiModule Request processed in 42 ms
00002025 2026-05-30T01:52:31.107742500Z [INFO] AuthModule Configuration loaded from disk
00002026 2026-05-30T01:52:31.187742500Z [WARNING] CacheModule Retry attempt 2 of 3
00002027 2026-05-30T01:52:31.153742500Z [INFO] CoreModule Background task started
00002028 2026-05-30T01:52:31.276742500Z [DEBUG] UiModule Entering method handleRequest()
00002029 2026-05-30T01:52:31.309742500Z [DEBUG] NetModule Variable x = 67
00002030 2026-05-30T01:52:31.329742500Z [WARNING] AuthModule Retry attempt 2 of 3
00002031 2026-05-30T01:52:31.391742500Z [INFO] AuthModule Background task started
00002032 2026-05-30T01:52:31.352742500Z [DEBUG] NetModule Entering method handleRequest()
00002033 2026-05-30T01:52:31.441742500Z [DEBUG] UiModule Trace: stack depth = 1488
00002034 2026-05-30T01:52:31.484742500Z [WARNING] NetModule Deprecated API endpoint used
00002035 2026-05-30T01:52:31.472742500Z [ERROR] NetModule File not found: config.yaml
00002036 2026-05-30T01:52:31.547742500Z [WARNING] AuthModule Slow response from upstream service
00002037 2026-05-30T01:52:31.541742500Z [INFO] NetModule Cache hit ratio: 0.85
00002038 2026-05-30T01:52:31.655742500Z [INFO] NetModule User logged in successfully
00002039 2026-05-30T01:52:31.662742500Z [INFO] NetModule User logged in successfully
00002040 2026-05-30T01:52:31.635742500Z [INFO] CoreModule User logged in successfully
00002041 2026-05-30T01:52:31.756742500Z [INFO] UiModule Request processed in 42 ms
00002042 2026-05-30T01:52:31.801742500Z [WARNING] UiModule Slow response from upstream service
00002043 2026-05-30T01:52:31.840742500Z [INFO] ApiModule User logged in successfully
00002044 2026-05-30T01:52:31.810742500Z [INFO] DbModule Configuration loaded from disk
00002045 2026-05-30T01:52:31.852742500Z [DEBUG] UiModule Entering method handleRequest()
00002046 2026-05-30T01:52:31.858742500Z [DEBUG] CoreModule Trace: stack depth = 1488
00002047 2026-05-30T01:52:31.904742500Z [INFO] CacheModule Configuration loaded from disk
00002048 2026-05-30T01:52:32.003742500Z [INFO] ApiModule Configuration loaded from disk
00002049 2026-05-30T01:52:31.979742500Z [INFO] NetModule User logged in successfully
00002050 2026-05-30T01:52:32.096742500Z [INFO] CacheModule Background task started
00002051 2026-05-30T01:52:32.093742500Z [INFO] DbModule Connection established to upstream
00002052 2026-05-30T01:52:32.153742500Z [WARNING] DbModule Slow response from upstream service
00002053 2026-05-30T01:52:32.165742500Z [DEBUG] UiModule Variable x = 67
00002054 2026-05-30T01:52:32.223742500Z [INFO] UiModule Request processed in 42 ms
00002055 2026-05-30T01:52:32.202742500Z [DEBUG] CoreModule Lock acquired on resource pool
00002056 2026-05-30T01:52:32.306742500Z [DEBUG] DbModule Entering method handleRequest()
00002057 2026-05-30T01:52:32.271742500Z [DEBUG] NetModule Entering method handleRequest()
00002058 2026-05-30T01:52:32.346742500Z [DEBUG] ApiModule Variable x = 67
00002059 2026-05-30T01:52:32.408742500Z [INFO] UiModule User logged in successfully
00002060 2026-05-30T01:52:32.392742500Z [WARNING] ApiModule Deprecated API endpoint used
00002061 2026-05-30T01:52:32.460742500Z [INFO] CoreModule Configuration loaded from disk
00002062 2026-05-30T01:52:32.468742500Z [DEBUG] NetModule Garbage collection triggered
00002063 2026-05-30T01:52:32.491742500Z [DEBUG] ApiModule Trace: stack depth = 1488
00002064 2026-05-30T01:52:32.570742500Z [INFO] CoreModule Cache hit ratio: 0.85
00002065 2026-05-30T01:52:32.587742500Z [INFO] ApiModule Request processed in 42 ms
00002066 2026-05-30T01:52:32.683742500Z [DEBUG] NetModule Lock acquired on resource pool
00002067 2026-05-30T01:52:32.656742500Z [DEBUG] AuthModule Entering method handleRequest()
00002068 2026-05-30T01:52:32.759742500Z [INFO] CacheModule Connection established to upstream
00002069 2026-05-30T01:52:32.757742500Z [INFO] UiModule Connection established to upstream
00002070 2026-05-30T01:52:32.789742500Z [INFO] AuthModule Connection established to upstream
00002071 2026-05-30T01:52:32.867742500Z [DEBUG] NetModule Variable x = 67
00002072 2026-05-30T01:52:32.852742500Z [WARNING] CoreModule High memory usage detected (85%)
00002073 2026-05-30T01:52:32.919742500Z [INFO] DbModule Background task started
00002074 2026-05-30T01:52:32.906742500Z [INFO] DbModule Request processed in 42 ms
00002075 2026-05-30T01:52:32.962742500Z [WARNING] CacheModule High memory usage detected (85%)
00002076 2026-05-30T01:52:33.013742500Z [INFO] CacheModule User logged in successfully
00002077 2026-05-30T01:52:33.101742500Z [INFO] ApiModule Configuration loaded from disk
00002078 2026-05-30T01:52:33.052742500Z [DEBUG] CacheModule Variable x = 67
00002079 2026-05-30T01:52:33.087742500Z [ERROR] NetModule File not found: config.yaml
00002080 2026-05-30T01:52:33.204742500Z [INFO] UiModule Cache hit ratio: 0.85
00002081 2026-05-30T01:52:33.204742500Z [DEBUG] ApiModule Trace: stack depth = 1488
00002082 2026-05-30T01:52:33.205742500Z [INFO] UiModule Cache hit ratio: 0.85
00002083 2026-05-30T01:52:33.261742500Z [INFO] CacheModule Cache hit ratio: 0.85
00002084 2026-05-30T01:52:33.320742500Z [DEBUG] UiModule Lock acquired on resource pool
00002085 2026-05-30T01:52:33.312742500Z [INFO] AuthModule Background task started
00002086 2026-05-30T01:52:33.428742500Z [INFO] DbModule Request processed in 42 ms
00002087 2026-05-30T01:52:33.414742500Z [DEBUG] CacheModule Garbage collection triggered
00002088 2026-05-30T01:52:33.486742500Z [INFO] DbModule Configuration loaded from disk
00002089 2026-05-30T01:52:33.505742500Z [INFO] CacheModule Connection established to upstream
00002090 2026-05-30T01:52:33.583742500Z [WARNING] UiModule Deprecated API endpoint used
00002091 2026-05-30T01:52:33.581742500Z [DEBUG] CoreModule Lock acquired on resource pool
00002092 2026-05-30T01:52:33.646742500Z [INFO] AuthModule Cache hit ratio: 0.85
00002093 2026-05-30T01:52:33.601742500Z [INFO] UiModule Connection established to upstream
00002094 2026-05-30T01:52:33.704742500Z [DEBUG] NetModule Variable x = 67
00002095 2026-05-30T01:52:33.701742500Z [WARNING] AuthModule High memory usage detected (85%)
00002096 2026-05-30T01:52:33.786742500Z [DEBUG] NetModule Lock acquired on resource pool
00002097 2026-05-30T01:52:33.766742500Z [DEBUG] CacheModule Trace: stack depth = 1488
00002098 2026-05-30T01:52:33.819742500Z [ERROR] AuthModule Connection timeout to database
00002099 2026-05-30T01:52:33.895742500Z [INFO] AuthModule Configuration loaded from disk
00002100 2026-05-30T01:52:33.929742500Z [WARNING] DbModule Deprecated API endpoint used
00002101 2026-05-30T01:52:33.928742500Z [WARNING] NetModule Retry attempt 2 of 3
00002102 2026-05-30T01:52:34.014742500Z [WARNING] AuthModule Deprecated API endpoint used
00002103 2026-05-30T01:52:34.015742500Z [INFO] DbModule User logged in successfully
00002104 2026-05-30T01:52:34.056742500Z [INFO] NetModule User logged in successfully
00002105 2026-05-30T01:52:34.044742500Z [DEBUG] DbModule Variable x = 67
00002106 2026-05-30T01:52:34.123742500Z [DEBUG] AuthModule Garbage collection triggered
00002107 2026-05-30T01:52:34.158742500Z [DEBUG] DbModule Garbage collection triggered
00002108 2026-05-30T01:52:34.215742500Z [DEBUG] UiModule Garbage collection triggered
00002109 2026-05-30T01:52:34.242742500Z [WARNING] CacheModule High memory usage detected (85%)
00002110 2026-05-30T01:52:34.292742500Z [INFO] UiModule Request processed in 42 ms
00002111 2026-05-30T01:52:34.360742500Z [DEBUG] UiModule Garbage collection triggered
00002112 2026-05-30T01:52:34.300742500Z [DEBUG] CacheModule Garbage collection triggered
00002113 2026-05-30T01:52:34.351742500Z [WARNING] CacheModule Deprecated API endpoint used
00002114 2026-05-30T01:52:34.413742500Z [DEBUG] DbModule Entering method handleRequest()
00002115 2026-05-30T01:52:34.439742500Z [DEBUG] ApiModule Variable x = 67
00002116 2026-05-30T01:52:34.521742500Z [DEBUG] DbModule Entering method handleRequest()
00002117 2026-05-30T01:52:34.522742500Z [INFO] UiModule Background task started
00002118 2026-05-30T01:52:34.520742500Z [INFO] AuthModule Background task started
00002119 2026-05-30T01:52:34.585742500Z [INFO] NetModule Connection established to upstream
00002120 2026-05-30T01:52:34.666742500Z [DEBUG] DbModule Trace: stack depth = 1488
00002121 2026-05-30T01:52:34.642742500Z [WARNING] UiModule High memory usage detected (85%)
00002122 2026-05-30T01:52:34.750742500Z [DEBUG] NetModule Entering method handleRequest()
00002123 2026-05-30T01:52:34.793742500Z [ERROR] UiModule File not found: config.yaml
00002124 2026-05-30T01:52:34.751742500Z [INFO] CacheModule Request processed in 42 ms
00002125 2026-05-30T01:52:34.868742500Z [CRITICAL] NetModule Disk full, cannot continue
00002126 2026-05-30T01:52:34.820742500Z [INFO] ApiModule Connection established to upstream
00002127 2026-05-30T01:52:34.881742500Z [INFO] CacheModule Configuration loaded from disk
00002128 2026-05-30T01:52:34.953742500Z [INFO] CoreModule Background task started
00002129 2026-05-30T01:52:34.945742500Z [WARNING] CoreModule Slow response from upstream service
00002130 2026-05-30T01:52:34.994742500Z [DEBUG] NetModule Garbage collection triggered
00002131 2026-05-30T01:52:35.056742500Z [INFO] AuthModule Cache hit ratio: 0.85
00002132 2026-05-30T01:52:35.105742500Z [DEBUG] CoreModule Lock acquired on resource pool
00002133 2026-05-30T01:52:35.173742500Z [ERROR] ApiModule File not found: config.yaml
00002134 2026-05-30T01:52:35.165742500Z [ERROR] UiModule Failed to parse JSON payload
00002135 2026-05-30T01:52:35.229742500Z [DEBUG] AuthModule Trace: stack depth = 1488
00002136 2026-05-30T01:52:35.271742500Z [ERROR] CacheModule File not found: config.yaml
00002137 2026-05-30T01:52:35.296742500Z [DEBUG] AuthModule Lock acquired on resource pool
00002138 2026-05-30T01:52:35.322742500Z [DEBUG] AuthModule Variable x = 67
00002139 2026-05-30T01:52:35.341742500Z [INFO] ApiModule Background task started
00002140 2026-05-30T01:52:35.339742500Z [INFO] ApiModule User logged in successfully
00002141 2026-05-30T01:52:35.441742500Z [INFO] CoreModule Cache hit ratio: 0.85
00002142 2026-05-30T01:52:35.471742500Z [ERROR] DbModule Null pointer in handler
00002143 2026-05-30T01:52:35.480742500Z [INFO] ApiModule Request processed in 42 ms
00002144 2026-05-30T01:52:35.498742500Z [DEBUG] UiModule Lock acquired on resource pool
00002145 2026-05-30T01:52:35.524742500Z [INFO] AuthModule Cache hit ratio: 0.85
00002146 2026-05-30T01:52:35.596742500Z [ERROR] CoreModule Failed to parse JSON payload
00002147 2026-05-30T01:52:35.623742500Z [INFO] DbModule Connection established to upstream
00002148 2026-05-30T01:52:35.697742500Z [WARNING] UiModule Retry attempt 2 of 3
00002149 2026-05-30T01:52:35.762742500Z [INFO] AuthModule Connection established to upstream
00002150 2026-05-30T01:52:35.746742500Z [DEBUG] NetModule Variable x = 67
00002151 2026-05-30T01:52:35.834742500Z [DEBUG] DbModule Lock acquired on resource pool
00002152 2026-05-30T01:52:35.871742500Z [INFO] NetModule User logged in successfully
00002153 2026-05-30T01:52:35.817742500Z [WARNING] CacheModule Slow response from upstream service
00002154 2026-05-30T01:52:35.868742500Z [ERROR] UiModule Null pointer in handler
00002155 2026-05-30T01:52:35.895742500Z [WARNING] CacheModule High memory usage detected (85%)
00002156 2026-05-30T01:52:35.931742500Z [WARNING] CoreModule Slow response from upstream service
00002157 2026-05-30T01:52:36.018742500Z [INFO] CacheModule Cache hit ratio: 0.85
00002158 2026-05-30T01:52:36.006742500Z [ERROR] CoreModule File not found: config.yaml
00002159 2026-05-30T01:52:36.112742500Z [INFO] AuthModule Configuration loaded from disk
00002160 2026-05-30T01:52:36.154742500Z [INFO] CacheModule Configuration loaded from disk
00002161 2026-05-30T01:52:36.206742500Z [INFO] UiModule Connection established to upstream
00002162 2026-05-30T01:52:36.184742500Z [INFO] ApiModule Request processed in 42 ms
00002163 2026-05-30T01:52:36.224742500Z [ERROR] AuthModule Failed to parse JSON payload
00002164 2026-05-30T01:52:36.312742500Z [DEBUG] ApiModule Entering method handleRequest()
00002165 2026-05-30T01:52:36.277742500Z [INFO] AuthModule Cache hit ratio: 0.85
00002166 2026-05-30T01:52:36.358742500Z [INFO] CacheModule User logged in successfully
00002167 2026-05-30T01:52:36.401742500Z [ERROR] CoreModule Connection timeout to database
00002168 2026-05-30T01:52:36.435742500Z [DEBUG] CoreModule Garbage collection triggered
00002169 2026-05-30T01:52:36.487742500Z [INFO] DbModule Request processed in 42 ms
00002170 2026-05-30T01:52:36.543742500Z [INFO] CoreModule Connection established to upstream
00002171 2026-05-30T01:52:36.506742500Z [INFO] DbModule User logged in successfully
00002172 2026-05-30T01:52:36.586742500Z [INFO] CacheModule Background task started
00002173 2026-05-30T01:52:36.602742500Z [DEBUG] AuthModule Garbage collection triggered
00002174 2026-05-30T01:52:36.628742500Z [INFO] CacheModule Connection established to upstream
00002175 2026-05-30T01:52:36.722742500Z [INFO] UiModule Request processed in 42 ms
00002176 2026-05-30T01:52:36.714742500Z [DEBUG] CacheModule Lock acquired on resource pool
00002177 2026-05-30T01:52:36.741742500Z [WARNING] CacheModule High memory usage detected (85%)
00002178 2026-05-30T01:52:36.744742500Z [INFO] NetModule Configuration loaded from disk
00002179 2026-05-30T01:52:36.830742500Z [INFO] CoreModule User logged in successfully
00002180 2026-05-30T01:52:36.883742500Z [INFO] CacheModule Request processed in 42 ms
00002181 2026-05-30T01:52:36.889742500Z [INFO] NetModule Cache hit ratio: 0.85
00002182 2026-05-30T01:52:36.943742500Z [INFO] CoreModule User logged in successfully
00002183 2026-05-30T01:52:37.010742500Z [INFO] UiModule Background task started
00002184 2026-05-30T01:52:36.967742500Z [INFO] AuthModule Background task started
00002185 2026-05-30T01:52:37.055742500Z [INFO] UiModule Configuration loaded from disk
00002186 2026-05-30T01:52:37.125742500Z [DEBUG] AuthModule Entering method handleRequest()
00002187 2026-05-30T01:52:37.088742500Z [INFO] ApiModule Request processed in 42 ms
00002188 2026-05-30T01:52:37.205742500Z [INFO] CoreModule Cache hit ratio: 0.85
00002189 2026-05-30T01:52:37.235742500Z [INFO] ApiModule Background task started
00002190 2026-05-30T01:52:37.206742500Z [DEBUG] DbModule Lock acquired on resource pool
00002191 2026-05-30T01:52:37.301742500Z [DEBUG] CoreModule Variable x = 67
00002192 2026-05-30T01:52:37.346742500Z [WARNING] DbModule Retry attempt 2 of 3
00002193 2026-05-30T01:52:37.389742500Z [WARNING] CacheModule Deprecated API endpoint used
00002194 2026-05-30T01:52:37.420742500Z [DEBUG] AuthModule Trace: stack depth = 1488
00002195 2026-05-30T01:52:37.406742500Z [INFO] ApiModule Connection established to upstream
00002196 2026-05-30T01:52:37.430742500Z [INFO] DbModule User logged in successfully
00002197 2026-05-30T01:52:37.539742500Z [INFO] UiModule Background task started
00002198 2026-05-30T01:52:37.542742500Z [INFO] AuthModule User logged in successfully
00002199 2026-05-30T01:52:37.616742500Z [INFO] CoreModule Configuration loaded from disk
00002200 2026-05-30T01:52:37.555742500Z [DEBUG] ApiModule Entering method handleRequest()
00002201 2026-05-30T01:52:37.688742500Z [ERROR] ApiModule File not found: config.yaml
00002202 2026-05-30T01:52:37.691742500Z [CRITICAL] ApiModule Out of memory, shutting down
00002203 2026-05-30T01:52:37.714742500Z [WARNING] DbModule Retry attempt 2 of 3
00002204 2026-05-30T01:52:37.735742500Z [WARNING] ApiModule Deprecated API endpoint used
00002205 2026-05-30T01:52:37.810742500Z [INFO] CacheModule Cache hit ratio: 0.85
00002206 2026-05-30T01:52:37.864742500Z [DEBUG] DbModule Variable x = 67
00002207 2026-05-30T01:52:37.863742500Z [DEBUG] AuthModule Entering method handleRequest()
00002208 2026-05-30T01:52:37.914742500Z [INFO] CoreModule Connection established to upstream
00002209 2026-05-30T01:52:37.899742500Z [DEBUG] CacheModule Lock acquired on resource pool
00002210 2026-05-30T01:52:38.008742500Z [DEBUG] UiModule Trace: stack depth = 1488
00002211 2026-05-30T01:52:38.016742500Z [ERROR] DbModule Null pointer in handler
00002212 2026-05-30T01:52:38.096742500Z [DEBUG] DbModule Entering method handleRequest()
00002213 2026-05-30T01:52:38.075742500Z [INFO] CoreModule Request processed in 42 ms
00002214 2026-05-30T01:52:38.122742500Z [DEBUG] CoreModule Variable x = 67
00002215 2026-05-30T01:52:38.156742500Z [INFO] AuthModule Cache hit ratio: 0.85
00002216 2026-05-30T01:52:38.158742500Z [ERROR] NetModule Authorization rejected for user
00002217 2026-05-30T01:52:38.275742500Z [DEBUG] UiModule Garbage collection triggered
00002218 2026-05-30T01:52:38.256742500Z [WARNING] DbModule Slow response from upstream service
00002219 2026-05-30T01:52:38.291742500Z [WARNING] CoreModule High memory usage detected (85%)
00002220 2026-05-30T01:52:38.341742500Z [INFO] NetModule Request processed in 42 ms
00002221 2026-05-30T01:52:38.358742500Z [WARNING] CacheModule High memory usage detected (85%)
00002222 2026-05-30T01:52:38.373742500Z [INFO] CacheModule Configuration loaded from disk
00002223 2026-05-30T01:52:38.465742500Z [DEBUG] ApiModule Lock acquired on resource pool
00002224 2026-05-30T01:52:38.508742500Z [INFO] AuthModule Cache hit ratio: 0.85
00002225 2026-05-30T01:52:38.547742500Z [INFO] CoreModule Request processed in 42 ms
00002226 2026-05-30T01:52:38.539742500Z [INFO] CacheModule Request processed in 42 ms
00002227 2026-05-30T01:52:38.611742500Z [ERROR] NetModule Null pointer in handler
00002228 2026-05-30T01:52:38.598742500Z [INFO] UiModule Cache hit ratio: 0.85
00002229 2026-05-30T01:52:38.664742500Z [INFO] NetModule Connection established to upstream
00002230 2026-05-30T01:52:38.741742500Z [DEBUG] ApiModule Lock acquired on resource pool
00002231 2026-05-30T01:52:38.710742500Z [WARNING] AuthModule Slow response from upstream service
00002232 2026-05-30T01:52:38.785742500Z [WARNING] DbModule Deprecated API endpoint used
00002233 2026-05-30T01:52:38.811742500Z [INFO] CacheModule User logged in successfully
00002234 2026-05-30T01:52:38.817742500Z [INFO] UiModule Request processed in 42 ms
00002235 2026-05-30T01:52:38.897742500Z [DEBUG] NetModule Lock acquired on resource pool
00002236 2026-05-30T01:52:38.983742500Z [INFO] UiModule Connection established to upstream
00002237 2026-05-30T01:52:38.928742500Z [DEBUG] CacheModule Entering method handleRequest()
00002238 2026-05-30T01:52:39.026742500Z [INFO] ApiModule Connection established to upstream
00002239 2026-05-30T01:52:39.082742500Z [INFO] AuthModule Configuration loaded from disk
00002240 2026-05-30T01:52:39.099742500Z [DEBUG] NetModule Trace: stack depth = 1488
00002241 2026-05-30T01:52:39.148742500Z [INFO] AuthModule User logged in successfully
00002242 2026-05-30T01:52:39.190742500Z [DEBUG] CacheModule Variable x = 67
00002243 2026-05-30T01:52:39.200742500Z [DEBUG] UiModule Entering method handleRequest()
00002244 2026-05-30T01:52:39.184742500Z [INFO] CacheModule Background task started
00002245 2026-05-30T01:52:39.267742500Z [INFO] AuthModule Configuration loaded from disk
00002246 2026-05-30T01:52:39.264742500Z [ERROR] DbModule Failed to parse JSON payload
00002247 2026-05-30T01:52:39.333742500Z [DEBUG] DbModule Lock acquired on resource pool
00002248 2026-05-30T01:52:39.419742500Z [DEBUG] CacheModule Garbage collection triggered
00002249 2026-05-30T01:52:39.422742500Z [INFO] ApiModule Cache hit ratio: 0.85
00002250 2026-05-30T01:52:39.410742500Z [INFO] AuthModule Cache hit ratio: 0.85
00002251 2026-05-30T01:52:39.512742500Z [DEBUG] CoreModule Lock acquired on resource pool
00002252 2026-05-30T01:52:39.552742500Z [INFO] NetModule Connection established to upstream
00002253 2026-05-30T01:52:39.548742500Z [WARNING] NetModule Retry attempt 2 of 3
00002254 2026-05-30T01:52:39.650742500Z [INFO] ApiModule Configuration loaded from disk
00002255 2026-05-30T01:52:39.688742500Z [DEBUG] CoreModule Variable x = 67
00002256 2026-05-30T01:52:39.685742500Z [DEBUG] CacheModule Variable x = 67
00002257 2026-05-30T01:52:39.723742500Z [WARNING] NetModule High memory usage detected (85%)
00002258 2026-05-30T01:52:39.736742500Z [INFO] UiModule Request processed in 42 ms
00002259 2026-05-30T01:52:39.818742500Z [DEBUG] CacheModule Trace: stack depth = 1488
00002260 2026-05-30T01:52:39.809742500Z [INFO] AuthModule Cache hit ratio: 0.85
00002261 2026-05-30T01:52:39.867742500Z [INFO] UiModule Connection established to upstream
00002262 2026-05-30T01:52:39.946742500Z [DEBUG] DbModule Lock acquired on resource pool
00002263 2026-05-30T01:52:39.898742500Z [DEBUG] CacheModule Trace: stack depth = 1488
00002264 2026-05-30T01:52:39.993742500Z [ERROR] CoreModule File not found: config.yaml
00002265 2026-05-30T01:52:39.973742500Z [DEBUG] UiModule Lock acquired on resource pool
00002266 2026-05-30T01:52:40.030742500Z [INFO] CoreModule User logged in successfully
00002267 2026-05-30T01:52:40.042742500Z [INFO] NetModule Connection established to upstream
00002268 2026-05-30T01:52:40.137742500Z [INFO] NetModule Connection established to upstream
00002269 2026-05-30T01:52:40.133742500Z [INFO] NetModule Cache hit ratio: 0.85
00002270 2026-05-30T01:52:40.155742500Z [INFO] AuthModule Request processed in 42 ms
00002271 2026-05-30T01:52:40.248742500Z [ERROR] CacheModule Failed to parse JSON payload
00002272 2026-05-30T01:52:40.219742500Z [ERROR] NetModule Authorization rejected for user
00002273 2026-05-30T01:52:40.320742500Z [INFO] ApiModule Background task started
00002274 2026-05-30T01:52:40.294742500Z [DEBUG] CoreModule Garbage collection triggered
00002275 2026-05-30T01:52:40.422742500Z [INFO] AuthModule Configuration loaded from disk
00002276 2026-05-30T01:52:40.422742500Z [INFO] UiModule User logged in successfully
00002277 2026-05-30T01:52:40.469742500Z [DEBUG] AuthModule Lock acquired on resource pool
00002278 2026-05-30T01:52:40.472742500Z [DEBUG] DbModule Garbage collection triggered
00002279 2026-05-30T01:52:40.545742500Z [DEBUG] NetModule Garbage collection triggered
00002280 2026-05-30T01:52:40.559742500Z [DEBUG] DbModule Lock acquired on resource pool
00002281 2026-05-30T01:52:40.627742500Z [INFO] CoreModule Configuration loaded from disk
00002282 2026-05-30T01:52:40.626742500Z [INFO] CacheModule Background task started
00002283 2026-05-30T01:52:40.721742500Z [INFO] AuthModule User logged in successfully
00002284 2026-05-30T01:52:40.734742500Z [INFO] DbModule Connection established to upstream
00002285 2026-05-30T01:52:40.764742500Z [INFO] AuthModule Background task started
00002286 2026-05-30T01:52:40.822742500Z [DEBUG] CoreModule Variable x = 67
00002287 2026-05-30T01:52:40.797742500Z [ERROR] ApiModule Null pointer in handler
00002288 2026-05-30T01:52:40.885742500Z [DEBUG] AuthModule Garbage collection triggered
00002289 2026-05-30T01:52:40.918742500Z [INFO] ApiModule Configuration loaded from disk
00002290 2026-05-30T01:52:40.948742500Z [WARNING] UiModule Deprecated API endpoint used
00002291 2026-05-30T01:52:40.992742500Z [INFO] UiModule Cache hit ratio: 0.85
00002292 2026-05-30T01:52:40.958742500Z [DEBUG] DbModule Garbage collection triggered
00002293 2026-05-30T01:52:41.053742500Z [INFO] ApiModule Request processed in 42 ms
00002294 2026-05-30T01:52:41.118742500Z [DEBUG] AuthModule Entering method handleRequest()
00002295 2026-05-30T01:52:41.149742500Z [INFO] CacheModule Background task started
00002296 2026-05-30T01:52:41.188742500Z [DEBUG] NetModule Variable x = 67
00002297 2026-05-30T01:52:41.166742500Z [WARNING] DbModule Slow response from upstream service
00002298 2026-05-30T01:52:41.185742500Z [DEBUG] CacheModule Garbage collection triggered
00002299 2026-05-30T01:52:41.257742500Z [INFO] UiModule Connection established to upstream
00002300 2026-05-30T01:52:41.322742500Z [ERROR] CoreModule Null pointer in handler
00002301 2026-05-30T01:52:41.380742500Z [INFO] CoreModule User logged in successfully
00002302 2026-05-30T01:52:41.330742500Z [DEBUG] UiModule Lock acquired on resource pool
00002303 2026-05-30T01:52:41.436742500Z [INFO] ApiModule User logged in successfully
00002304 2026-05-30T01:52:41.402742500Z [WARNING] UiModule Deprecated API endpoint used
00002305 2026-05-30T01:52:41.530742500Z [DEBUG] CoreModule Trace: stack depth = 1488
00002306 2026-05-30T01:52:41.517742500Z [INFO] CacheModule User logged in successfully
00002307 2026-05-30T01:52:41.531742500Z [DEBUG] CoreModule Variable x = 67
00002308 2026-05-30T01:52:41.558742500Z [INFO] AuthModule Request processed in 42 ms
00002309 2026-05-30T01:52:41.650742500Z [ERROR] NetModule Null pointer in handler
00002310 2026-05-30T01:52:41.711742500Z [INFO] AuthModule Connection established to upstream
00002311 2026-05-30T01:52:41.750742500Z [WARNING] NetModule Deprecated API endpoint used
00002312 2026-05-30T01:52:41.757742500Z [WARNING] AuthModule Retry attempt 2 of 3
00002313 2026-05-30T01:52:41.787742500Z [WARNING] ApiModule Slow response from upstream service
00002314 2026-05-30T01:52:41.844742500Z [INFO] ApiModule Background task started
00002315 2026-05-30T01:52:41.815742500Z [INFO] ApiModule Background task started
00002316 2026-05-30T01:52:41.866742500Z [INFO] AuthModule Cache hit ratio: 0.85
00002317 2026-05-30T01:52:41.974742500Z [WARNING] CacheModule Deprecated API endpoint used
00002318 2026-05-30T01:52:41.965742500Z [DEBUG] AuthModule Lock acquired on resource pool
00002319 2026-05-30T01:52:42.040742500Z [DEBUG] CoreModule Trace: stack depth = 1488
00002320 2026-05-30T01:52:42.070742500Z [DEBUG] CacheModule Lock acquired on resource pool
00002321 2026-05-30T01:52:42.116742500Z [INFO] CacheModule Background task started
00002322 2026-05-30T01:52:42.106742500Z [INFO] NetModule Background task started
00002323 2026-05-30T01:52:42.112742500Z [INFO] CacheModule Request processed in 42 ms
00002324 2026-05-30T01:52:42.230742500Z [WARNING] CacheModule High memory usage detected (85%)
00002325 2026-05-30T01:52:42.229742500Z [INFO] NetModule Connection established to upstream
00002326 2026-05-30T01:52:42.224742500Z [DEBUG] NetModule Garbage collection triggered
00002327 2026-05-30T01:52:42.346742500Z [INFO] NetModule Request processed in 42 ms
00002328 2026-05-30T01:52:42.326742500Z [WARNING] AuthModule Deprecated API endpoint used
00002329 2026-05-30T01:52:42.333742500Z [CRITICAL] CoreModule Disk full, cannot continue
00002330 2026-05-30T01:52:42.423742500Z [WARNING] UiModule Retry attempt 2 of 3
00002331 2026-05-30T01:52:42.435742500Z [INFO] NetModule Cache hit ratio: 0.85
00002332 2026-05-30T01:52:42.461742500Z [WARNING] CacheModule Slow response from upstream service
00002333 2026-05-30T01:52:42.570742500Z [INFO] CacheModule Cache hit ratio: 0.85
00002334 2026-05-30T01:52:42.519742500Z [INFO] AuthModule User logged in successfully
00002335 2026-05-30T01:52:42.639742500Z [INFO] NetModule Connection established to upstream
00002336 2026-05-30T01:52:42.607742500Z [INFO] CacheModule Configuration loaded from disk
00002337 2026-05-30T01:52:42.715742500Z [WARNING] DbModule High memory usage detected (85%)
00002338 2026-05-30T01:52:42.751742500Z [WARNING] NetModule High memory usage detected (85%)
00002339 2026-05-30T01:52:42.743742500Z [INFO] UiModule Connection established to upstream
00002340 2026-05-30T01:52:42.801742500Z [DEBUG] AuthModule Lock acquired on resource pool
00002341 2026-05-30T01:52:42.829742500Z [DEBUG] DbModule Entering method handleRequest()
00002342 2026-05-30T01:52:42.904742500Z [DEBUG] UiModule Garbage collection triggered
00002343 2026-05-30T01:52:42.939742500Z [INFO] CoreModule Connection established to upstream
00002344 2026-05-30T01:52:42.902742500Z [DEBUG] CacheModule Trace: stack depth = 1488
00002345 2026-05-30T01:52:42.977742500Z [DEBUG] CacheModule Variable x = 67
00002346 2026-05-30T01:52:43.041742500Z [INFO] CacheModule Request processed in 42 ms
00002347 2026-05-30T01:52:43.092742500Z [INFO] NetModule Configuration loaded from disk
00002348 2026-05-30T01:52:43.108742500Z [WARNING] CacheModule Deprecated API endpoint used
00002349 2026-05-30T01:52:43.135742500Z [DEBUG] CacheModule Lock acquired on resource pool
00002350 2026-05-30T01:52:43.134742500Z [INFO] NetModule User logged in successfully
00002351 2026-05-30T01:52:43.142742500Z [DEBUG] ApiModule Variable x = 67
00002352 2026-05-30T01:52:43.211742500Z [INFO] NetModule Cache hit ratio: 0.85
00002353 2026-05-30T01:52:43.243742500Z [WARNING] CacheModule High memory usage detected (85%)
00002354 2026-05-30T01:52:43.283742500Z [CRITICAL] CoreModule Disk full, cannot continue
00002355 2026-05-30T01:52:43.387742500Z [CRITICAL] ApiModule Out of memory, shutting down
00002356 2026-05-30T01:52:43.352742500Z [DEBUG] CoreModule Entering method handleRequest()
00002357 2026-05-30T01:52:43.384742500Z [CRITICAL] CacheModule Disk full, cannot continue
00002358 2026-05-30T01:52:43.492742500Z [INFO] ApiModule Cache hit ratio: 0.85
00002359 2026-05-30T01:52:43.513742500Z [ERROR] UiModule Null pointer in handler
00002360 2026-05-30T01:52:43.498742500Z [WARNING] AuthModule Retry attempt 2 of 3
00002361 2026-05-30T01:52:43.578742500Z [WARNING] UiModule Deprecated API endpoint used
00002362 2026-05-30T01:52:43.579742500Z [INFO] NetModule Request processed in 42 ms
00002363 2026-05-30T01:52:43.635742500Z [INFO] CacheModule Background task started
00002364 2026-05-30T01:52:43.635742500Z [INFO] CoreModule Configuration loaded from disk
00002365 2026-05-30T01:52:43.730742500Z [DEBUG] AuthModule Lock acquired on resource pool
00002366 2026-05-30T01:52:43.715742500Z [INFO] DbModule Request processed in 42 ms
00002367 2026-05-30T01:52:43.796742500Z [INFO] NetModule Connection established to upstream
00002368 2026-05-30T01:52:43.770742500Z [INFO] CoreModule Cache hit ratio: 0.85
00002369 2026-05-30T01:52:43.894742500Z [DEBUG] CacheModule Lock acquired on resource pool
00002370 2026-05-30T01:52:43.867742500Z [INFO] UiModule Connection established to upstream
00002371 2026-05-30T01:52:43.913742500Z [DEBUG] ApiModule Variable x = 67
00002372 2026-05-30T01:52:43.930742500Z [INFO] UiModule Configuration loaded from disk
00002373 2026-05-30T01:52:44.031742500Z [INFO] CoreModule Configuration loaded from disk
00002374 2026-05-30T01:52:44.076742500Z [DEBUG] AuthModule Variable x = 67
00002375 2026-05-30T01:52:44.050742500Z [WARNING] CoreModule Deprecated API endpoint used
00002376 2026-05-30T01:52:44.153742500Z [INFO] UiModule Background task started
00002377 2026-05-30T01:52:44.178742500Z [DEBUG] AuthModule Entering method handleRequest()
00002378 2026-05-30T01:52:44.229742500Z [DEBUG] DbModule Garbage collection triggered
00002379 2026-05-30T01:52:44.276742500Z [DEBUG] NetModule Garbage collection triggered
00002380 2026-05-30T01:52:44.293742500Z [ERROR] CoreModule Failed to parse JSON payload
00002381 2026-05-30T01:52:44.307742500Z [INFO] CoreModule Cache hit ratio: 0.85
00002382 2026-05-30T01:52:44.361742500Z [DEBUG] UiModule Lock acquired on resource pool
00002383 2026-05-30T01:52:44.335742500Z [DEBUG] ApiModule Lock acquired on resource pool
00002384 2026-05-30T01:52:44.417742500Z [DEBUG] ApiModule Garbage collection triggered
00002385 2026-05-30T01:52:44.454742500Z [DEBUG] CoreModule Trace: stack depth = 1488
00002386 2026-05-30T01:52:44.530742500Z [ERROR] AuthModule Connection timeout to database
00002387 2026-05-30T01:52:44.476742500Z [CRITICAL] NetModule Unrecoverable error in main loop
00002388 2026-05-30T01:52:44.580742500Z [INFO] DbModule Cache hit ratio: 0.85
00002389 2026-05-30T01:52:44.553742500Z [DEBUG] NetModule Trace: stack depth = 1488
00002390 2026-05-30T01:52:44.647742500Z [INFO] CoreModule User logged in successfully
00002391 2026-05-30T01:52:44.683742500Z [INFO] DbModule Connection established to upstream
00002392 2026-05-30T01:52:44.680742500Z [WARNING] CoreModule Retry attempt 2 of 3
00002393 2026-05-30T01:52:44.746742500Z [WARNING] UiModule Retry attempt 2 of 3
00002394 2026-05-30T01:52:44.766742500Z [INFO] DbModule Cache hit ratio: 0.85
00002395 2026-05-30T01:52:44.794742500Z [INFO] DbModule Connection established to upstream
00002396 2026-05-30T01:52:44.863742500Z [DEBUG] CacheModule Variable x = 67
00002397 2026-05-30T01:52:44.873742500Z [WARNING] UiModule Retry attempt 2 of 3
00002398 2026-05-30T01:52:44.942742500Z [WARNING] DbModule Deprecated API endpoint used
00002399 2026-05-30T01:52:45.011742500Z [INFO] NetModule User logged in successfully
00002400 2026-05-30T01:52:44.996742500Z [DEBUG] NetModule Variable x = 67
00002401 2026-05-30T01:52:44.991742500Z [INFO] AuthModule Background task started
00002402 2026-05-30T01:52:45.073742500Z [INFO] NetModule User logged in successfully
00002403 2026-05-30T01:52:45.157742500Z [WARNING] CoreModule High memory usage detected (85%)
00002404 2026-05-30T01:52:45.174742500Z [WARNING] NetModule Slow response from upstream service
00002405 2026-05-30T01:52:45.216742500Z [DEBUG] CacheModule Variable x = 67
00002406 2026-05-30T01:52:45.258742500Z [DEBUG] CacheModule Garbage collection triggered
00002407 2026-05-30T01:52:45.291742500Z [INFO] AuthModule Background task started
00002408 2026-05-30T01:52:45.267742500Z [WARNING] ApiModule Slow response from upstream service
00002409 2026-05-30T01:52:45.293742500Z [INFO] CacheModule Background task started
00002410 2026-05-30T01:52:45.395742500Z [INFO] AuthModule Request processed in 42 ms
00002411 2026-05-30T01:52:45.422742500Z [INFO] AuthModule Configuration loaded from disk
00002412 2026-05-30T01:52:45.469742500Z [DEBUG] UiModule Garbage collection triggered
00002413 2026-05-30T01:52:45.473742500Z [WARNING] DbModule Deprecated API endpoint used
00002414 2026-05-30T01:52:45.555742500Z [WARNING] UiModule High memory usage detected (85%)
00002415 2026-05-30T01:52:45.578742500Z [INFO] NetModule Background task started
00002416 2026-05-30T01:52:45.599742500Z [WARNING] AuthModule High memory usage detected (85%)
00002417 2026-05-30T01:52:45.639742500Z [INFO] DbModule Configuration loaded from disk
00002418 2026-05-30T01:52:45.680742500Z [DEBUG] ApiModule Entering method handleRequest()
00002419 2026-05-30T01:52:45.660742500Z [WARNING] CacheModule Retry attempt 2 of 3
00002420 2026-05-30T01:52:45.759742500Z [DEBUG] DbModule Trace: stack depth = 1488
00002421 2026-05-30T01:52:45.785742500Z [DEBUG] CoreModule Lock acquired on resource pool
00002422 2026-05-30T01:52:45.865742500Z [INFO] CacheModule Configuration loaded from disk
00002423 2026-05-30T01:52:45.820742500Z [ERROR] ApiModule File not found: config.yaml
00002424 2026-05-30T01:52:45.933742500Z [WARNING] AuthModule Deprecated API endpoint used
00002425 2026-05-30T01:52:45.941742500Z [DEBUG] ApiModule Trace: stack depth = 1488
00002426 2026-05-30T01:52:45.976742500Z [INFO] AuthModule Configuration loaded from disk
00002427 2026-05-30T01:52:46.052742500Z [INFO] AuthModule Connection established to upstream
00002428 2026-05-30T01:52:46.010742500Z [DEBUG] CoreModule Garbage collection triggered
00002429 2026-05-30T01:52:46.122742500Z [ERROR] NetModule Connection timeout to database
00002430 2026-05-30T01:52:46.087742500Z [INFO] DbModule Request processed in 42 ms
00002431 2026-05-30T01:52:46.178742500Z [INFO] ApiModule Background task started
00002432 2026-05-30T01:52:46.209742500Z [CRITICAL] DbModule Kernel panic in subsystem
00002433 2026-05-30T01:52:46.256742500Z [DEBUG] CacheModule Trace: stack depth = 1488
00002434 2026-05-30T01:52:46.250742500Z [INFO] ApiModule Configuration loaded from disk
00002435 2026-05-30T01:52:46.325742500Z [WARNING] AuthModule Retry attempt 2 of 3
00002436 2026-05-30T01:52:46.320742500Z [CRITICAL] CoreModule Kernel panic in subsystem
00002437 2026-05-30T01:52:46.395742500Z [DEBUG] ApiModule Trace: stack depth = 1488
00002438 2026-05-30T01:52:46.367742500Z [INFO] DbModule Configuration loaded from disk
00002439 2026-05-30T01:52:46.459742500Z [INFO] ApiModule Connection established to upstream
00002440 2026-05-30T01:52:46.511742500Z [DEBUG] ApiModule Trace: stack depth = 1488
00002441 2026-05-30T01:52:46.567742500Z [ERROR] DbModule Failed to parse JSON payload
00002442 2026-05-30T01:52:46.556742500Z [DEBUG] AuthModule Entering method handleRequest()
00002443 2026-05-30T01:52:46.555742500Z [DEBUG] AuthModule Lock acquired on resource pool
00002444 2026-05-30T01:52:46.651742500Z [INFO] AuthModule Configuration loaded from disk
00002445 2026-05-30T01:52:46.714742500Z [INFO] CacheModule Request processed in 42 ms
00002446 2026-05-30T01:52:46.739742500Z [INFO] ApiModule Connection established to upstream
00002447 2026-05-30T01:52:46.719742500Z [INFO] DbModule Background task started
00002448 2026-05-30T01:52:46.803742500Z [INFO] CoreModule User logged in successfully
00002449 2026-05-30T01:52:46.846742500Z [INFO] UiModule Connection established to upstream
00002450 2026-05-30T01:52:46.836742500Z [DEBUG] ApiModule Trace: stack depth = 1488
00002451 2026-05-30T01:52:46.858742500Z [CRITICAL] UiModule Disk full, cannot continue
00002452 2026-05-30T01:52:46.953742500Z [INFO] ApiModule Background task started
00002453 2026-05-30T01:52:46.975742500Z [INFO] CoreModule Configuration loaded from disk
00002454 2026-05-30T01:52:47.013742500Z [WARNING] CacheModule High memory usage detected (85%)
00002455 2026-05-30T01:52:47.035742500Z [INFO] NetModule Background task started
00002456 2026-05-30T01:52:47.084742500Z [INFO] CoreModule Cache hit ratio: 0.85
00002457 2026-05-30T01:52:47.142742500Z [DEBUG] UiModule Lock acquired on resource pool
00002458 2026-05-30T01:52:47.171742500Z [INFO] CoreModule Connection established to upstream
00002459 2026-05-30T01:52:47.168742500Z [DEBUG] DbModule Garbage collection triggered
00002460 2026-05-30T01:52:47.179742500Z [ERROR] AuthModule Null pointer in handler
00002461 2026-05-30T01:52:47.282742500Z [DEBUG] NetModule Trace: stack depth = 1488
00002462 2026-05-30T01:52:47.311742500Z [DEBUG] UiModule Variable x = 67
00002463 2026-05-30T01:52:47.338742500Z [WARNING] NetModule Deprecated API endpoint used
00002464 2026-05-30T01:52:47.336742500Z [INFO] CacheModule Cache hit ratio: 0.85
00002465 2026-05-30T01:52:47.382742500Z [DEBUG] ApiModule Garbage collection triggered
00002466 2026-05-30T01:52:47.402742500Z [INFO] NetModule User logged in successfully
00002467 2026-05-30T01:52:47.518742500Z [ERROR] AuthModule Failed to parse JSON payload
00002468 2026-05-30T01:52:47.549742500Z [WARNING] DbModule Retry attempt 2 of 3
00002469 2026-05-30T01:52:47.604742500Z [INFO] DbModule Connection established to upstream
00002470 2026-05-30T01:52:47.566742500Z [DEBUG] AuthModule Entering method handleRequest()
00002471 2026-05-30T01:52:47.665742500Z [DEBUG] UiModule Garbage collection triggered
00002472 2026-05-30T01:52:47.641742500Z [INFO] CoreModule Configuration loaded from disk
00002473 2026-05-30T01:52:47.655742500Z [INFO] UiModule Cache hit ratio: 0.85
00002474 2026-05-30T01:52:47.699742500Z [WARNING] NetModule Retry attempt 2 of 3
00002475 2026-05-30T01:52:47.778742500Z [WARNING] AuthModule High memory usage detected (85%)
00002476 2026-05-30T01:52:47.863742500Z [WARNING] UiModule High memory usage detected (85%)
00002477 2026-05-30T01:52:47.877742500Z [DEBUG] NetModule Variable x = 67
00002478 2026-05-30T01:52:47.854742500Z [INFO] AuthModule Background task started
00002479 2026-05-30T01:52:47.931742500Z [ERROR] AuthModule File not found: config.yaml
00002480 2026-05-30T01:52:47.957742500Z [DEBUG] AuthModule Trace: stack depth = 1488
00002481 2026-05-30T01:52:48.008742500Z [INFO] ApiModule Request processed in 42 ms
00002482 2026-05-30T01:52:48.027742500Z [DEBUG] CoreModule Variable x = 67
00002483 2026-05-30T01:52:48.059742500Z [WARNING] ApiModule Retry attempt 2 of 3
00002484 2026-05-30T01:52:48.097742500Z [INFO] AuthModule Request processed in 42 ms
00002485 2026-05-30T01:52:48.167742500Z [DEBUG] UiModule Lock acquired on resource pool
00002486 2026-05-30T01:52:48.191742500Z [INFO] ApiModule Request processed in 42 ms
00002487 2026-05-30T01:52:48.217742500Z [INFO] ApiModule User logged in successfully
00002488 2026-05-30T01:52:48.286742500Z [ERROR] NetModule Connection timeout to database
00002489 2026-05-30T01:52:48.277742500Z [INFO] DbModule Cache hit ratio: 0.85
00002490 2026-05-30T01:52:48.338742500Z [INFO] CoreModule Connection established to upstream
00002491 2026-05-30T01:52:48.394742500Z [DEBUG] ApiModule Entering method handleRequest()
00002492 2026-05-30T01:52:48.399742500Z [DEBUG] DbModule Lock acquired on resource pool
00002493 2026-05-30T01:52:48.457742500Z [ERROR] NetModule File not found: config.yaml
00002494 2026-05-30T01:52:48.481742500Z [DEBUG] AuthModule Garbage collection triggered
00002495 2026-05-30T01:52:48.514742500Z [CRITICAL] AuthModule Kernel panic in subsystem
00002496 2026-05-30T01:52:48.517742500Z [DEBUG] NetModule Trace: stack depth = 1488
00002497 2026-05-30T01:52:48.583742500Z [INFO] ApiModule Background task started
00002498 2026-05-30T01:52:48.648742500Z [DEBUG] UiModule Garbage collection triggered
00002499 2026-05-30T01:52:48.706742500Z [DEBUG] AuthModule Variable x = 67
00002500 2026-05-30T01:52:48.689742500Z [INFO] CoreModule User logged in successfully
00002501 2026-05-30T01:52:48.724742500Z [DEBUG] CacheModule Entering method handleRequest()
00002502 2026-05-30T01:52:48.748742500Z [INFO] AuthModule Cache hit ratio: 0.85
00002503 2026-05-30T01:52:48.846742500Z [DEBUG] DbModule Entering method handleRequest()
00002504 2026-05-30T01:52:48.867742500Z [DEBUG] DbModule Entering method handleRequest()
00002505 2026-05-30T01:52:48.854742500Z [ERROR] DbModule Connection timeout to database
00002506 2026-05-30T01:52:48.876742500Z [INFO] UiModule Configuration loaded from disk
00002507 2026-05-30T01:52:48.996742500Z [INFO] CoreModule User logged in successfully
00002508 2026-05-30T01:52:49.034742500Z [INFO] CoreModule Background task started
00002509 2026-05-30T01:52:49.042742500Z [WARNING] DbModule Slow response from upstream service
00002510 2026-05-30T01:52:49.096742500Z [INFO] CoreModule Request processed in 42 ms
00002511 2026-05-30T01:52:49.066742500Z [INFO] AuthModule Cache hit ratio: 0.85
00002512 2026-05-30T01:52:49.170742500Z [DEBUG] AuthModule Variable x = 67
00002513 2026-05-30T01:52:49.160742500Z [INFO] UiModule Connection established to upstream
00002514 2026-05-30T01:52:49.240742500Z [INFO] NetModule Cache hit ratio: 0.85
00002515 2026-05-30T01:52:49.223742500Z [DEBUG] CoreModule Lock acquired on resource pool
00002516 2026-05-30T01:52:49.296742500Z [INFO] CacheModule Configuration loaded from disk
00002517 2026-05-30T01:52:49.291742500Z [INFO] CacheModule Configuration loaded from disk
00002518 2026-05-30T01:52:49.340742500Z [DEBUG] CacheModule Trace: stack depth = 1488
00002519 2026-05-30T01:52:49.437742500Z [DEBUG] CacheModule Entering method handleRequest()
00002520 2026-05-30T01:52:49.407742500Z [DEBUG] ApiModule Garbage collection triggered
00002521 2026-05-30T01:52:49.495742500Z [INFO] DbModule Background task started
00002522 2026-05-30T01:52:49.567742500Z [INFO] UiModule Connection established to upstream
00002523 2026-05-30T01:52:49.543742500Z [ERROR] CacheModule Failed to parse JSON payload
00002524 2026-05-30T01:52:49.633742500Z [INFO] CoreModule User logged in successfully
00002525 2026-05-30T01:52:49.673742500Z [WARNING] NetModule Deprecated API endpoint used
00002526 2026-05-30T01:52:49.622742500Z [ERROR] ApiModule File not found: config.yaml
00002527 2026-05-30T01:52:49.719742500Z [INFO] ApiModule User logged in successfully
00002528 2026-05-30T01:52:49.694742500Z [ERROR] ApiModule Connection timeout to database
00002529 2026-05-30T01:52:49.807742500Z [DEBUG] NetModule Lock acquired on resource pool
00002530 2026-05-30T01:52:49.824742500Z [DEBUG] AuthModule Entering method handleRequest()
00002531 2026-05-30T01:52:49.853742500Z [INFO] CacheModule Connection established to upstream
00002532 2026-05-30T01:52:49.902742500Z [ERROR] UiModule Failed to parse JSON payload
00002533 2026-05-30T01:52:49.895742500Z [DEBUG] ApiModule Lock acquired on resource pool
00002534 2026-05-30T01:52:49.992742500Z [DEBUG] DbModule Lock acquired on resource pool
00002535 2026-05-30T01:52:50.045742500Z [WARNING] NetModule High memory usage detected (85%)
00002536 2026-05-30T01:52:50.022742500Z [DEBUG] NetModule Garbage collection triggered
00002537 2026-05-30T01:52:50.055742500Z [INFO] NetModule Request processed in 42 ms
00002538 2026-05-30T01:52:50.152742500Z [DEBUG] CoreModule Lock acquired on resource pool
00002539 2026-05-30T01:52:50.188742500Z [INFO] AuthModule Connection established to upstream
00002540 2026-05-30T01:52:50.192742500Z [INFO] NetModule User logged in successfully
00002541 2026-05-30T01:52:50.198742500Z [DEBUG] UiModule Trace: stack depth = 1488
00002542 2026-05-30T01:52:50.215742500Z [INFO] AuthModule Background task started
00002543 2026-05-30T01:52:50.331742500Z [INFO] CacheModule Cache hit ratio: 0.85
00002544 2026-05-30T01:52:50.325742500Z [WARNING] NetModule Slow response from upstream service
00002545 2026-05-30T01:52:50.355742500Z [INFO] NetModule Connection established to upstream
00002546 2026-05-30T01:52:50.376742500Z [INFO] DbModule Request processed in 42 ms
00002547 2026-05-30T01:52:50.420742500Z [DEBUG] AuthModule Trace: stack depth = 1488
00002548 2026-05-30T01:52:50.509742500Z [INFO] UiModule Connection established to upstream
00002549 2026-05-30T01:52:50.472742500Z [WARNING] ApiModule High memory usage detected (85%)
00002550 2026-05-30T01:52:50.524742500Z [INFO] AuthModule Request processed in 42 ms
00002551 2026-05-30T01:52:50.631742500Z [INFO] UiModule User logged in successfully
00002552 2026-05-30T01:52:50.622742500Z [INFO] CoreModule Configuration loaded from disk
00002553 2026-05-30T01:52:50.684742500Z [INFO] CoreModule Connection established to upstream
00002554 2026-05-30T01:52:50.666742500Z [INFO] UiModule Background task started
00002555 2026-05-30T01:52:50.714742500Z [INFO] CacheModule Background task started
00002556 2026-05-30T01:52:50.814742500Z [WARNING] CacheModule Slow response from upstream service
00002557 2026-05-30T01:52:50.801742500Z [DEBUG] ApiModule Garbage collection triggered
00002558 2026-05-30T01:52:50.813742500Z [DEBUG] ApiModule Trace: stack depth = 1488
00002559 2026-05-30T01:52:50.888742500Z [DEBUG] NetModule Trace: stack depth = 1488
00002560 2026-05-30T01:52:50.952742500Z [INFO] ApiModule Connection established to upstream
00002561 2026-05-30T01:52:50.953742500Z [INFO] UiModule Background task started
00002562 2026-05-30T01:52:50.967742500Z [INFO] UiModule Connection established to upstream
00002563 2026-05-30T01:52:51.038742500Z [INFO] ApiModule User logged in successfully
00002564 2026-05-30T01:52:51.087742500Z [DEBUG] UiModule Lock acquired on resource pool
00002565 2026-05-30T01:52:51.096742500Z [INFO] DbModule Cache hit ratio: 0.85
00002566 2026-05-30T01:52:51.099742500Z [INFO] UiModule User logged in successfully
00002567 2026-05-30T01:52:51.223742500Z [ERROR] DbModule Failed to parse JSON payload
00002568 2026-05-30T01:52:51.236742500Z [DEBUG] UiModule Entering method handleRequest()
00002569 2026-05-30T01:52:51.279742500Z [INFO] UiModule Background task started
00002570 2026-05-30T01:52:51.343742500Z [DEBUG] NetModule Lock acquired on resource pool
00002571 2026-05-30T01:52:51.374742500Z [WARNING] CacheModule High memory usage detected (85%)
00002572 2026-05-30T01:52:51.408742500Z [INFO] NetModule User logged in successfully
00002573 2026-05-30T01:52:51.413742500Z [INFO] CacheModule Connection established to upstream
00002574 2026-05-30T01:52:51.466742500Z [DEBUG] DbModule Variable x = 67
00002575 2026-05-30T01:52:51.514742500Z [INFO] NetModule Background task started
00002576 2026-05-30T01:52:51.523742500Z [INFO] CoreModule User logged in successfully
00002577 2026-05-30T01:52:51.589742500Z [INFO] UiModule Cache hit ratio: 0.85
00002578 2026-05-30T01:52:51.590742500Z [ERROR] ApiModule Failed to parse JSON payload
00002579 2026-05-30T01:52:51.641742500Z [INFO] AuthModule Cache hit ratio: 0.85
00002580 2026-05-30T01:52:51.656742500Z [INFO] CoreModule Connection established to upstream
00002581 2026-05-30T01:52:51.704742500Z [INFO] CoreModule Cache hit ratio: 0.85
00002582 2026-05-30T01:52:51.778742500Z [INFO] NetModule Configuration loaded from disk
00002583 2026-05-30T01:52:51.769742500Z [INFO] DbModule User logged in successfully
00002584 2026-05-30T01:52:51.763742500Z [WARNING] AuthModule Slow response from upstream service
00002585 2026-05-30T01:52:51.835742500Z [WARNING] CoreModule Retry attempt 2 of 3
00002586 2026-05-30T01:52:51.892742500Z [INFO] CacheModule Configuration loaded from disk
00002587 2026-05-30T01:52:51.956742500Z [INFO] NetModule Cache hit ratio: 0.85
00002588 2026-05-30T01:52:51.989742500Z [INFO] UiModule Request processed in 42 ms
00002589 2026-05-30T01:52:52.019742500Z [WARNING] NetModule Deprecated API endpoint used
00002590 2026-05-30T01:52:52.026742500Z [DEBUG] UiModule Trace: stack depth = 1488
00002591 2026-05-30T01:52:52.090742500Z [DEBUG] CoreModule Entering method handleRequest()
00002592 2026-05-30T01:52:52.069742500Z [WARNING] ApiModule Deprecated API endpoint used
00002593 2026-05-30T01:52:52.158742500Z [ERROR] NetModule Authorization rejected for user
00002594 2026-05-30T01:52:52.172742500Z [INFO] NetModule Request processed in 42 ms
00002595 2026-05-30T01:52:52.169742500Z [DEBUG] UiModule Garbage collection triggered
00002596 2026-05-30T01:52:52.222742500Z [DEBUG] CoreModule Variable x = 67
00002597 2026-05-30T01:52:52.307742500Z [INFO] ApiModule Configuration loaded from disk
00002598 2026-05-30T01:52:52.340742500Z [DEBUG] UiModule Garbage collection triggered
00002599 2026-05-30T01:52:52.383742500Z [INFO] AuthModule Background task started
00002600 2026-05-30T01:52:52.361742500Z [INFO] AuthModule User logged in successfully
00002601 2026-05-30T01:52:52.441742500Z [INFO] DbModule Connection established to upstream
00002602 2026-05-30T01:52:52.524742500Z [WARNING] AuthModule High memory usage detected (85%)
00002603 2026-05-30T01:52:52.540742500Z [DEBUG] CoreModule Entering method handleRequest()
00002604 2026-05-30T01:52:52.546742500Z [WARNING] DbModule Deprecated API endpoint used
00002605 2026-05-30T01:52:52.594742500Z [INFO] ApiModule Request processed in 42 ms
00002606 2026-05-30T01:52:52.595742500Z [WARNING] ApiModule Deprecated API endpoint used
00002607 2026-05-30T01:52:52.696742500Z [INFO] AuthModule Cache hit ratio: 0.85
00002608 2026-05-30T01:52:52.683742500Z [INFO] DbModule Cache hit ratio: 0.85
00002609 2026-05-30T01:52:52.768742500Z [ERROR] CoreModule Null pointer in handler
00002610 2026-05-30T01:52:52.787742500Z [INFO] NetModule User logged in successfully
00002611 2026-05-30T01:52:52.819742500Z [INFO] CoreModule Background task started
00002612 2026-05-30T01:52:52.863742500Z [INFO] DbModule Connection established to upstream
00002613 2026-05-30T01:52:52.875742500Z [DEBUG] CacheModule Lock acquired on resource pool
00002614 2026-05-30T01:52:52.962742500Z [CRITICAL] CacheModule Out of memory, shutting down
00002615 2026-05-30T01:52:52.968742500Z [DEBUG] UiModule Lock acquired on resource pool
00002616 2026-05-30T01:52:52.967742500Z [INFO] UiModule Configuration loaded from disk
00002617 2026-05-30T01:52:53.024742500Z [INFO] ApiModule Request processed in 42 ms
00002618 2026-05-30T01:52:53.056742500Z [DEBUG] CoreModule Entering method handleRequest()
00002619 2026-05-30T01:52:53.141742500Z [INFO] CoreModule User logged in successfully
00002620 2026-05-30T01:52:53.123742500Z [INFO] CacheModule Connection established to upstream
00002621 2026-05-30T01:52:53.139742500Z [WARNING] ApiModule Retry attempt 2 of 3
00002622 2026-05-30T01:52:53.231742500Z [WARNING] ApiModule Retry attempt 2 of 3
00002623 2026-05-30T01:52:53.252742500Z [DEBUG] CacheModule Trace: stack depth = 1488
00002624 2026-05-30T01:52:53.265742500Z [DEBUG] DbModule Entering method handleRequest()
00002625 2026-05-30T01:52:53.345742500Z [DEBUG] CoreModule Entering method handleRequest()
00002626 2026-05-30T01:52:53.380742500Z [INFO] DbModule Background task started
00002627 2026-05-30T01:52:53.407742500Z [INFO] NetModule Cache hit ratio: 0.85
00002628 2026-05-30T01:52:53.407742500Z [WARNING] ApiModule Retry attempt 2 of 3
00002629 2026-05-30T01:52:53.433742500Z [INFO] DbModule Request processed in 42 ms
00002630 2026-05-30T01:52:53.508742500Z [INFO] DbModule Cache hit ratio: 0.85
00002631 2026-05-30T01:52:53.590742500Z [INFO] NetModule Configuration loaded from disk
00002632 2026-05-30T01:52:53.572742500Z [INFO] ApiModule Request processed in 42 ms
00002633 2026-05-30T01:52:53.670742500Z [WARNING] CoreModule Deprecated API endpoint used
00002634 2026-05-30T01:52:53.664742500Z [WARNING] DbModule Retry attempt 2 of 3
00002635 2026-05-30T01:52:53.747742500Z [INFO] UiModule Request processed in 42 ms
00002636 2026-05-30T01:52:53.707742500Z [INFO] CacheModule Configuration loaded from disk
00002637 2026-05-30T01:52:53.725742500Z [WARNING] ApiModule Deprecated API endpoint used
00002638 2026-05-30T01:52:53.786742500Z [INFO] DbModule Request processed in 42 ms
00002639 2026-05-30T01:52:53.829742500Z [INFO] DbModule Background task started
00002640 2026-05-30T01:52:53.882742500Z [INFO] AuthModule Cache hit ratio: 0.85
00002641 2026-05-30T01:52:53.939742500Z [INFO] CacheModule Cache hit ratio: 0.85
00002642 2026-05-30T01:52:53.918742500Z [DEBUG] UiModule Variable x = 67
00002643 2026-05-30T01:52:54.001742500Z [INFO] DbModule Request processed in 42 ms
00002644 2026-05-30T01:52:54.043742500Z [INFO] CoreModule Request processed in 42 ms
00002645 2026-05-30T01:52:54.028742500Z [WARNING] NetModule Retry attempt 2 of 3
00002646 2026-05-30T01:52:54.145742500Z [ERROR] DbModule Null pointer in handler
00002647 2026-05-30T01:52:54.170742500Z [INFO] AuthModule Cache hit ratio: 0.85
00002648 2026-05-30T01:52:54.213742500Z [WARNING] NetModule Retry attempt 2 of 3
00002649 2026-05-30T01:52:54.228742500Z [ERROR] AuthModule Authorization rejected for user
00002650 2026-05-30T01:52:54.207742500Z [INFO] CacheModule Background task started
00002651 2026-05-30T01:52:54.284742500Z [ERROR] CacheModule Connection timeout to database
00002652 2026-05-30T01:52:54.339742500Z [INFO] ApiModule Background task started
00002653 2026-05-30T01:52:54.326742500Z [ERROR] DbModule File not found: config.yaml
00002654 2026-05-30T01:52:54.381742500Z [ERROR] CoreModule Failed to parse JSON payload
00002655 2026-05-30T01:52:54.423742500Z [DEBUG] UiModule Lock acquired on resource pool
00002656 2026-05-30T01:52:54.487742500Z [DEBUG] CacheModule Entering method handleRequest()
00002657 2026-05-30T01:52:54.463742500Z [DEBUG] AuthModule Entering method handleRequest()
00002658 2026-05-30T01:52:54.579742500Z [DEBUG] AuthModule Lock acquired on resource pool
00002659 2026-05-30T01:52:54.592742500Z [DEBUG] CacheModule Variable x = 67
00002660 2026-05-30T01:52:54.615742500Z [DEBUG] UiModule Lock acquired on resource pool
00002661 2026-05-30T01:52:54.677742500Z [INFO] ApiModule Request processed in 42 ms
00002662 2026-05-30T01:52:54.702742500Z [INFO] UiModule User logged in successfully
00002663 2026-05-30T01:52:54.692742500Z [INFO] DbModule Request processed in 42 ms
00002664 2026-05-30T01:52:54.818742500Z [ERROR] DbModule Null pointer in handler
00002665 2026-05-30T01:52:54.829742500Z [WARNING] DbModule High memory usage detected (85%)
00002666 2026-05-30T01:52:54.818742500Z [WARNING] CacheModule Slow response from upstream service
00002667 2026-05-30T01:52:54.921742500Z [INFO] AuthModule Request processed in 42 ms
00002668 2026-05-30T01:52:54.923742500Z [DEBUG] ApiModule Garbage collection triggered
00002669 2026-05-30T01:52:54.924742500Z [INFO] CacheModule Background task started
00002670 2026-05-30T01:52:55.012742500Z [ERROR] AuthModule Connection timeout to database
00002671 2026-05-30T01:52:54.996742500Z [INFO] CacheModule User logged in successfully
00002672 2026-05-30T01:52:55.051742500Z [DEBUG] AuthModule Entering method handleRequest()
00002673 2026-05-30T01:52:55.088742500Z [WARNING] AuthModule High memory usage detected (85%)
00002674 2026-05-30T01:52:55.176742500Z [DEBUG] CoreModule Trace: stack depth = 1488
00002675 2026-05-30T01:52:55.216742500Z [DEBUG] CacheModule Lock acquired on resource pool
00002676 2026-05-30T01:52:55.262742500Z [DEBUG] ApiModule Entering method handleRequest()
00002677 2026-05-30T01:52:55.236742500Z [WARNING] ApiModule Retry attempt 2 of 3
00002678 2026-05-30T01:52:55.259742500Z [INFO] AuthModule User logged in successfully
00002679 2026-05-30T01:52:55.359742500Z [WARNING] CacheModule Deprecated API endpoint used
00002680 2026-05-30T01:52:55.374742500Z [DEBUG] CoreModule Lock acquired on resource pool
00002681 2026-05-30T01:52:55.443742500Z [DEBUG] CoreModule Entering method handleRequest()
00002682 2026-05-30T01:52:55.440742500Z [ERROR] DbModule Connection timeout to database
00002683 2026-05-30T01:52:55.465742500Z [WARNING] UiModule Slow response from upstream service
00002684 2026-05-30T01:52:55.510742500Z [INFO] AuthModule Cache hit ratio: 0.85
00002685 2026-05-30T01:52:55.515742500Z [INFO] ApiModule Connection established to upstream
00002686 2026-05-30T01:52:55.562742500Z [DEBUG] CacheModule Trace: stack depth = 1488
00002687 2026-05-30T01:52:55.609742500Z [WARNING] ApiModule Slow response from upstream service
00002688 2026-05-30T01:52:55.663742500Z [DEBUG] AuthModule Entering method handleRequest()
00002689 2026-05-30T01:52:55.743742500Z [DEBUG] CacheModule Lock acquired on resource pool
00002690 2026-05-30T01:52:55.688742500Z [INFO] ApiModule Cache hit ratio: 0.85
00002691 2026-05-30T01:52:55.803742500Z [INFO] CacheModule Request processed in 42 ms
00002692 2026-05-30T01:52:55.833742500Z [INFO] DbModule Background task started
00002693 2026-05-30T01:52:55.856742500Z [DEBUG] DbModule Lock acquired on resource pool
00002694 2026-05-30T01:52:55.931742500Z [ERROR] ApiModule Null pointer in handler
00002695 2026-05-30T01:52:55.888742500Z [INFO] AuthModule Background task started
00002696 2026-05-30T01:52:55.958742500Z [WARNING] CoreModule Deprecated API endpoint used
00002697 2026-05-30T01:52:55.987742500Z [DEBUG] ApiModule Variable x = 67
00002698 2026-05-30T01:52:55.990742500Z [DEBUG] ApiModule Entering method handleRequest()
00002699 2026-05-30T01:52:56.102742500Z [INFO] DbModule Connection established to upstream
00002700 2026-05-30T01:52:56.097742500Z [DEBUG] CoreModule Garbage collection triggered
00002701 2026-05-30T01:52:56.160742500Z [DEBUG] CoreModule Variable x = 67
00002702 2026-05-30T01:52:56.176742500Z [INFO] NetModule Background task started
00002703 2026-05-30T01:52:56.245742500Z [WARNING] DbModule Retry attempt 2 of 3
00002704 2026-05-30T01:52:56.227742500Z [INFO] AuthModule User logged in successfully
00002705 2026-05-30T01:52:56.283742500Z [DEBUG] ApiModule Lock acquired on resource pool
00002706 2026-05-30T01:52:56.340742500Z [WARNING] DbModule Deprecated API endpoint used
00002707 2026-05-30T01:52:56.351742500Z [INFO] UiModule User logged in successfully
00002708 2026-05-30T01:52:56.416742500Z [INFO] CoreModule User logged in successfully
00002709 2026-05-30T01:52:56.478742500Z [ERROR] CacheModule Connection timeout to database
00002710 2026-05-30T01:52:56.487742500Z [DEBUG] AuthModule Variable x = 67
00002711 2026-05-30T01:52:56.482742500Z [ERROR] DbModule Authorization rejected for user
00002712 2026-05-30T01:52:56.562742500Z [WARNING] ApiModule Retry attempt 2 of 3
00002713 2026-05-30T01:52:56.604742500Z [DEBUG] CacheModule Entering method handleRequest()
00002714 2026-05-30T01:52:56.632742500Z [INFO] DbModule Cache hit ratio: 0.85
00002715 2026-05-30T01:52:56.649742500Z [INFO] NetModule Cache hit ratio: 0.85
00002716 2026-05-30T01:52:56.663742500Z [DEBUG] ApiModule Garbage collection triggered
00002717 2026-05-30T01:52:56.739742500Z [INFO] CoreModule Connection established to upstream
00002718 2026-05-30T01:52:56.794742500Z [CRITICAL] DbModule Unrecoverable error in main loop
00002719 2026-05-30T01:52:56.774742500Z [INFO] UiModule Configuration loaded from disk
00002720 2026-05-30T01:52:56.794742500Z [ERROR] ApiModule Null pointer in handler
00002721 2026-05-30T01:52:56.925742500Z [WARNING] ApiModule Retry attempt 2 of 3
00002722 2026-05-30T01:52:56.967742500Z [INFO] DbModule User logged in successfully
00002723 2026-05-30T01:52:56.980742500Z [DEBUG] UiModule Entering method handleRequest()
00002724 2026-05-30T01:52:57.010742500Z [INFO] AuthModule Cache hit ratio: 0.85
00002725 2026-05-30T01:52:57.022742500Z [INFO] CacheModule User logged in successfully
00002726 2026-05-30T01:52:57.054742500Z [INFO] ApiModule Configuration loaded from disk
00002727 2026-05-30T01:52:57.150742500Z [INFO] DbModule Configuration loaded from disk
00002728 2026-05-30T01:52:57.161742500Z [ERROR] ApiModule Connection timeout to database
00002729 2026-05-30T01:52:57.191742500Z [INFO] UiModule Connection established to upstream
00002730 2026-05-30T01:52:57.209742500Z [WARNING] CoreModule Deprecated API endpoint used
00002731 2026-05-30T01:52:57.229742500Z [DEBUG] CacheModule Entering method handleRequest()
00002732 2026-05-30T01:52:57.309742500Z [WARNING] ApiModule Deprecated API endpoint used
00002733 2026-05-30T01:52:57.339742500Z [WARNING] UiModule Slow response from upstream service
00002734 2026-05-30T01:52:57.407742500Z [DEBUG] UiModule Lock acquired on resource pool
00002735 2026-05-30T01:52:57.397742500Z [CRITICAL] ApiModule Disk full, cannot continue
00002736 2026-05-30T01:52:57.389742500Z [INFO] CoreModule Background task started
00002737 2026-05-30T01:52:57.485742500Z [INFO] DbModule Background task started
00002738 2026-05-30T01:52:57.522742500Z [DEBUG] NetModule Lock acquired on resource pool
00002739 2026-05-30T01:52:57.564742500Z [INFO] CoreModule Configuration loaded from disk
00002740 2026-05-30T01:52:57.536742500Z [DEBUG] AuthModule Variable x = 67
00002741 2026-05-30T01:52:57.599742500Z [DEBUG] DbModule Variable x = 67
00002742 2026-05-30T01:52:57.613742500Z [DEBUG] CacheModule Garbage collection triggered
00002743 2026-05-30T01:52:57.667742500Z [INFO] AuthModule Request processed in 42 ms
00002744 2026-05-30T01:52:57.716742500Z [INFO] CacheModule Background task started
00002745 2026-05-30T01:52:57.807742500Z [CRITICAL] CoreModule Out of memory, shutting down
00002746 2026-05-30T01:52:57.842742500Z [INFO] DbModule Cache hit ratio: 0.85
00002747 2026-05-30T01:52:57.851742500Z [WARNING] DbModule Deprecated API endpoint used
00002748 2026-05-30T01:52:57.867742500Z [INFO] AuthModule Request processed in 42 ms
00002749 2026-05-30T01:52:57.941742500Z [DEBUG] ApiModule Entering method handleRequest()
00002750 2026-05-30T01:52:57.916742500Z [DEBUG] UiModule Entering method handleRequest()
00002751 2026-05-30T01:52:57.977742500Z [DEBUG] DbModule Variable x = 67
00002752 2026-05-30T01:52:58.052742500Z [INFO] NetModule Background task started
00002753 2026-05-30T01:52:58.034742500Z [DEBUG] AuthModule Garbage collection triggered
00002754 2026-05-30T01:52:58.105742500Z [INFO] DbModule Configuration loaded from disk
00002755 2026-05-30T01:52:58.104742500Z [DEBUG] UiModule Entering method handleRequest()
00002756 2026-05-30T01:52:58.145742500Z [INFO] CacheModule Configuration loaded from disk
00002757 2026-05-30T01:52:58.230742500Z [INFO] CacheModule Connection established to upstream
00002758 2026-05-30T01:52:58.280742500Z [INFO] NetModule Connection established to upstream
00002759 2026-05-30T01:52:58.299742500Z [INFO] AuthModule Background task started
00002760 2026-05-30T01:52:58.354742500Z [INFO] CacheModule User logged in successfully
00002761 2026-05-30T01:52:58.330742500Z [WARNING] NetModule Retry attempt 2 of 3
00002762 2026-05-30T01:52:58.387742500Z [INFO] AuthModule User logged in successfully
00002763 2026-05-30T01:52:58.455742500Z [INFO] DbModule Background task started
00002764 2026-05-30T01:52:58.456742500Z [DEBUG] CoreModule Trace: stack depth = 1488
00002765 2026-05-30T01:52:58.517742500Z [WARNING] CacheModule Deprecated API endpoint used
00002766 2026-05-30T01:52:58.557742500Z [INFO] UiModule Configuration loaded from disk
00002767 2026-05-30T01:52:58.571742500Z [CRITICAL] UiModule Out of memory, shutting down
00002768 2026-05-30T01:52:58.606742500Z [WARNING] CoreModule High memory usage detected (85%)
00002769 2026-05-30T01:52:58.665742500Z [INFO] AuthModule Configuration loaded from disk
00002770 2026-05-30T01:52:58.708742500Z [INFO] CacheModule Cache hit ratio: 0.85
00002771 2026-05-30T01:52:58.707742500Z [DEBUG] DbModule Garbage collection triggered
00002772 2026-05-30T01:52:58.735742500Z [WARNING] NetModule High memory usage detected (85%)
00002773 2026-05-30T01:52:58.834742500Z [DEBUG] DbModule Variable x = 67
00002774 2026-05-30T01:52:58.870742500Z [ERROR] UiModule Failed to parse JSON payload
00002775 2026-05-30T01:52:58.848742500Z [DEBUG] NetModule Entering method handleRequest()
00002776 2026-05-30T01:52:58.908742500Z [DEBUG] AuthModule Lock acquired on resource pool
00002777 2026-05-30T01:52:58.982742500Z [DEBUG] NetModule Garbage collection triggered
00002778 2026-05-30T01:52:59.007742500Z [DEBUG] ApiModule Entering method handleRequest()
00002779 2026-05-30T01:52:59.016742500Z [DEBUG] ApiModule Lock acquired on resource pool
00002780 2026-05-30T01:52:59.029742500Z [INFO] AuthModule Cache hit ratio: 0.85
00002781 2026-05-30T01:52:59.098742500Z [DEBUG] DbModule Lock acquired on resource pool
00002782 2026-05-30T01:52:59.089742500Z [INFO] NetModule Background task started
00002783 2026-05-30T01:52:59.183742500Z [DEBUG] UiModule Lock acquired on resource pool
00002784 2026-05-30T01:52:59.220742500Z [INFO] NetModule Request processed in 42 ms
00002785 2026-05-30T01:52:59.234742500Z [INFO] CoreModule Background task started
00002786 2026-05-30T01:52:59.262742500Z [WARNING] NetModule Retry attempt 2 of 3
00002787 2026-05-30T01:52:59.311742500Z [INFO] UiModule Request processed in 42 ms
00002788 2026-05-30T01:52:59.395742500Z [ERROR] NetModule Failed to parse JSON payload
00002789 2026-05-30T01:52:59.416742500Z [INFO] DbModule Background task started
00002790 2026-05-30T01:52:59.460742500Z [DEBUG] CacheModule Garbage collection triggered
00002791 2026-05-30T01:52:59.458742500Z [INFO] AuthModule Connection established to upstream
00002792 2026-05-30T01:52:59.514742500Z [INFO] NetModule Request processed in 42 ms
00002793 2026-05-30T01:52:59.511742500Z [INFO] DbModule Request processed in 42 ms
00002794 2026-05-30T01:52:59.555742500Z [DEBUG] CacheModule Trace: stack depth = 1488
00002795 2026-05-30T01:52:59.667742500Z [INFO] ApiModule User logged in successfully
00002796 2026-05-30T01:52:59.646742500Z [ERROR] ApiModule Connection timeout to database
00002797 2026-05-30T01:52:59.657742500Z [WARNING] DbModule High memory usage detected (85%)
00002798 2026-05-30T01:52:59.741742500Z [INFO] AuthModule User logged in successfully
00002799 2026-05-30T01:52:59.760742500Z [INFO] AuthModule Connection established to upstream
00002800 2026-05-30T01:52:59.789742500Z [DEBUG] UiModule Variable x = 67
00002801 2026-05-30T01:52:59.832742500Z [ERROR] ApiModule Authorization rejected for user
00002802 2026-05-30T01:52:59.859742500Z [INFO] NetModule Connection established to upstream
00002803 2026-05-30T01:52:59.949742500Z [WARNING] CacheModule Deprecated API endpoint used
00002804 2026-05-30T01:52:59.996742500Z [INFO] UiModule Background task started
00002805 2026-05-30T01:52:59.984742500Z [DEBUG] AuthModule Variable x = 67
00002806 2026-05-30T01:53:00.026742500Z [INFO] AuthModule Connection established to upstream
00002807 2026-05-30T01:53:00.030742500Z [INFO] UiModule Cache hit ratio: 0.85
00002808 2026-05-30T01:53:00.131742500Z [DEBUG] ApiModule Garbage collection triggered
00002809 2026-05-30T01:53:00.154742500Z [DEBUG] NetModule Lock acquired on resource pool
00002810 2026-05-30T01:53:00.179742500Z [DEBUG] UiModule Variable x = 67
00002811 2026-05-30T01:53:00.232742500Z [WARNING] UiModule Retry attempt 2 of 3
00002812 2026-05-30T01:53:00.246742500Z [CRITICAL] DbModule Disk full, cannot continue
00002813 2026-05-30T01:53:00.241742500Z [DEBUG] AuthModule Trace: stack depth = 1488
00002814 2026-05-30T01:53:00.332742500Z [ERROR] UiModule Authorization rejected for user
00002815 2026-05-30T01:53:00.335742500Z [DEBUG] UiModule Entering method handleRequest()
00002816 2026-05-30T01:53:00.439742500Z [INFO] DbModule Connection established to upstream
00002817 2026-05-30T01:53:00.464742500Z [INFO] DbModule Cache hit ratio: 0.85
00002818 2026-05-30T01:53:00.473742500Z [DEBUG] DbModule Trace: stack depth = 1488
00002819 2026-05-30T01:53:00.504742500Z [WARNING] NetModule Slow response from upstream service
00002820 2026-05-30T01:53:00.508742500Z [INFO] NetModule Configuration loaded from disk
00002821 2026-05-30T01:53:00.613742500Z [INFO] DbModule Request processed in 42 ms
00002822 2026-05-30T01:53:00.583742500Z [INFO] UiModule Cache hit ratio: 0.85
00002823 2026-05-30T01:53:00.696742500Z [WARNING] UiModule Deprecated API endpoint used
00002824 2026-05-30T01:53:00.712742500Z [INFO] ApiModule Configuration loaded from disk
00002825 2026-05-30T01:53:00.679742500Z [INFO] NetModule Connection established to upstream
00002826 2026-05-30T01:53:00.718742500Z [ERROR] CoreModule Authorization rejected for user
00002827 2026-05-30T01:53:00.810742500Z [INFO] DbModule Configuration loaded from disk
00002828 2026-05-30T01:53:00.794742500Z [WARNING] ApiModule Slow response from upstream service
00002829 2026-05-30T01:53:00.875742500Z [CRITICAL] CacheModule Kernel panic in subsystem
00002830 2026-05-30T01:53:00.939742500Z [INFO] DbModule Configuration loaded from disk
00002831 2026-05-30T01:53:00.940742500Z [INFO] AuthModule Connection established to upstream
00002832 2026-05-30T01:53:01.027742500Z [INFO] DbModule User logged in successfully
00002833 2026-05-30T01:53:00.998742500Z [INFO] UiModule User logged in successfully
00002834 2026-05-30T01:53:01.054742500Z [DEBUG] CoreModule Lock acquired on resource pool
00002835 2026-05-30T01:53:01.141742500Z [INFO] UiModule User logged in successfully
00002836 2026-05-30T01:53:01.171742500Z [INFO] DbModule Configuration loaded from disk
00002837 2026-05-30T01:53:01.180742500Z [ERROR] CacheModule Failed to parse JSON payload
00002838 2026-05-30T01:53:01.240742500Z [DEBUG] ApiModule Variable x = 67
00002839 2026-05-30T01:53:01.215742500Z [INFO] AuthModule Background task started
00002840 2026-05-30T01:53:01.296742500Z [INFO] AuthModule Background task started
00002841 2026-05-30T01:53:01.329742500Z [INFO] ApiModule Background task started
00002842 2026-05-30T01:53:01.332742500Z [INFO] ApiModule User logged in successfully
00002843 2026-05-30T01:53:01.398742500Z [DEBUG] CacheModule Variable x = 67
00002844 2026-05-30T01:53:01.437742500Z [INFO] UiModule User logged in successfully
00002845 2026-05-30T01:53:01.427742500Z [WARNING] DbModule Slow response from upstream service
00002846 2026-05-30T01:53:01.534742500Z [INFO] NetModule Request processed in 42 ms
00002847 2026-05-30T01:53:01.526742500Z [DEBUG] CoreModule Trace: stack depth = 1488
00002848 2026-05-30T01:53:01.612742500Z [INFO] DbModule Connection established to upstream
00002849 2026-05-30T01:53:01.653742500Z [WARNING] AuthModule Deprecated API endpoint used
00002850 2026-05-30T01:53:01.682742500Z [INFO] CoreModule Request processed in 42 ms
00002851 2026-05-30T01:53:01.740742500Z [INFO] CoreModule Connection established to upstream
00002852 2026-05-30T01:53:01.679742500Z [DEBUG] ApiModule Trace: stack depth = 1488
00002853 2026-05-30T01:53:01.765742500Z [INFO] UiModule Background task started
00002854 2026-05-30T01:53:01.820742500Z [INFO] NetModule Configuration loaded from disk
00002855 2026-05-30T01:53:01.828742500Z [INFO] CoreModule Connection established to upstream
00002856 2026-05-30T01:53:01.861742500Z [INFO] CacheModule Cache hit ratio: 0.85
00002857 2026-05-30T01:53:01.937742500Z [INFO] DbModule Cache hit ratio: 0.85
00002858 2026-05-30T01:53:01.987742500Z [DEBUG] CoreModule Garbage collection triggered
00002859 2026-05-30T01:53:01.999742500Z [ERROR] CoreModule Authorization rejected for user
00002860 2026-05-30T01:53:02.020742500Z [WARNING] CacheModule Retry attempt 2 of 3
00002861 2026-05-30T01:53:02.088742500Z [DEBUG] NetModule Entering method handleRequest()
00002862 2026-05-30T01:53:02.088742500Z [INFO] AuthModule Connection established to upstream
00002863 2026-05-30T01:53:02.150742500Z [WARNING] UiModule Retry attempt 2 of 3
00002864 2026-05-30T01:53:02.188742500Z [INFO] CoreModule Background task started
00002865 2026-05-30T01:53:02.194742500Z [WARNING] UiModule Slow response from upstream service
00002866 2026-05-30T01:53:02.282742500Z [DEBUG] AuthModule Entering method handleRequest()
00002867 2026-05-30T01:53:02.244742500Z [INFO] UiModule Configuration loaded from disk
00002868 2026-05-30T01:53:02.329742500Z [INFO] UiModule Connection established to upstream
00002869 2026-05-30T01:53:02.355742500Z [WARNING] CoreModule Slow response from upstream service
00002870 2026-05-30T01:53:02.396742500Z [INFO] AuthModule Connection established to upstream
00002871 2026-05-30T01:53:02.419742500Z [INFO] DbModule Request processed in 42 ms
00002872 2026-05-30T01:53:02.480742500Z [INFO] DbModule User logged in successfully
00002873 2026-05-30T01:53:02.499742500Z [INFO] DbModule Configuration loaded from disk
00002874 2026-05-30T01:53:02.501742500Z [DEBUG] UiModule Garbage collection triggered
00002875 2026-05-30T01:53:02.554742500Z [INFO] CacheModule Connection established to upstream
00002876 2026-05-30T01:53:02.607742500Z [DEBUG] DbModule Garbage collection triggered
00002877 2026-05-30T01:53:02.655742500Z [INFO] ApiModule User logged in successfully
00002878 2026-05-30T01:53:02.730742500Z [INFO] DbModule Connection established to upstream
00002879 2026-05-30T01:53:02.767742500Z [DEBUG] DbModule Entering method handleRequest()
00002880 2026-05-30T01:53:02.783742500Z [INFO] NetModule Request processed in 42 ms
00002881 2026-05-30T01:53:02.784742500Z [DEBUG] DbModule Variable x = 67
00002882 2026-05-30T01:53:02.850742500Z [DEBUG] DbModule Entering method handleRequest()
00002883 2026-05-30T01:53:02.834742500Z [WARNING] NetModule High memory usage detected (85%)
00002884 2026-05-30T01:53:02.884742500Z [DEBUG] UiModule Garbage collection triggered
00002885 2026-05-30T01:53:02.911742500Z [WARNING] NetModule Slow response from upstream service
00002886 2026-05-30T01:53:02.976742500Z [WARNING] AuthModule Deprecated API endpoint used
00002887 2026-05-30T01:53:02.995742500Z [WARNING] CacheModule Deprecated API endpoint used
00002888 2026-05-30T01:53:03.108742500Z [DEBUG] UiModule Trace: stack depth = 1488
00002889 2026-05-30T01:53:03.110742500Z [INFO] ApiModule Configuration loaded from disk
00002890 2026-05-30T01:53:03.094742500Z [DEBUG] CoreModule Garbage collection triggered
00002891 2026-05-30T01:53:03.147742500Z [INFO] CacheModule Request processed in 42 ms
00002892 2026-05-30T01:53:03.189742500Z [DEBUG] DbModule Variable x = 67
00002893 2026-05-30T01:53:03.244742500Z [INFO] DbModule Connection established to upstream
00002894 2026-05-30T01:53:03.327742500Z [DEBUG] NetModule Trace: stack depth = 1488
00002895 2026-05-30T01:53:03.302742500Z [INFO] UiModule Cache hit ratio: 0.85
00002896 2026-05-30T01:53:03.362742500Z [WARNING] AuthModule High memory usage detected (85%)
00002897 2026-05-30T01:53:03.352742500Z [INFO] DbModule User logged in successfully
00002898 2026-05-30T01:53:03.445742500Z [INFO] UiModule Configuration loaded from disk
00002899 2026-05-30T01:53:03.493742500Z [DEBUG] UiModule Garbage collection triggered
00002900 2026-05-30T01:53:03.494742500Z [ERROR] NetModule File not found: config.yaml
00002901 2026-05-30T01:53:03.560742500Z [INFO] AuthModule User logged in successfully
00002902 2026-05-30T01:53:03.563742500Z [INFO] ApiModule Configuration loaded from disk
00002903 2026-05-30T01:53:03.637742500Z [INFO] AuthModule Cache hit ratio: 0.85
00002904 2026-05-30T01:53:03.615742500Z [INFO] NetModule Request processed in 42 ms
00002905 2026-05-30T01:53:03.667742500Z [DEBUG] CacheModule Lock acquired on resource pool
00002906 2026-05-30T01:53:03.676742500Z [DEBUG] DbModule Variable x = 67
00002907 2026-05-30T01:53:03.797742500Z [WARNING] UiModule High memory usage detected (85%)
00002908 2026-05-30T01:53:03.775742500Z [INFO] CoreModule Background task started
00002909 2026-05-30T01:53:03.842742500Z [DEBUG] CoreModule Garbage collection triggered
00002910 2026-05-30T01:53:03.860742500Z [WARNING] NetModule Retry attempt 2 of 3
00002911 2026-05-30T01:53:03.911742500Z [INFO] CoreModule Request processed in 42 ms
00002912 2026-05-30T01:53:03.949742500Z [CRITICAL] DbModule Kernel panic in subsystem
00002913 2026-05-30T01:53:04.026742500Z [INFO] DbModule User logged in successfully
00002914 2026-05-30T01:53:04.041742500Z [INFO] DbModule Background task started
00002915 2026-05-30T01:53:04.046742500Z [DEBUG] CoreModule Trace: stack depth = 1488
00002916 2026-05-30T01:53:04.136742500Z [INFO] DbModule User logged in successfully
00002917 2026-05-30T01:53:04.139742500Z [INFO] UiModule Configuration loaded from disk
00002918 2026-05-30T01:53:04.174742500Z [WARNING] DbModule High memory usage detected (85%)
00002919 2026-05-30T01:53:04.236742500Z [ERROR] AuthModule Failed to parse JSON payload
00002920 2026-05-30T01:53:04.237742500Z [INFO] AuthModule Configuration loaded from disk
00002921 2026-05-30T01:53:04.325742500Z [DEBUG] NetModule Trace: stack depth = 1488
00002922 2026-05-30T01:53:04.316742500Z [DEBUG] AuthModule Trace: stack depth = 1488
00002923 2026-05-30T01:53:04.337742500Z [DEBUG] NetModule Garbage collection triggered
00002924 2026-05-30T01:53:04.365742500Z [DEBUG] CoreModule Variable x = 67
00002925 2026-05-30T01:53:04.394742500Z [INFO] CacheModule Connection established to upstream
00002926 2026-05-30T01:53:04.493742500Z [INFO] DbModule Cache hit ratio: 0.85
00002927 2026-05-30T01:53:04.469742500Z [ERROR] ApiModule File not found: config.yaml
00002928 2026-05-30T01:53:04.560742500Z [INFO] CacheModule Background task started
00002929 2026-05-30T01:53:04.569742500Z [DEBUG] UiModule Lock acquired on resource pool
00002930 2026-05-30T01:53:04.595742500Z [INFO] CoreModule User logged in successfully
00002931 2026-05-30T01:53:04.617742500Z [INFO] UiModule Configuration loaded from disk
00002932 2026-05-30T01:53:04.701742500Z [DEBUG] DbModule Garbage collection triggered
00002933 2026-05-30T01:53:04.748742500Z [ERROR] UiModule Connection timeout to database
00002934 2026-05-30T01:53:04.725742500Z [INFO] CoreModule User logged in successfully
00002935 2026-05-30T01:53:04.826742500Z [DEBUG] DbModule Variable x = 67
00002936 2026-05-30T01:53:04.792742500Z [DEBUG] NetModule Entering method handleRequest()
00002937 2026-05-30T01:53:04.825742500Z [INFO] AuthModule Connection established to upstream
00002938 2026-05-30T01:53:04.901742500Z [DEBUG] CoreModule Lock acquired on resource pool
00002939 2026-05-30T01:53:04.942742500Z [DEBUG] CoreModule Variable x = 67
00002940 2026-05-30T01:53:04.978742500Z [WARNING] AuthModule Slow response from upstream service
00002941 2026-05-30T01:53:04.988742500Z [DEBUG] CacheModule Lock acquired on resource pool
00002942 2026-05-30T01:53:05.062742500Z [INFO] CoreModule Background task started
00002943 2026-05-30T01:53:05.069742500Z [INFO] DbModule Cache hit ratio: 0.85
00002944 2026-05-30T01:53:05.094742500Z [INFO] DbModule Configuration loaded from disk
00002945 2026-05-30T01:53:05.146742500Z [ERROR] DbModule Failed to parse JSON payload
00002946 2026-05-30T01:53:05.221742500Z [INFO] NetModule Request processed in 42 ms
00002947 2026-05-30T01:53:05.233742500Z [DEBUG] UiModule Entering method handleRequest()
00002948 2026-05-30T01:53:05.322742500Z [DEBUG] DbModule Variable x = 67
00002949 2026-05-30T01:53:05.274742500Z [WARNING] CacheModule Retry attempt 2 of 3
00002950 2026-05-30T01:53:05.363742500Z [INFO] UiModule Connection established to upstream
00002951 2026-05-30T01:53:05.352742500Z [INFO] CoreModule Configuration loaded from disk
00002952 2026-05-30T01:53:05.406742500Z [INFO] UiModule Background task started
00002953 2026-05-30T01:53:05.427742500Z [INFO] UiModule Configuration loaded from disk
00002954 2026-05-30T01:53:05.485742500Z [ERROR] CoreModule File not found: config.yaml
00002955 2026-05-30T01:53:05.581742500Z [DEBUG] CacheModule Garbage collection triggered
00002956 2026-05-30T01:53:05.547742500Z [INFO] AuthModule Cache hit ratio: 0.85
00002957 2026-05-30T01:53:05.607742500Z [DEBUG] AuthModule Trace: stack depth = 1488
00002958 2026-05-30T01:53:05.618742500Z [DEBUG] UiModule Lock acquired on resource pool
00002959 2026-05-30T01:53:05.735742500Z [INFO] CacheModule Connection established to upstream
00002960 2026-05-30T01:53:05.699742500Z [ERROR] UiModule Failed to parse JSON payload
00002961 2026-05-30T01:53:05.776742500Z [DEBUG] CacheModule Garbage collection triggered
00002962 2026-05-30T01:53:05.783742500Z [DEBUG] DbModule Variable x = 67
00002963 2026-05-30T01:53:05.811742500Z [INFO] CacheModule Configuration loaded from disk
00002964 2026-05-30T01:53:05.883742500Z [WARNING] UiModule Slow response from upstream service
00002965 2026-05-30T01:53:05.926742500Z [DEBUG] UiModule Variable x = 67
00002966 2026-05-30T01:53:05.985742500Z [WARNING] ApiModule Retry attempt 2 of 3
00002967 2026-05-30T01:53:05.965742500Z [DEBUG] NetModule Trace: stack depth = 1488
00002968 2026-05-30T01:53:05.999742500Z [INFO] NetModule Connection established to upstream
00002969 2026-05-30T01:53:06.062742500Z [INFO] NetModule Connection established to upstream
00002970 2026-05-30T01:53:06.069742500Z [CRITICAL] CoreModule Disk full, cannot continue
00002971 2026-05-30T01:53:06.110742500Z [ERROR] ApiModule File not found: config.yaml
00002972 2026-05-30T01:53:06.215742500Z [INFO] CoreModule Request processed in 42 ms
00002973 2026-05-30T01:53:06.247742500Z [DEBUG] NetModule Garbage collection triggered
00002974 2026-05-30T01:53:06.205742500Z [ERROR] ApiModule File not found: config.yaml
00002975 2026-05-30T01:53:06.234742500Z [DEBUG] CoreModule Variable x = 67
00002976 2026-05-30T01:53:06.289742500Z [INFO] UiModule Configuration loaded from disk
00002977 2026-05-30T01:53:06.380742500Z [INFO] UiModule Background task started
00002978 2026-05-30T01:53:06.401742500Z [INFO] NetModule User logged in successfully
00002979 2026-05-30T01:53:06.387742500Z [INFO] UiModule Request processed in 42 ms
00002980 2026-05-30T01:53:06.507742500Z [DEBUG] NetModule Variable x = 67
00002981 2026-05-30T01:53:06.531742500Z [INFO] DbModule Configuration loaded from disk
00002982 2026-05-30T01:53:06.498742500Z [DEBUG] CacheModule Entering method handleRequest()
00002983 2026-05-30T01:53:06.579742500Z [DEBUG] CoreModule Trace: stack depth = 1488
00002984 2026-05-30T01:53:06.644742500Z [INFO] ApiModule Connection established to upstream
00002985 2026-05-30T01:53:06.695742500Z [ERROR] NetModule Null pointer in handler
00002986 2026-05-30T01:53:06.680742500Z [INFO] ApiModule Cache hit ratio: 0.85
00002987 2026-05-30T01:53:06.705742500Z [DEBUG] CacheModule Lock acquired on resource pool
00002988 2026-05-30T01:53:06.715742500Z [WARNING] ApiModule High memory usage detected (85%)
00002989 2026-05-30T01:53:06.794742500Z [INFO] CacheModule Configuration loaded from disk
00002990 2026-05-30T01:53:06.868742500Z [INFO] CoreModule Request processed in 42 ms
00002991 2026-05-30T01:53:06.875742500Z [INFO] DbModule Cache hit ratio: 0.85
00002992 2026-05-30T01:53:06.866742500Z [INFO] NetModule Connection established to upstream
00002993 2026-05-30T01:53:06.958742500Z [DEBUG] CoreModule Lock acquired on resource pool
00002994 2026-05-30T01:53:06.958742500Z [INFO] UiModule Connection established to upstream
00002995 2026-05-30T01:53:07.064742500Z [INFO] AuthModule Cache hit ratio: 0.85
00002996 2026-05-30T01:53:07.063742500Z [INFO] CoreModule Background task started
00002997 2026-05-30T01:53:07.090742500Z [DEBUG] DbModule Trace: stack depth = 1488
00002998 2026-05-30T01:53:07.107742500Z [INFO] CacheModule Connection established to upstream
00002999 2026-05-30T01:53:07.178742500Z [ERROR] DbModule Authorization rejected for user
00003000 2026-05-30T01:53:07.169742500Z [INFO] CoreModule Configuration loaded from disk
00003001 2026-05-30T01:53:07.246742500Z [INFO] CoreModule Request processed in 42 ms
00003002 2026-05-30T01:53:07.315742500Z [WARNING] CacheModule Deprecated API endpoint used
00003003 2026-05-30T01:53:07.333742500Z [DEBUG] DbModule Garbage collection triggered
00003004 2026-05-30T01:53:07.391742500Z [DEBUG] NetModule Trace: stack depth = 1488
00003005 2026-05-30T01:53:07.354742500Z [WARNING] CoreModule High memory usage detected (85%)
00003006 2026-05-30T01:53:07.455742500Z [INFO] AuthModule Configuration loaded from disk
00003007 2026-05-30T01:53:07.497742500Z [INFO] DbModule Cache hit ratio: 0.85
00003008 2026-05-30T01:53:07.482742500Z [WARNING] ApiModule Deprecated API endpoint used
00003009 2026-05-30T01:53:07.557742500Z [INFO] CacheModule Connection established to upstream
00003010 2026-05-30T01:53:07.587742500Z [DEBUG] NetModule Lock acquired on resource pool
00003011 2026-05-30T01:53:07.639742500Z [WARNING] CoreModule Slow response from upstream service
00003012 2026-05-30T01:53:07.618742500Z [DEBUG] ApiModule Garbage collection triggered
00003013 2026-05-30T01:53:07.699742500Z [WARNING] ApiModule Retry attempt 2 of 3
00003014 2026-05-30T01:53:07.752742500Z [DEBUG] AuthModule Entering method handleRequest()
00003015 2026-05-30T01:53:07.760742500Z [INFO] DbModule Background task started
00003016 2026-05-30T01:53:07.797742500Z [DEBUG] AuthModule Variable x = 67
00003017 2026-05-30T01:53:07.822742500Z [WARNING] AuthModule Retry attempt 2 of 3
00003018 2026-05-30T01:53:07.914742500Z [INFO] DbModule Request processed in 42 ms
00003019 2026-05-30T01:53:07.906742500Z [WARNING] NetModule High memory usage detected (85%)
00003020 2026-05-30T01:53:07.986742500Z [INFO] NetModule User logged in successfully
00003021 2026-05-30T01:53:08.023742500Z [INFO] CacheModule Configuration loaded from disk
00003022 2026-05-30T01:53:08.050742500Z [INFO] AuthModule Connection established to upstream
00003023 2026-05-30T01:53:08.081742500Z [WARNING] CacheModule Retry attempt 2 of 3
00003024 2026-05-30T01:53:08.139742500Z [INFO] UiModule Cache hit ratio: 0.85
00003025 2026-05-30T01:53:08.130742500Z [DEBUG] UiModule Variable x = 67
00003026 2026-05-30T01:53:08.155742500Z [DEBUG] AuthModule Lock acquired on resource pool
00003027 2026-05-30T01:53:08.163742500Z [CRITICAL] DbModule Unrecoverable error in main loop
00003028 2026-05-30T01:53:08.214742500Z [WARNING] DbModule High memory usage detected (85%)
00003029 2026-05-30T01:53:08.286742500Z [WARNING] CacheModule Deprecated API endpoint used
00003030 2026-05-30T01:53:08.268742500Z [INFO] NetModule Request processed in 42 ms
00003031 2026-05-30T01:53:08.358742500Z [INFO] CacheModule Request processed in 42 ms
00003032 2026-05-30T01:53:08.425742500Z [WARNING] CacheModule High memory usage detected (85%)
00003033 2026-05-30T01:53:08.432742500Z [INFO] CoreModule Background task started
00003034 2026-05-30T01:53:08.464742500Z [ERROR] CoreModule File not found: config.yaml
00003035 2026-05-30T01:53:08.481742500Z [CRITICAL] CacheModule Out of memory, shutting down
00003036 2026-05-30T01:53:08.513742500Z [ERROR] ApiModule Authorization rejected for user
00003037 2026-05-30T01:53:08.586742500Z [INFO] NetModule Connection established to upstream
00003038 2026-05-30T01:53:08.656742500Z [WARNING] CacheModule High memory usage detected (85%)
00003039 2026-05-30T01:53:08.623742500Z [WARNING] UiModule Slow response from upstream service
00003040 2026-05-30T01:53:08.654742500Z [INFO] NetModule Cache hit ratio: 0.85
00003041 2026-05-30T01:53:08.769742500Z [INFO] DbModule Request processed in 42 ms
00003042 2026-05-30T01:53:08.771742500Z [INFO] ApiModule Request processed in 42 ms
00003043 2026-05-30T01:53:08.841742500Z [WARNING] ApiModule High memory usage detected (85%)
00003044 2026-05-30T01:53:08.848742500Z [INFO] NetModule Configuration loaded from disk
00003045 2026-05-30T01:53:08.854742500Z [INFO] ApiModule Configuration loaded from disk
00003046 2026-05-30T01:53:08.952742500Z [INFO] DbModule User logged in successfully
00003047 2026-05-30T01:53:08.915742500Z [INFO] CoreModule Background task started
00003048 2026-05-30T01:53:08.981742500Z [DEBUG] AuthModule Lock acquired on resource pool
00003049 2026-05-30T01:53:09.027742500Z [ERROR] AuthModule Null pointer in handler
00003050 2026-05-30T01:53:09.094742500Z [DEBUG] AuthModule Lock acquired on resource pool
00003051 2026-05-30T01:53:09.134742500Z [INFO] DbModule Background task started
00003052 2026-05-30T01:53:09.099742500Z [DEBUG] DbModule Entering method handleRequest()
00003053 2026-05-30T01:53:09.151742500Z [INFO] DbModule User logged in successfully
00003054 2026-05-30T01:53:09.246742500Z [INFO] AuthModule Cache hit ratio: 0.85
00003055 2026-05-30T01:53:09.218742500Z [INFO] UiModule Background task started
00003056 2026-05-30T01:53:09.254742500Z [ERROR] CoreModule Null pointer in handler
00003057 2026-05-30T01:53:09.301742500Z [INFO] CoreModule Background task started
00003058 2026-05-30T01:53:09.395742500Z [INFO] UiModule Background task started
00003059 2026-05-30T01:53:09.377742500Z [INFO] CacheModule Connection established to upstream
00003060 2026-05-30T01:53:09.387742500Z [DEBUG] CacheModule Variable x = 67
00003061 2026-05-30T01:53:09.487742500Z [INFO] ApiModule Request processed in 42 ms
00003062 2026-05-30T01:53:09.544742500Z [INFO] UiModule User logged in successfully
00003063 2026-05-30T01:53:09.581742500Z [INFO] DbModule Cache hit ratio: 0.85
00003064 2026-05-30T01:53:09.580742500Z [DEBUG] NetModule Garbage collection triggered
00003065 2026-05-30T01:53:09.592742500Z [WARNING] AuthModule High memory usage detected (85%)
00003066 2026-05-30T01:53:09.619742500Z [INFO] CacheModule Background task started
00003067 2026-05-30T01:53:09.685742500Z [INFO] DbModule Configuration loaded from disk
00003068 2026-05-30T01:53:09.738742500Z [DEBUG] AuthModule Entering method handleRequest()
00003069 2026-05-30T01:53:09.738742500Z [DEBUG] AuthModule Variable x = 67
00003070 2026-05-30T01:53:09.827742500Z [DEBUG] NetModule Garbage collection triggered
00003071 2026-05-30T01:53:09.815742500Z [INFO] UiModule Connection established to upstream
00003072 2026-05-30T01:53:09.909742500Z [INFO] CacheModule Background task started
00003073 2026-05-30T01:53:09.887742500Z [DEBUG] UiModule Entering method handleRequest()
00003074 2026-05-30T01:53:09.926742500Z [ERROR] UiModule Connection timeout to database
00003075 2026-05-30T01:53:09.986742500Z [INFO] CoreModule Cache hit ratio: 0.85
00003076 2026-05-30T01:53:10.005742500Z [DEBUG] AuthModule Trace: stack depth = 1488
00003077 2026-05-30T01:53:10.031742500Z [ERROR] ApiModule Authorization rejected for user
00003078 2026-05-30T01:53:10.071742500Z [DEBUG] DbModule Variable x = 67
00003079 2026-05-30T01:53:10.157742500Z [ERROR] DbModule File not found: config.yaml
00003080 2026-05-30T01:53:10.211742500Z [WARNING] AuthModule Slow response from upstream service
00003081 2026-05-30T01:53:10.227742500Z [ERROR] AuthModule Connection timeout to database
00003082 2026-05-30T01:53:10.252742500Z [DEBUG] AuthModule Variable x = 67
00003083 2026-05-30T01:53:10.301742500Z [WARNING] UiModule Slow response from upstream service
00003084 2026-05-30T01:53:10.311742500Z [WARNING] CoreModule Deprecated API endpoint used
00003085 2026-05-30T01:53:10.382742500Z [INFO] DbModule Request processed in 42 ms
00003086 2026-05-30T01:53:10.412742500Z [INFO] DbModule Configuration loaded from disk
00003087 2026-05-30T01:53:10.462742500Z [WARNING] CacheModule High memory usage detected (85%)
00003088 2026-05-30T01:53:10.492742500Z [DEBUG] DbModule Trace: stack depth = 1488
00003089 2026-05-30T01:53:10.495742500Z [INFO] CoreModule Request processed in 42 ms
00003090 2026-05-30T01:53:10.529742500Z [INFO] DbModule Connection established to upstream
00003091 2026-05-30T01:53:10.521742500Z [ERROR] NetModule Connection timeout to database
00003092 2026-05-30T01:53:10.570742500Z [DEBUG] NetModule Trace: stack depth = 1488
00003093 2026-05-30T01:53:10.660742500Z [INFO] CoreModule Connection established to upstream
00003094 2026-05-30T01:53:10.658742500Z [INFO] AuthModule Connection established to upstream
00003095 2026-05-30T01:53:10.678742500Z [INFO] UiModule Background task started
00003096 2026-05-30T01:53:10.770742500Z [INFO] ApiModule Cache hit ratio: 0.85
00003097 2026-05-30T01:53:10.787742500Z [WARNING] UiModule Deprecated API endpoint used
00003098 2026-05-30T01:53:10.869742500Z [INFO] UiModule Cache hit ratio: 0.85
00003099 2026-05-30T01:53:10.847742500Z [INFO] AuthModule Cache hit ratio: 0.85
00003100 2026-05-30T01:53:10.913742500Z [CRITICAL] NetModule Disk full, cannot continue
00003101 2026-05-30T01:53:10.892742500Z [INFO] CacheModule Background task started
00003102 2026-05-30T01:53:10.961742500Z [DEBUG] DbModule Entering method handleRequest()
00003103 2026-05-30T01:53:10.990742500Z [INFO] NetModule Background task started
00003104 2026-05-30T01:53:11.058742500Z [CRITICAL] UiModule Disk full, cannot continue
00003105 2026-05-30T01:53:11.132742500Z [DEBUG] UiModule Variable x = 67
00003106 2026-05-30T01:53:11.104742500Z [INFO] CacheModule Configuration loaded from disk
00003107 2026-05-30T01:53:11.118742500Z [DEBUG] CoreModule Entering method handleRequest()
00003108 2026-05-30T01:53:11.187742500Z [INFO] UiModule Request processed in 42 ms
00003109 2026-05-30T01:53:11.242742500Z [DEBUG] NetModule Garbage collection triggered
00003110 2026-05-30T01:53:11.284742500Z [INFO] CoreModule Cache hit ratio: 0.85
00003111 2026-05-30T01:53:11.321742500Z [DEBUG] ApiModule Variable x = 67
00003112 2026-05-30T01:53:11.312742500Z [ERROR] ApiModule Failed to parse JSON payload
00003113 2026-05-30T01:53:11.409742500Z [WARNING] ApiModule Deprecated API endpoint used
00003114 2026-05-30T01:53:11.401742500Z [INFO] CoreModule Cache hit ratio: 0.85
00003115 2026-05-30T01:53:11.410742500Z [INFO] AuthModule Background task started
00003116 2026-05-30T01:53:11.498742500Z [WARNING] CoreModule Deprecated API endpoint used
00003117 2026-05-30T01:53:11.539742500Z [WARNING] CoreModule Deprecated API endpoint used
00003118 2026-05-30T01:53:11.525742500Z [INFO] DbModule Configuration loaded from disk
00003119 2026-05-30T01:53:11.648742500Z [DEBUG] UiModule Trace: stack depth = 1488
00003120 2026-05-30T01:53:11.668742500Z [INFO] CacheModule User logged in successfully
00003121 2026-05-30T01:53:11.727742500Z [DEBUG] CacheModule Garbage collection triggered
00003122 2026-05-30T01:53:11.686742500Z [INFO] ApiModule Connection established to upstream
00003123 2026-05-30T01:53:11.732742500Z [INFO] CoreModule Background task started
00003124 2026-05-30T01:53:11.828742500Z [INFO] DbModule Background task started
00003125 2026-05-30T01:53:11.782742500Z [INFO] CacheModule Background task started
00003126 2026-05-30T01:53:11.879742500Z [INFO] AuthModule Cache hit ratio: 0.85
00003127 2026-05-30T01:53:11.914742500Z [INFO] NetModule Request processed in 42 ms
00003128 2026-05-30T01:53:11.914742500Z [INFO] ApiModule Cache hit ratio: 0.85
00003129 2026-05-30T01:53:11.977742500Z [INFO] AuthModule Request processed in 42 ms
00003130 2026-05-30T01:53:11.973742500Z [INFO] DbModule Background task started
00003131 2026-05-30T01:53:12.023742500Z [DEBUG] NetModule Lock acquired on resource pool
00003132 2026-05-30T01:53:12.075742500Z [INFO] CoreModule Configuration loaded from disk
00003133 2026-05-30T01:53:12.136742500Z [INFO] ApiModule Background task started
00003134 2026-05-30T01:53:12.117742500Z [INFO] AuthModule Cache hit ratio: 0.85
00003135 2026-05-30T01:53:12.247742500Z [INFO] ApiModule Connection established to upstream
00003136 2026-05-30T01:53:12.186742500Z [INFO] NetModule Background task started
00003137 2026-05-30T01:53:12.299742500Z [DEBUG] UiModule Trace: stack depth = 1488
00003138 2026-05-30T01:53:12.332742500Z [DEBUG] ApiModule Variable x = 67
00003139 2026-05-30T01:53:12.312742500Z [INFO] DbModule Configuration loaded from disk
00003140 2026-05-30T01:53:12.357742500Z [INFO] CacheModule Background task started
00003141 2026-05-30T01:53:12.452742500Z [INFO] CoreModule Background task started
00003142 2026-05-30T01:53:12.504742500Z [DEBUG] CoreModule Entering method handleRequest()
00003143 2026-05-30T01:53:12.472742500Z [DEBUG] NetModule Entering method handleRequest()
00003144 2026-05-30T01:53:12.503742500Z [WARNING] AuthModule Deprecated API endpoint used
00003145 2026-05-30T01:53:12.554742500Z [DEBUG] UiModule Trace: stack depth = 1488
00003146 2026-05-30T01:53:12.625742500Z [WARNING] CacheModule Retry attempt 2 of 3
00003147 2026-05-30T01:53:12.622742500Z [ERROR] ApiModule Null pointer in handler
00003148 2026-05-30T01:53:12.691742500Z [DEBUG] UiModule Garbage collection triggered
00003149 2026-05-30T01:53:12.695742500Z [INFO] ApiModule User logged in successfully
00003150 2026-05-30T01:53:12.728742500Z [INFO] DbModule Background task started
00003151 2026-05-30T01:53:12.816742500Z [INFO] CacheModule User logged in successfully
00003152 2026-05-30T01:53:12.787742500Z [INFO] AuthModule Configuration loaded from disk
00003153 2026-05-30T01:53:12.817742500Z [ERROR] AuthModule Connection timeout to database
00003154 2026-05-30T01:53:12.909742500Z [DEBUG] AuthModule Garbage collection triggered
00003155 2026-05-30T01:53:12.977742500Z [INFO] NetModule Connection established to upstream
00003156 2026-05-30T01:53:12.997742500Z [INFO] UiModule Connection established to upstream
00003157 2026-05-30T01:53:12.971742500Z [WARNING] CoreModule Retry attempt 2 of 3
00003158 2026-05-30T01:53:13.018742500Z [WARNING] CoreModule Retry attempt 2 of 3
00003159 2026-05-30T01:53:13.040742500Z [ERROR] CoreModule Null pointer in handler
00003160 2026-05-30T01:53:13.148742500Z [INFO] NetModule User logged in successfully
00003161 2026-05-30T01:53:13.145742500Z [DEBUG] NetModule Lock acquired on resource pool
00003162 2026-05-30T01:53:13.164742500Z [INFO] AuthModule Background task started
00003163 2026-05-30T01:53:13.186742500Z [DEBUG] AuthModule Variable x = 67
00003164 2026-05-30T01:53:13.243742500Z [DEBUG] UiModule Trace: stack depth = 1488
00003165 2026-05-30T01:53:13.287742500Z [DEBUG] NetModule Entering method handleRequest()
00003166 2026-05-30T01:53:13.372742500Z [INFO] NetModule Background task started
00003167 2026-05-30T01:53:13.335742500Z [DEBUG] AuthModule Trace: stack depth = 1488
00003168 2026-05-30T01:53:13.428742500Z [DEBUG] CoreModule Garbage collection triggered
00003169 2026-05-30T01:53:13.429742500Z [DEBUG] CoreModule Lock acquired on resource pool
00003170 2026-05-30T01:53:13.450742500Z [WARNING] ApiModule Deprecated API endpoint used
00003171 2026-05-30T01:53:13.544742500Z [INFO] CoreModule Request processed in 42 ms
00003172 2026-05-30T01:53:13.565742500Z [INFO] CacheModule Background task started
00003173 2026-05-30T01:53:13.648742500Z [INFO] ApiModule User logged in successfully
00003174 2026-05-30T01:53:13.683742500Z [WARNING] AuthModule Deprecated API endpoint used
00003175 2026-05-30T01:53:13.637742500Z [ERROR] UiModule Null pointer in handler
00003176 2026-05-30T01:53:13.753742500Z [CRITICAL] UiModule Unrecoverable error in main loop
00003177 2026-05-30T01:53:13.797742500Z [INFO] ApiModule Connection established to upstream
00003178 2026-05-30T01:53:13.823742500Z [DEBUG] DbModule Lock acquired on resource pool
00003179 2026-05-30T01:53:13.824742500Z [WARNING] CacheModule Retry attempt 2 of 3
00003180 2026-05-30T01:53:13.834742500Z [INFO] ApiModule User logged in successfully
00003181 2026-05-30T01:53:13.877742500Z [INFO] NetModule Configuration loaded from disk
00003182 2026-05-30T01:53:13.974742500Z [DEBUG] NetModule Variable x = 67
00003183 2026-05-30T01:53:14.011742500Z [INFO] NetModule Connection established to upstream
00003184 2026-05-30T01:53:14.032742500Z [WARNING] AuthModule Retry attempt 2 of 3
00003185 2026-05-30T01:53:14.062742500Z [INFO] ApiModule Background task started
00003186 2026-05-30T01:53:14.067742500Z [INFO] AuthModule User logged in successfully
00003187 2026-05-30T01:53:14.141742500Z [INFO] ApiModule User logged in successfully
00003188 2026-05-30T01:53:14.124742500Z [WARNING] CacheModule Deprecated API endpoint used
00003189 2026-05-30T01:53:14.147742500Z [INFO] ApiModule Request processed in 42 ms
00003190 2026-05-30T01:53:14.263742500Z [DEBUG] ApiModule Variable x = 67
00003191 2026-05-30T01:53:14.284742500Z [INFO] DbModule Configuration loaded from disk
00003192 2026-05-30T01:53:14.329742500Z [INFO] DbModule Configuration loaded from disk
00003193 2026-05-30T01:53:14.375742500Z [DEBUG] UiModule Entering method handleRequest()
00003194 2026-05-30T01:53:14.386742500Z [WARNING] AuthModule Retry attempt 2 of 3
00003195 2026-05-30T01:53:14.396742500Z [DEBUG] NetModule Variable x = 67
00003196 2026-05-30T01:53:14.466742500Z [INFO] UiModule Configuration loaded from disk
00003197 2026-05-30T01:53:14.508742500Z [WARNING] CacheModule Slow response from upstream service
00003198 2026-05-30T01:53:14.501742500Z [DEBUG] UiModule Variable x = 67
00003199 2026-05-30T01:53:14.529742500Z [INFO] DbModule Background task started
00003200 2026-05-30T01:53:14.628742500Z [DEBUG] NetModule Lock acquired on resource pool
00003201 2026-05-30T01:53:14.621742500Z [DEBUG] CacheModule Entering method handleRequest()
00003202 2026-05-30T01:53:14.671742500Z [INFO] DbModule Request processed in 42 ms
00003203 2026-05-30T01:53:14.707742500Z [DEBUG] CacheModule Variable x = 67
00003204 2026-05-30T01:53:14.747742500Z [DEBUG] DbModule Lock acquired on resource pool
00003205 2026-05-30T01:53:14.751742500Z [WARNING] NetModule High memory usage detected (85%)
00003206 2026-05-30T01:53:14.851742500Z [INFO] DbModule Request processed in 42 ms
00003207 2026-05-30T01:53:14.821742500Z [WARNING] ApiModule Slow response from upstream service
00003208 2026-05-30T01:53:14.865742500Z [INFO] ApiModule Cache hit ratio: 0.85
00003209 2026-05-30T01:53:14.907742500Z [ERROR] AuthModule Null pointer in handler
00003210 2026-05-30T01:53:14.960742500Z [DEBUG] DbModule Entering method handleRequest()
00003211 2026-05-30T01:53:15.057742500Z [DEBUG] UiModule Variable x = 67
00003212 2026-05-30T01:53:15.020742500Z [WARNING] UiModule High memory usage detected (85%)
00003213 2026-05-30T01:53:15.053742500Z [INFO] NetModule User logged in successfully
00003214 2026-05-30T01:53:15.171742500Z [ERROR] AuthModule Failed to parse JSON payload
00003215 2026-05-30T01:53:15.161742500Z [WARNING] UiModule Deprecated API endpoint used
00003216 2026-05-30T01:53:15.164742500Z [INFO] ApiModule Background task started
00003217 2026-05-30T01:53:15.209742500Z [DEBUG] DbModule Entering method handleRequest()
00003218 2026-05-30T01:53:15.231742500Z [WARNING] CoreModule Retry attempt 2 of 3
00003219 2026-05-30T01:53:15.331742500Z [INFO] ApiModule Cache hit ratio: 0.85
00003220 2026-05-30T01:53:15.330742500Z [INFO] UiModule Configuration loaded from disk
00003221 2026-05-30T01:53:15.405742500Z [WARNING] CoreModule Deprecated API endpoint used
00003222 2026-05-30T01:53:15.387742500Z [ERROR] CoreModule Failed to parse JSON payload
00003223 2026-05-30T01:53:15.459742500Z [DEBUG] UiModule Lock acquired on resource pool
00003224 2026-05-30T01:53:15.473742500Z [INFO] CoreModule Configuration loaded from disk
00003225 2026-05-30T01:53:15.516742500Z [CRITICAL] CoreModule Kernel panic in subsystem
00003226 2026-05-30T01:53:15.593742500Z [INFO] NetModule Configuration loaded from disk
00003227 2026-05-30T01:53:15.623742500Z [DEBUG] NetModule Variable x = 67
00003228 2026-05-30T01:53:15.667742500Z [INFO] UiModule Connection established to upstream
00003229 2026-05-30T01:53:15.632742500Z [DEBUG] DbModule Lock acquired on resource pool
00003230 2026-05-30T01:53:15.744742500Z [DEBUG] CoreModule Variable x = 67
00003231 2026-05-30T01:53:15.742742500Z [WARNING] NetModule High memory usage detected (85%)
00003232 2026-05-30T01:53:15.823742500Z [WARNING] NetModule Deprecated API endpoint used
00003233 2026-05-30T01:53:15.859742500Z [DEBUG] DbModule Trace: stack depth = 1488
00003234 2026-05-30T01:53:15.859742500Z [INFO] DbModule Background task started
00003235 2026-05-30T01:53:15.881742500Z [INFO] DbModule Connection established to upstream
00003236 2026-05-30T01:53:15.984742500Z [WARNING] NetModule Deprecated API endpoint used
00003237 2026-05-30T01:53:15.949742500Z [DEBUG] AuthModule Garbage collection triggered
00003238 2026-05-30T01:53:15.971742500Z [DEBUG] CoreModule Entering method handleRequest()
00003239 2026-05-30T01:53:16.075742500Z [INFO] UiModule Background task started
00003240 2026-05-30T01:53:16.132742500Z [INFO] CacheModule Cache hit ratio: 0.85
00003241 2026-05-30T01:53:16.151742500Z [INFO] UiModule Connection established to upstream
00003242 2026-05-30T01:53:16.159742500Z [ERROR] UiModule Failed to parse JSON payload
00003243 2026-05-30T01:53:16.228742500Z [INFO] ApiModule Configuration loaded from disk
00003244 2026-05-30T01:53:16.237742500Z [DEBUG] CacheModule Entering method handleRequest()
00003245 2026-05-30T01:53:16.240742500Z [DEBUG] UiModule Trace: stack depth = 1488
00003246 2026-05-30T01:53:16.278742500Z [INFO] CacheModule Cache hit ratio: 0.85
00003247 2026-05-30T01:53:16.349742500Z [INFO] UiModule Configuration loaded from disk
00003248 2026-05-30T01:53:16.362742500Z [INFO] NetModule User logged in successfully
00003249 2026-05-30T01:53:16.423742500Z [DEBUG] ApiModule Variable x = 67
00003250 2026-05-30T01:53:16.486742500Z [DEBUG] CoreModule Garbage collection triggered
00003251 2026-05-30T01:53:16.508742500Z [INFO] ApiModule User logged in successfully
00003252 2026-05-30T01:53:16.486742500Z [DEBUG] ApiModule Entering method handleRequest()
00003253 2026-05-30T01:53:16.586742500Z [INFO] CoreModule Request processed in 42 ms
00003254 2026-05-30T01:53:16.590742500Z [INFO] CoreModule Configuration loaded from disk
00003255 2026-05-30T01:53:16.685742500Z [INFO] DbModule Request processed in 42 ms
00003256 2026-05-30T01:53:16.654742500Z [INFO] NetModule Request processed in 42 ms
00003257 2026-05-30T01:53:16.748742500Z [INFO] NetModule Cache hit ratio: 0.85
00003258 2026-05-30T01:53:16.748742500Z [INFO] CacheModule Cache hit ratio: 0.85
00003259 2026-05-30T01:53:16.766742500Z [INFO] AuthModule Cache hit ratio: 0.85
00003260 2026-05-30T01:53:16.839742500Z [DEBUG] CoreModule Garbage collection triggered
00003261 2026-05-30T01:53:16.830742500Z [INFO] CacheModule User logged in successfully
00003262 2026-05-30T01:53:16.883742500Z [DEBUG] AuthModule Trace: stack depth = 1488
00003263 2026-05-30T01:53:16.953742500Z [INFO] CacheModule Connection established to upstream
00003264 2026-05-30T01:53:16.949742500Z [DEBUG] NetModule Lock acquired on resource pool
00003265 2026-05-30T01:53:16.980742500Z [DEBUG] CacheModule Trace: stack depth = 1488
00003266 2026-05-30T01:53:17.085742500Z [INFO] DbModule Connection established to upstream
00003267 2026-05-30T01:53:17.057742500Z [INFO] AuthModule User logged in successfully
00003268 2026-05-30T01:53:17.083742500Z [INFO] CoreModule Cache hit ratio: 0.85
00003269 2026-05-30T01:53:17.205742500Z [ERROR] AuthModule Null pointer in handler
00003270 2026-05-30T01:53:17.220742500Z [DEBUG] UiModule Entering method handleRequest()
00003271 2026-05-30T01:53:17.216742500Z [DEBUG] NetModule Trace: stack depth = 1488
00003272 2026-05-30T01:53:17.221742500Z [INFO] CacheModule Connection established to upstream
00003273 2026-05-30T01:53:17.322742500Z [INFO] DbModule Background task started
00003274 2026-05-30T01:53:17.340742500Z [INFO] UiModule Background task started
00003275 2026-05-30T01:53:17.381742500Z [DEBUG] ApiModule Garbage collection triggered
00003276 2026-05-30T01:53:17.464742500Z [INFO] NetModule Configuration loaded from disk
00003277 2026-05-30T01:53:17.426742500Z [WARNING] ApiModule Retry attempt 2 of 3
00003278 2026-05-30T01:53:17.451742500Z [WARNING] NetModule Slow response from upstream service
00003279 2026-05-30T01:53:17.479742500Z [WARNING] AuthModule Slow response from upstream service
00003280 2026-05-30T01:53:17.575742500Z [INFO] AuthModule Cache hit ratio: 0.85
00003281 2026-05-30T01:53:17.555742500Z [INFO] UiModule User logged in successfully
00003282 2026-05-30T01:53:17.615742500Z [INFO] AuthModule Request processed in 42 ms
00003283 2026-05-30T01:53:17.699742500Z [DEBUG] DbModule Entering method handleRequest()
00003284 2026-05-30T01:53:17.668742500Z [WARNING] DbModule Slow response from upstream service
00003285 2026-05-30T01:53:17.701742500Z [DEBUG] NetModule Trace: stack depth = 1488
00003286 2026-05-30T01:53:17.835742500Z [DEBUG] DbModule Trace: stack depth = 1488
00003287 2026-05-30T01:53:17.809742500Z [DEBUG] NetModule Lock acquired on resource pool
00003288 2026-05-30T01:53:17.903742500Z [INFO] CacheModule Background task started
00003289 2026-05-30T01:53:17.862742500Z [DEBUG] DbModule Entering method handleRequest()
00003290 2026-05-30T01:53:17.913742500Z [INFO] AuthModule Configuration loaded from disk
00003291 2026-05-30T01:53:17.975742500Z [DEBUG] CoreModule Entering method handleRequest()
00003292 2026-05-30T01:53:17.985742500Z [INFO] CoreModule Cache hit ratio: 0.85
00003293 2026-05-30T01:53:18.031742500Z [INFO] CacheModule Configuration loaded from disk
00003294 2026-05-30T01:53:18.043742500Z [INFO] NetModule Request processed in 42 ms
00003295 2026-05-30T01:53:18.075742500Z [INFO] ApiModule Connection established to upstream
00003296 2026-05-30T01:53:18.177742500Z [WARNING] DbModule Deprecated API endpoint used
00003297 2026-05-30T01:53:18.196742500Z [INFO] NetModule Background task started
00003298 2026-05-30T01:53:18.221742500Z [WARNING] NetModule Retry attempt 2 of 3
00003299 2026-05-30T01:53:18.308742500Z [ERROR] AuthModule Failed to parse JSON payload
00003300 2026-05-30T01:53:18.273742500Z [INFO] CacheModule Cache hit ratio: 0.85
00003301 2026-05-30T01:53:18.387742500Z [WARNING] NetModule Slow response from upstream service
00003302 2026-05-30T01:53:18.405742500Z [DEBUG] NetModule Lock acquired on resource pool
00003303 2026-05-30T01:53:18.456742500Z [INFO] NetModule Request processed in 42 ms
00003304 2026-05-30T01:53:18.429742500Z [WARNING] UiModule Slow response from upstream service
00003305 2026-05-30T01:53:18.447742500Z [ERROR] ApiModule Authorization rejected for user
00003306 2026-05-30T01:53:18.532742500Z [DEBUG] AuthModule Variable x = 67
00003307 2026-05-30T01:53:18.574742500Z [WARNING] DbModule Slow response from upstream service
00003308 2026-05-30T01:53:18.573742500Z [WARNING] AuthModule High memory usage detected (85%)
00003309 2026-05-30T01:53:18.650742500Z [DEBUG] NetModule Trace: stack depth = 1488
00003310 2026-05-30T01:53:18.639742500Z [INFO] AuthModule Request processed in 42 ms
00003311 2026-05-30T01:53:18.700742500Z [WARNING] NetModule Slow response from upstream service
00003312 2026-05-30T01:53:18.714742500Z [INFO] AuthModule Background task started
00003313 2026-05-30T01:53:18.818742500Z [DEBUG] DbModule Trace: stack depth = 1488
00003314 2026-05-30T01:53:18.851742500Z [DEBUG] DbModule Variable x = 67
00003315 2026-05-30T01:53:18.821742500Z [ERROR] ApiModule Authorization rejected for user
00003316 2026-05-30T01:53:18.906742500Z [WARNING] CoreModule Deprecated API endpoint used
00003317 2026-05-30T01:53:18.943742500Z [ERROR] NetModule Failed to parse JSON payload
00003318 2026-05-30T01:53:18.954742500Z [DEBUG] CoreModule Variable x = 67
00003319 2026-05-30T01:53:18.980742500Z [ERROR] NetModule File not found: config.yaml
00003320 2026-05-30T01:53:19.042742500Z [WARNING] UiModule Deprecated API endpoint used
00003321 2026-05-30T01:53:19.122742500Z [ERROR] AuthModule Authorization rejected for user
00003322 2026-05-30T01:53:19.096742500Z [INFO] ApiModule Request processed in 42 ms
00003323 2026-05-30T01:53:19.118742500Z [DEBUG] NetModule Variable x = 67
00003324 2026-05-30T01:53:19.226742500Z [INFO] UiModule User logged in successfully
00003325 2026-05-30T01:53:19.190742500Z [INFO] ApiModule User logged in successfully
00003326 2026-05-30T01:53:19.246742500Z [WARNING] UiModule Retry attempt 2 of 3
00003327 2026-05-30T01:53:19.323742500Z [INFO] ApiModule Connection established to upstream
00003328 2026-05-30T01:53:19.315742500Z [INFO] CoreModule Background task started
00003329 2026-05-30T01:53:19.410742500Z [DEBUG] CoreModule Garbage collection triggered
00003330 2026-05-30T01:53:19.432742500Z [INFO] ApiModule Background task started
00003331 2026-05-30T01:53:19.401742500Z [INFO] AuthModule Connection established to upstream
00003332 2026-05-30T01:53:19.514742500Z [DEBUG] ApiModule Entering method handleRequest()
00003333 2026-05-30T01:53:19.536742500Z [DEBUG] UiModule Lock acquired on resource pool
00003334 2026-05-30T01:53:19.535742500Z [INFO] NetModule Background task started
00003335 2026-05-30T01:53:19.558742500Z [WARNING] AuthModule Deprecated API endpoint used
00003336 2026-05-30T01:53:19.675742500Z [WARNING] AuthModule Deprecated API endpoint used
00003337 2026-05-30T01:53:19.623742500Z [DEBUG] ApiModule Entering method handleRequest()
00003338 2026-05-30T01:53:19.699742500Z [INFO] ApiModule User logged in successfully
00003339 2026-05-30T01:53:19.744742500Z [INFO] DbModule Cache hit ratio: 0.85
00003340 2026-05-30T01:53:19.813742500Z [INFO] DbModule Connection established to upstream
00003341 2026-05-30T01:53:19.808742500Z [DEBUG] AuthModule Variable x = 67
00003342 2026-05-30T01:53:19.877742500Z [WARNING] UiModule Deprecated API endpoint used
00003343 2026-05-30T01:53:19.927742500Z [INFO] DbModule User logged in successfully
00003344 2026-05-30T01:53:19.892742500Z [WARNING] NetModule Slow response from upstream service
00003345 2026-05-30T01:53:19.952742500Z [DEBUG] CoreModule Entering method handleRequest()
00003346 2026-05-30T01:53:20.017742500Z [INFO] ApiModule Background task started
00003347 2026-05-30T01:53:20.006742500Z [INFO] NetModule Connection established to upstream
00003348 2026-05-30T01:53:20.065742500Z [INFO] NetModule Request processed in 42 ms
00003349 2026-05-30T01:53:20.111742500Z [WARNING] DbModule Retry attempt 2 of 3
00003350 2026-05-30T01:53:20.144742500Z [DEBUG] CacheModule Garbage collection triggered
00003351 2026-05-30T01:53:20.213742500Z [INFO] CoreModule Configuration loaded from disk
00003352 2026-05-30T01:53:20.191742500Z [DEBUG] CoreModule Variable x = 67
00003353 2026-05-30T01:53:20.289742500Z [WARNING] DbModule Slow response from upstream service
00003354 2026-05-30T01:53:20.298742500Z [ERROR] CoreModule Authorization rejected for user
00003355 2026-05-30T01:53:20.304742500Z [WARNING] NetModule High memory usage detected (85%)
00003356 2026-05-30T01:53:20.381742500Z [INFO] ApiModule Cache hit ratio: 0.85
00003357 2026-05-30T01:53:20.420742500Z [DEBUG] DbModule Variable x = 67
00003358 2026-05-30T01:53:20.440742500Z [DEBUG] DbModule Entering method handleRequest()
00003359 2026-05-30T01:53:20.438742500Z [WARNING] DbModule High memory usage detected (85%)
00003360 2026-05-30T01:53:20.500742500Z [INFO] NetModule Connection established to upstream
00003361 2026-05-30T01:53:20.543742500Z [DEBUG] ApiModule Lock acquired on resource pool
00003362 2026-05-30T01:53:20.625742500Z [DEBUG] CacheModule Trace: stack depth = 1488
00003363 2026-05-30T01:53:20.680742500Z [WARNING] NetModule Slow response from upstream service
00003364 2026-05-30T01:53:20.624742500Z [INFO] AuthModule Request processed in 42 ms
00003365 2026-05-30T01:53:20.732742500Z [WARNING] CacheModule Deprecated API endpoint used
00003366 2026-05-30T01:53:20.737742500Z [DEBUG] UiModule Variable x = 67
00003367 2026-05-30T01:53:20.818742500Z [DEBUG] ApiModule Lock acquired on resource pool
00003368 2026-05-30T01:53:20.787742500Z [INFO] CoreModule Cache hit ratio: 0.85
00003369 2026-05-30T01:53:20.821742500Z [INFO] ApiModule Cache hit ratio: 0.85
00003370 2026-05-30T01:53:20.848742500Z [DEBUG] DbModule Entering method handleRequest()
00003371 2026-05-30T01:53:20.977742500Z [DEBUG] CacheModule Lock acquired on resource pool
00003372 2026-05-30T01:53:21.016742500Z [INFO] DbModule Request processed in 42 ms
00003373 2026-05-30T01:53:20.986742500Z [CRITICAL] CacheModule Kernel panic in subsystem
00003374 2026-05-30T01:53:21.082742500Z [INFO] AuthModule Cache hit ratio: 0.85
00003375 2026-05-30T01:53:21.105742500Z [INFO] AuthModule Request processed in 42 ms
00003376 2026-05-30T01:53:21.128742500Z [WARNING] AuthModule Slow response from upstream service
00003377 2026-05-30T01:53:21.148742500Z [ERROR] CoreModule Authorization rejected for user
00003378 2026-05-30T01:53:21.226742500Z [INFO] AuthModule Background task started
00003379 2026-05-30T01:53:21.260742500Z [INFO] CoreModule Cache hit ratio: 0.85
00003380 2026-05-30T01:53:21.255742500Z [INFO] CoreModule Configuration loaded from disk
00003381 2026-05-30T01:53:21.338742500Z [DEBUG] NetModule Garbage collection triggered
00003382 2026-05-30T01:53:21.305742500Z [INFO] ApiModule Request processed in 42 ms
00003383 2026-05-30T01:53:21.364742500Z [INFO] CacheModule Cache hit ratio: 0.85
00003384 2026-05-30T01:53:21.407742500Z [ERROR] UiModule Failed to parse JSON payload
00003385 2026-05-30T01:53:21.447742500Z [DEBUG] AuthModule Variable x = 67
00003386 2026-05-30T01:53:21.454742500Z [WARNING] DbModule High memory usage detected (85%)
00003387 2026-05-30T01:53:21.504742500Z [DEBUG] CoreModule Variable x = 67
00003388 2026-05-30T01:53:21.575742500Z [DEBUG] DbModule Lock acquired on resource pool
00003389 2026-05-30T01:53:21.644742500Z [INFO] NetModule Cache hit ratio: 0.85
00003390 2026-05-30T01:53:21.608742500Z [INFO] UiModule Cache hit ratio: 0.85
00003391 2026-05-30T01:53:21.703742500Z [INFO] ApiModule Connection established to upstream
00003392 2026-05-30T01:53:21.744742500Z [INFO] ApiModule Connection established to upstream
00003393 2026-05-30T01:53:21.698742500Z [INFO] UiModule User logged in successfully
00003394 2026-05-30T01:53:21.745742500Z [INFO] CacheModule Cache hit ratio: 0.85
00003395 2026-05-30T01:53:21.778742500Z [ERROR] CoreModule Authorization rejected for user
00003396 2026-05-30T01:53:21.886742500Z [INFO] CoreModule Connection established to upstream
00003397 2026-05-30T01:53:21.918742500Z [INFO] UiModule Request processed in 42 ms
00003398 2026-05-30T01:53:21.880742500Z [DEBUG] UiModule Lock acquired on resource pool
00003399 2026-05-30T01:53:21.985742500Z [INFO] UiModule Connection established to upstream
00003400 2026-05-30T01:53:21.963742500Z [INFO] ApiModule Configuration loaded from disk
00003401 2026-05-30T01:53:22.070742500Z [INFO] ApiModule Cache hit ratio: 0.85
00003402 2026-05-30T01:53:22.072742500Z [INFO] ApiModule Request processed in 42 ms
00003403 2026-05-30T01:53:22.081742500Z [WARNING] ApiModule Slow response from upstream service
00003404 2026-05-30T01:53:22.181742500Z [ERROR] CoreModule Authorization rejected for user
00003405 2026-05-30T01:53:22.169742500Z [INFO] DbModule Configuration loaded from disk
00003406 2026-05-30T01:53:22.250742500Z [INFO] AuthModule Cache hit ratio: 0.85
00003407 2026-05-30T01:53:22.286742500Z [WARNING] NetModule Deprecated API endpoint used
00003408 2026-05-30T01:53:22.291742500Z [INFO] UiModule Request processed in 42 ms
00003409 2026-05-30T01:53:22.366742500Z [INFO] DbModule Background task started
00003410 2026-05-30T01:53:22.373742500Z [INFO] UiModule Configuration loaded from disk
00003411 2026-05-30T01:53:22.394742500Z [INFO] CoreModule Cache hit ratio: 0.85
00003412 2026-05-30T01:53:22.472742500Z [DEBUG] CoreModule Lock acquired on resource pool
00003413 2026-05-30T01:53:22.495742500Z [DEBUG] DbModule Variable x = 67
00003414 2026-05-30T01:53:22.484742500Z [INFO] UiModule User logged in successfully
00003415 2026-05-30T01:53:22.551742500Z [WARNING] UiModule Slow response from upstream service
00003416 2026-05-30T01:53:22.582742500Z [WARNING] DbModule High memory usage detected (85%)
00003417 2026-05-30T01:53:22.611742500Z [DEBUG] CoreModule Variable x = 67
00003418 2026-05-30T01:53:22.685742500Z [INFO] UiModule Request processed in 42 ms
00003419 2026-05-30T01:53:22.667742500Z [INFO] DbModule Configuration loaded from disk
00003420 2026-05-30T01:53:22.775742500Z [WARNING] DbModule Deprecated API endpoint used
00003421 2026-05-30T01:53:22.731742500Z [ERROR] DbModule File not found: config.yaml
00003422 2026-05-30T01:53:22.807742500Z [DEBUG] UiModule Variable x = 67
00003423 2026-05-30T01:53:22.867742500Z [ERROR] ApiModule Failed to parse JSON payload
00003424 2026-05-30T01:53:22.878742500Z [WARNING] CacheModule Retry attempt 2 of 3
00003425 2026-05-30T01:53:22.888742500Z [INFO] CoreModule User logged in successfully
00003426 2026-05-30T01:53:23.012742500Z [WARNING] DbModule Retry attempt 2 of 3
00003427 2026-05-30T01:53:22.983742500Z [INFO] DbModule User logged in successfully
00003428 2026-05-30T01:53:23.042742500Z [ERROR] DbModule Authorization rejected for user
00003429 2026-05-30T01:53:23.118742500Z [DEBUG] UiModule Garbage collection triggered
00003430 2026-05-30T01:53:23.095742500Z [DEBUG] CoreModule Garbage collection triggered
00003431 2026-05-30T01:53:23.170742500Z [INFO] DbModule Background task started
00003432 2026-05-30T01:53:23.152742500Z [INFO] ApiModule Background task started
00003433 2026-05-30T01:53:23.269742500Z [ERROR] NetModule Authorization rejected for user
00003434 2026-05-30T01:53:23.238742500Z [DEBUG] AuthModule Garbage collection triggered
00003435 2026-05-30T01:53:23.255742500Z [DEBUG] DbModule Trace: stack depth = 1488
00003436 2026-05-30T01:53:23.380742500Z [WARNING] ApiModule Slow response from upstream service
00003437 2026-05-30T01:53:23.375742500Z [DEBUG] CacheModule Trace: stack depth = 1488
00003438 2026-05-30T01:53:23.448742500Z [WARNING] CoreModule Retry attempt 2 of 3
00003439 2026-05-30T01:53:23.397742500Z [WARNING] ApiModule Deprecated API endpoint used
00003440 2026-05-30T01:53:23.440742500Z [INFO] AuthModule Connection established to upstream
00003441 2026-05-30T01:53:23.507742500Z [INFO] AuthModule Configuration loaded from disk
00003442 2026-05-30T01:53:23.535742500Z [INFO] ApiModule User logged in successfully
00003443 2026-05-30T01:53:23.637742500Z [DEBUG] UiModule Lock acquired on resource pool
00003444 2026-05-30T01:53:23.587742500Z [ERROR] UiModule Authorization rejected for user
00003445 2026-05-30T01:53:23.675742500Z [INFO] CoreModule Connection established to upstream
00003446 2026-05-30T01:53:23.733742500Z [INFO] UiModule Cache hit ratio: 0.85
00003447 2026-05-30T01:53:23.763742500Z [WARNING] AuthModule High memory usage detected (85%)
00003448 2026-05-30T01:53:23.739742500Z [INFO] CacheModule User logged in successfully
00003449 2026-05-30T01:53:23.853742500Z [WARNING] ApiModule Deprecated API endpoint used
00003450 2026-05-30T01:53:23.886742500Z [INFO] CoreModule Background task started
00003451 2026-05-30T01:53:23.897742500Z [INFO] DbModule Cache hit ratio: 0.85
00003452 2026-05-30T01:53:23.942742500Z [INFO] AuthModule Cache hit ratio: 0.85
00003453 2026-05-30T01:53:24.009742500Z [DEBUG] AuthModule Variable x = 67
00003454 2026-05-30T01:53:24.016742500Z [DEBUG] ApiModule Entering method handleRequest()
00003455 2026-05-30T01:53:24.065742500Z [INFO] UiModule Request processed in 42 ms
00003456 2026-05-30T01:53:24.051742500Z [INFO] NetModule Cache hit ratio: 0.85
00003457 2026-05-30T01:53:24.092742500Z [INFO] CacheModule Configuration loaded from disk
00003458 2026-05-30T01:53:24.125742500Z [ERROR] UiModule Null pointer in handler
00003459 2026-05-30T01:53:24.174742500Z [INFO] AuthModule User logged in successfully
00003460 2026-05-30T01:53:24.232742500Z [DEBUG] AuthModule Lock acquired on resource pool
00003461 2026-05-30T01:53:24.213742500Z [WARNING] DbModule Deprecated API endpoint used
00003462 2026-05-30T01:53:24.251742500Z [INFO] DbModule Configuration loaded from disk
00003463 2026-05-30T01:53:24.330742500Z [DEBUG] UiModule Variable x = 67
00003464 2026-05-30T01:53:24.408742500Z [DEBUG] CoreModule Garbage collection triggered
00003465 2026-05-30T01:53:24.411742500Z [CRITICAL] CacheModule Kernel panic in subsystem
00003466 2026-05-30T01:53:24.446742500Z [INFO] AuthModule User logged in successfully
00003467 2026-05-30T01:53:24.508742500Z [INFO] NetModule User logged in successfully
00003468 2026-05-30T01:53:24.502742500Z [DEBUG] AuthModule Variable x = 67
00003469 2026-05-30T01:53:24.560742500Z [WARNING] DbModule Deprecated API endpoint used
00003470 2026-05-30T01:53:24.612742500Z [DEBUG] UiModule Garbage collection triggered
00003471 2026-05-30T01:53:24.658742500Z [WARNING] CoreModule Deprecated API endpoint used
00003472 2026-05-30T01:53:24.672742500Z [DEBUG] UiModule Trace: stack depth = 1488
00003473 2026-05-30T01:53:24.682742500Z [INFO] UiModule User logged in successfully
00003474 2026-05-30T01:53:24.759742500Z [INFO] DbModule Cache hit ratio: 0.85
00003475 2026-05-30T01:53:24.764742500Z [DEBUG] DbModule Garbage collection triggered
00003476 2026-05-30T01:53:24.801742500Z [DEBUG] NetModule Garbage collection triggered
00003477 2026-05-30T01:53:24.813742500Z [INFO] AuthModule Request processed in 42 ms
00003478 2026-05-30T01:53:24.841742500Z [INFO] UiModule Configuration loaded from disk
00003479 2026-05-30T01:53:24.950742500Z [INFO] DbModule Cache hit ratio: 0.85
00003480 2026-05-30T01:53:24.970742500Z [INFO] ApiModule User logged in successfully
00003481 2026-05-30T01:53:24.978742500Z [ERROR] NetModule Null pointer in handler
00003482 2026-05-30T01:53:25.026742500Z [DEBUG] UiModule Variable x = 67
00003483 2026-05-30T01:53:25.065742500Z [INFO] NetModule User logged in successfully
00003484 2026-05-30T01:53:25.071742500Z [ERROR] NetModule Connection timeout to database
00003485 2026-05-30T01:53:25.184742500Z [INFO] AuthModule Cache hit ratio: 0.85
00003486 2026-05-30T01:53:25.176742500Z [INFO] UiModule Cache hit ratio: 0.85
00003487 2026-05-30T01:53:25.234742500Z [INFO] ApiModule Cache hit ratio: 0.85
00003488 2026-05-30T01:53:25.222742500Z [INFO] ApiModule Cache hit ratio: 0.85
00003489 2026-05-30T01:53:25.342742500Z [INFO] DbModule Background task started
00003490 2026-05-30T01:53:25.308742500Z [DEBUG] AuthModule Variable x = 67
00003491 2026-05-30T01:53:25.323742500Z [WARNING] ApiModule Retry attempt 2 of 3
00003492 2026-05-30T01:53:25.401742500Z [WARNING] CacheModule Deprecated API endpoint used
00003493 2026-05-30T01:53:25.402742500Z [INFO] ApiModule Connection established to upstream
00003494 2026-05-30T01:53:25.455742500Z [INFO] UiModule Configuration loaded from disk
00003495 2026-05-30T01:53:25.480742500Z [ERROR] DbModule Connection timeout to database
00003496 2026-05-30T01:53:25.579742500Z [DEBUG] UiModule Entering method handleRequest()
00003497 2026-05-30T01:53:25.599742500Z [INFO] NetModule Background task started
00003498 2026-05-30T01:53:25.609742500Z [DEBUG] UiModule Entering method handleRequest()
00003499 2026-05-30T01:53:25.631742500Z [DEBUG] DbModule Variable x = 67
00003500 2026-05-30T01:53:25.687742500Z [INFO] CoreModule Request processed in 42 ms
00003501 2026-05-30T01:53:25.699742500Z [WARNING] CacheModule High memory usage detected (85%)
00003502 2026-05-30T01:53:25.791742500Z [CRITICAL] DbModule Kernel panic in subsystem
00003503 2026-05-30T01:53:25.806742500Z [DEBUG] NetModule Garbage collection triggered
00003504 2026-05-30T01:53:25.867742500Z [WARNING] DbModule Slow response from upstream service
00003505 2026-05-30T01:53:25.884742500Z [DEBUG] AuthModule Lock acquired on resource pool
00003506 2026-05-30T01:53:25.961742500Z [INFO] CoreModule Connection established to upstream
00003507 2026-05-30T01:53:25.956742500Z [ERROR] CoreModule Null pointer in handler
00003508 2026-05-30T01:53:26.029742500Z [INFO] ApiModule Cache hit ratio: 0.85
00003509 2026-05-30T01:53:25.998742500Z [WARNING] AuthModule Slow response from upstream service
00003510 2026-05-30T01:53:26.036742500Z [CRITICAL] DbModule Out of memory, shutting down
00003511 2026-05-30T01:53:26.076742500Z [INFO] ApiModule Connection established to upstream
00003512 2026-05-30T01:53:26.144742500Z [INFO] ApiModule Connection established to upstream
00003513 2026-05-30T01:53:26.138742500Z [WARNING] NetModule Slow response from upstream service
00003514 2026-05-30T01:53:26.196742500Z [ERROR] UiModule File not found: config.yaml
00003515 2026-05-30T01:53:26.287742500Z [ERROR] CoreModule Authorization rejected for user
00003516 2026-05-30T01:53:26.343742500Z [INFO] CoreModule Request processed in 42 ms
00003517 2026-05-30T01:53:26.315742500Z [INFO] ApiModule Configuration loaded from disk
00003518 2026-05-30T01:53:26.394742500Z [DEBUG] NetModule Variable x = 67
00003519 2026-05-30T01:53:26.441742500Z [INFO] CacheModule Configuration loaded from disk
00003520 2026-05-30T01:53:26.407742500Z [WARNING] NetModule Deprecated API endpoint used
00003521 2026-05-30T01:53:26.436742500Z [INFO] NetModule Connection established to upstream
00003522 2026-05-30T01:53:26.498742500Z [DEBUG] CacheModule Lock acquired on resource pool
00003523 2026-05-30T01:53:26.579742500Z [DEBUG] NetModule Entering method handleRequest()
00003524 2026-05-30T01:53:26.580742500Z [WARNING] UiModule Deprecated API endpoint used
00003525 2026-05-30T01:53:26.582742500Z [DEBUG] ApiModule Garbage collection triggered
00003526 2026-05-30T01:53:26.704742500Z [INFO] CoreModule Background task started
00003527 2026-05-30T01:53:26.717742500Z [INFO] DbModule Cache hit ratio: 0.85
00003528 2026-05-30T01:53:26.760742500Z [INFO] DbModule Request processed in 42 ms
00003529 2026-05-30T01:53:26.826742500Z [INFO] CacheModule Connection established to upstream
00003530 2026-05-30T01:53:26.815742500Z [DEBUG] NetModule Garbage collection triggered
00003531 2026-05-30T01:53:26.821742500Z [INFO] DbModule Request processed in 42 ms
00003532 2026-05-30T01:53:26.886742500Z [WARNING] CacheModule Deprecated API endpoint used
00003533 2026-05-30T01:53:26.952742500Z [DEBUG] NetModule Trace: stack depth = 1488
00003534 2026-05-30T01:53:26.948742500Z [INFO] CoreModule Request processed in 42 ms
00003535 2026-05-30T01:53:26.965742500Z [INFO] CoreModule Connection established to upstream
00003536 2026-05-30T01:53:26.987742500Z [INFO] DbModule Request processed in 42 ms
00003537 2026-05-30T01:53:27.053742500Z [DEBUG] DbModule Variable x = 67
00003538 2026-05-30T01:53:27.079742500Z [INFO] NetModule User logged in successfully
00003539 2026-05-30T01:53:27.184742500Z [WARNING] UiModule Retry attempt 2 of 3
00003540 2026-05-30T01:53:27.211742500Z [INFO] ApiModule Request processed in 42 ms
00003541 2026-05-30T01:53:27.245742500Z [WARNING] UiModule High memory usage detected (85%)
00003542 2026-05-30T01:53:27.277742500Z [DEBUG] AuthModule Trace: stack depth = 1488
00003543 2026-05-30T01:53:27.300742500Z [INFO] DbModule Background task started
00003544 2026-05-30T01:53:27.292742500Z [DEBUG] CoreModule Lock acquired on resource pool
00003545 2026-05-30T01:53:27.352742500Z [WARNING] CacheModule High memory usage detected (85%)
00003546 2026-05-30T01:53:27.445742500Z [DEBUG] NetModule Garbage collection triggered
00003547 2026-05-30T01:53:27.440742500Z [DEBUG] DbModule Trace: stack depth = 1488
00003548 2026-05-30T01:53:27.513742500Z [INFO] UiModule Configuration loaded from disk
00003549 2026-05-30T01:53:27.536742500Z [DEBUG] NetModule Lock acquired on resource pool
00003550 2026-05-30T01:53:27.582742500Z [DEBUG] UiModule Garbage collection triggered
00003551 2026-05-30T01:53:27.595742500Z [INFO] AuthModule Cache hit ratio: 0.85
00003552 2026-05-30T01:53:27.671742500Z [DEBUG] CoreModule Garbage collection triggered
00003553 2026-05-30T01:53:27.703742500Z [DEBUG] DbModule Lock acquired on resource pool
00003554 2026-05-30T01:53:27.747742500Z [INFO] ApiModule Background task started
00003555 2026-05-30T01:53:27.782742500Z [WARNING] CacheModule Slow response from upstream service
00003556 2026-05-30T01:53:27.742742500Z [WARNING] UiModule Retry attempt 2 of 3
00003557 2026-05-30T01:53:27.813742500Z [ERROR] DbModule Connection timeout to database
00003558 2026-05-30T01:53:27.873742500Z [DEBUG] ApiModule Garbage collection triggered
00003559 2026-05-30T01:53:27.888742500Z [INFO] UiModule Request processed in 42 ms
00003560 2026-05-30T01:53:27.880742500Z [INFO] CoreModule User logged in successfully
00003561 2026-05-30T01:53:27.931742500Z [INFO] ApiModule Cache hit ratio: 0.85
00003562 2026-05-30T01:53:27.951742500Z [DEBUG] CacheModule Lock acquired on resource pool
00003563 2026-05-30T01:53:28.041742500Z [INFO] UiModule Request processed in 42 ms
00003564 2026-05-30T01:53:28.095742500Z [INFO] DbModule Configuration loaded from disk
00003565 2026-05-30T01:53:28.136742500Z [DEBUG] CoreModule Trace: stack depth = 1488
00003566 2026-05-30T01:53:28.144742500Z [DEBUG] DbModule Garbage collection triggered
00003567 2026-05-30T01:53:28.214742500Z [WARNING] NetModule High memory usage detected (85%)
00003568 2026-05-30T01:53:28.219742500Z [DEBUG] DbModule Entering method handleRequest()
00003569 2026-05-30T01:53:28.255742500Z [INFO] DbModule Background task started
00003570 2026-05-30T01:53:28.298742500Z [INFO] CoreModule User logged in successfully
00003571 2026-05-30T01:53:28.310742500Z [INFO] CoreModule Configuration loaded from disk
00003572 2026-05-30T01:53:28.392742500Z [DEBUG] AuthModule Lock acquired on resource pool
00003573 2026-05-30T01:53:28.422742500Z [INFO] CacheModule User logged in successfully
00003574 2026-05-30T01:53:28.452742500Z [INFO] CacheModule Connection established to upstream
00003575 2026-05-30T01:53:28.487742500Z [DEBUG] ApiModule Garbage collection triggered
00003576 2026-05-30T01:53:28.503742500Z [DEBUG] UiModule Variable x = 67
00003577 2026-05-30T01:53:28.576742500Z [CRITICAL] AuthModule Out of memory, shutting down
00003578 2026-05-30T01:53:28.581742500Z [INFO] DbModule User logged in successfully
00003579 2026-05-30T01:53:28.583742500Z [DEBUG] UiModule Variable x = 67
00003580 2026-05-30T01:53:28.658742500Z [DEBUG] AuthModule Trace: stack depth = 1488
00003581 2026-05-30T01:53:28.663742500Z [INFO] ApiModule User logged in successfully
00003582 2026-05-30T01:53:28.753742500Z [INFO] ApiModule Background task started
00003583 2026-05-30T01:53:28.823742500Z [INFO] CoreModule Request processed in 42 ms
00003584 2026-05-30T01:53:28.830742500Z [INFO] NetModule Background task started
00003585 2026-05-30T01:53:28.833742500Z [WARNING] CoreModule Slow response from upstream service
00003586 2026-05-30T01:53:28.910742500Z [INFO] UiModule Connection established to upstream
00003587 2026-05-30T01:53:28.883742500Z [DEBUG] DbModule Lock acquired on resource pool
00003588 2026-05-30T01:53:28.994742500Z [INFO] UiModule User logged in successfully
00003589 2026-05-30T01:53:29.034742500Z [DEBUG] CacheModule Garbage collection triggered
00003590 2026-05-30T01:53:29.012742500Z [ERROR] ApiModule Failed to parse JSON payload
00003591 2026-05-30T01:53:29.110742500Z [WARNING] AuthModule High memory usage detected (85%)
00003592 2026-05-30T01:53:29.154742500Z [WARNING] AuthModule Deprecated API endpoint used
00003593 2026-05-30T01:53:29.183742500Z [INFO] UiModule User logged in successfully
00003594 2026-05-30T01:53:29.222742500Z [INFO] DbModule User logged in successfully
00003595 2026-05-30T01:53:29.248742500Z [ERROR] CoreModule Authorization rejected for user
00003596 2026-05-30T01:53:29.211742500Z [INFO] DbModule Background task started
00003597 2026-05-30T01:53:29.299742500Z [INFO] AuthModule Background task started
00003598 2026-05-30T01:53:29.290742500Z [DEBUG] UiModule Garbage collection triggered
00003599 2026-05-30T01:53:29.405742500Z [WARNING] AuthModule Slow response from upstream service
00003600 2026-05-30T01:53:29.412742500Z [INFO] DbModule Connection established to upstream
00003601 2026-05-30T01:53:29.445742500Z [DEBUG] ApiModule Entering method handleRequest()
00003602 2026-05-30T01:53:29.521742500Z [INFO] DbModule Request processed in 42 ms
00003603 2026-05-30T01:53:29.478742500Z [DEBUG] CacheModule Garbage collection triggered
00003604 2026-05-30T01:53:29.524742500Z [INFO] DbModule Background task started
00003605 2026-05-30T01:53:29.619742500Z [WARNING] NetModule Retry attempt 2 of 3
00003606 2026-05-30T01:53:29.578742500Z [INFO] UiModule Configuration loaded from disk
00003607 2026-05-30T01:53:29.636742500Z [INFO] ApiModule Configuration loaded from disk
00003608 2026-05-30T01:53:29.677742500Z [ERROR] DbModule File not found: config.yaml
00003609 2026-05-30T01:53:29.731742500Z [ERROR] NetModule Null pointer in handler
00003610 2026-05-30T01:53:29.770742500Z [WARNING] NetModule High memory usage detected (85%)
00003611 2026-05-30T01:53:29.781742500Z [WARNING] ApiModule Retry attempt 2 of 3
00003612 2026-05-30T01:53:29.873742500Z [INFO] AuthModule Connection established to upstream
00003613 2026-05-30T01:53:29.933742500Z [WARNING] AuthModule Deprecated API endpoint used
00003614 2026-05-30T01:53:29.919742500Z [ERROR] CacheModule Failed to parse JSON payload
00003615 2026-05-30T01:53:29.989742500Z [WARNING] NetModule Deprecated API endpoint used
00003616 2026-05-30T01:53:30.039742500Z [INFO] ApiModule User logged in successfully
00003617 2026-05-30T01:53:29.994742500Z [WARNING] UiModule Deprecated API endpoint used
00003618 2026-05-30T01:53:30.099742500Z [INFO] AuthModule Request processed in 42 ms
00003619 2026-05-30T01:53:30.118742500Z [INFO] UiModule Background task started
00003620 2026-05-30T01:53:30.125742500Z [WARNING] NetModule Retry attempt 2 of 3
00003621 2026-05-30T01:53:30.197742500Z [DEBUG] AuthModule Variable x = 67
00003622 2026-05-30T01:53:30.241742500Z [DEBUG] NetModule Entering method handleRequest()
00003623 2026-05-30T01:53:30.295742500Z [INFO] ApiModule Request processed in 42 ms
00003624 2026-05-30T01:53:30.323742500Z [INFO] ApiModule Configuration loaded from disk
00003625 2026-05-30T01:53:30.345742500Z [INFO] NetModule Configuration loaded from disk
00003626 2026-05-30T01:53:30.375742500Z [INFO] AuthModule Configuration loaded from disk
00003627 2026-05-30T01:53:30.417742500Z [WARNING] DbModule High memory usage detected (85%)
00003628 2026-05-30T01:53:30.418742500Z [WARNING] UiModule High memory usage detected (85%)
00003629 2026-05-30T01:53:30.476742500Z [INFO] ApiModule Configuration loaded from disk
00003630 2026-05-30T01:53:30.495742500Z [WARNING] DbModule Deprecated API endpoint used
00003631 2026-05-30T01:53:30.591742500Z [INFO] NetModule Request processed in 42 ms
00003632 2026-05-30T01:53:30.541742500Z [ERROR] UiModule File not found: config.yaml
00003633 2026-05-30T01:53:30.641742500Z [DEBUG] ApiModule Lock acquired on resource pool
00003634 2026-05-30T01:53:30.693742500Z [INFO] CoreModule User logged in successfully
00003635 2026-05-30T01:53:30.673742500Z [WARNING] CacheModule Slow response from upstream service
00003636 2026-05-30T01:53:30.762742500Z [WARNING] UiModule Slow response from upstream service
00003637 2026-05-30T01:53:30.757742500Z [WARNING] NetModule Retry attempt 2 of 3
00003638 2026-05-30T01:53:30.831742500Z [INFO] DbModule Connection established to upstream
00003639 2026-05-30T01:53:30.799742500Z [DEBUG] CacheModule Trace: stack depth = 1488
00003640 2026-05-30T01:53:30.913742500Z [INFO] DbModule Cache hit ratio: 0.85
00003641 2026-05-30T01:53:30.965742500Z [INFO] UiModule Configuration loaded from disk
00003642 2026-05-30T01:53:30.975742500Z [ERROR] UiModule Null pointer in handler
00003643 2026-05-30T01:53:30.966742500Z [INFO] NetModule Cache hit ratio: 0.85
00003644 2026-05-30T01:53:31.070742500Z [INFO] NetModule Connection established to upstream
00003645 2026-05-30T01:53:31.109742500Z [WARNING] DbModule High memory usage detected (85%)
00003646 2026-05-30T01:53:31.131742500Z [DEBUG] UiModule Variable x = 67
00003647 2026-05-30T01:53:31.163742500Z [INFO] DbModule Configuration loaded from disk
00003648 2026-05-30T01:53:31.142742500Z [INFO] DbModule Connection established to upstream
00003649 2026-05-30T01:53:31.197742500Z [ERROR] AuthModule Authorization rejected for user
00003650 2026-05-30T01:53:31.275742500Z [WARNING] CoreModule Deprecated API endpoint used
00003651 2026-05-30T01:53:31.324742500Z [INFO] DbModule Cache hit ratio: 0.85
00003652 2026-05-30T01:53:31.291742500Z [DEBUG] NetModule Trace: stack depth = 1488
00003653 2026-05-30T01:53:31.371742500Z [DEBUG] ApiModule Lock acquired on resource pool
00003654 2026-05-30T01:53:31.353742500Z [INFO] DbModule Cache hit ratio: 0.85
00003655 2026-05-30T01:53:31.413742500Z [DEBUG] NetModule Trace: stack depth = 1488
00003656 2026-05-30T01:53:31.506742500Z [INFO] CoreModule Background task started
00003657 2026-05-30T01:53:31.490742500Z [WARNING] ApiModule Deprecated API endpoint used
00003658 2026-05-30T01:53:31.562742500Z [INFO] DbModule Connection established to upstream
00003659 2026-05-30T01:53:31.552742500Z [INFO] CoreModule Background task started
00003660 2026-05-30T01:53:31.587742500Z [INFO] NetModule Connection established to upstream
00003661 2026-05-30T01:53:31.628742500Z [DEBUG] UiModule Lock acquired on resource pool
00003662 2026-05-30T01:53:31.711742500Z [INFO] AuthModule Request processed in 42 ms
00003663 2026-05-30T01:53:31.744742500Z [INFO] DbModule Configuration loaded from disk
00003664 2026-05-30T01:53:31.732742500Z [WARNING] UiModule Retry attempt 2 of 3
00003665 2026-05-30T01:53:31.795742500Z [WARNING] CoreModule Deprecated API endpoint used
00003666 2026-05-30T01:53:31.812742500Z [WARNING] UiModule High memory usage detected (85%)
00003667 2026-05-30T01:53:31.842742500Z [DEBUG] ApiModule Trace: stack depth = 1488
00003668 2026-05-30T01:53:31.911742500Z [DEBUG] UiModule Trace: stack depth = 1488
00003669 2026-05-30T01:53:31.975742500Z [ERROR] CoreModule File not found: config.yaml
00003670 2026-05-30T01:53:32.006742500Z [INFO] ApiModule Connection established to upstream
00003671 2026-05-30T01:53:32.049742500Z [DEBUG] NetModule Trace: stack depth = 1488
00003672 2026-05-30T01:53:32.103742500Z [INFO] NetModule Background task started
00003673 2026-05-30T01:53:32.073742500Z [ERROR] ApiModule Authorization rejected for user
00003674 2026-05-30T01:53:32.154742500Z [INFO] UiModule User logged in successfully
00003675 2026-05-30T01:53:32.169742500Z [INFO] NetModule Configuration loaded from disk
00003676 2026-05-30T01:53:32.215742500Z [INFO] NetModule Request processed in 42 ms
00003677 2026-05-30T01:53:32.212742500Z [CRITICAL] CoreModule Out of memory, shutting down
00003678 2026-05-30T01:53:32.282742500Z [INFO] CacheModule Background task started
00003679 2026-05-30T01:53:32.342742500Z [DEBUG] CacheModule Lock acquired on resource pool
00003680 2026-05-30T01:53:32.316742500Z [INFO] NetModule Configuration loaded from disk
00003681 2026-05-30T01:53:32.371742500Z [INFO] NetModule Request processed in 42 ms
00003682 2026-05-30T01:53:32.438742500Z [WARNING] ApiModule High memory usage detected (85%)
00003683 2026-05-30T01:53:32.465742500Z [INFO] AuthModule Cache hit ratio: 0.85
00003684 2026-05-30T01:53:32.471742500Z [INFO] ApiModule Configuration loaded from disk
00003685 2026-05-30T01:53:32.524742500Z [INFO] ApiModule Cache hit ratio: 0.85
00003686 2026-05-30T01:53:32.595742500Z [DEBUG] UiModule Trace: stack depth = 1488
00003687 2026-05-30T01:53:32.619742500Z [INFO] DbModule User logged in successfully
00003688 2026-05-30T01:53:32.688742500Z [INFO] NetModule Configuration loaded from disk
00003689 2026-05-30T01:53:32.681742500Z [INFO] DbModule Background task started
00003690 2026-05-30T01:53:32.772742500Z [INFO] CoreModule Connection established to upstream
00003691 2026-05-30T01:53:32.759742500Z [INFO] NetModule Connection established to upstream
00003692 2026-05-30T01:53:32.766742500Z [INFO] NetModule Configuration loaded from disk
00003693 2026-05-30T01:53:32.850742500Z [DEBUG] CoreModule Lock acquired on resource pool
00003694 2026-05-30T01:53:32.865742500Z [WARNING] CoreModule Retry attempt 2 of 3
00003695 2026-05-30T01:53:32.967742500Z [WARNING] AuthModule Retry attempt 2 of 3
00003696 2026-05-30T01:53:32.921742500Z [WARNING] ApiModule Deprecated API endpoint used
00003697 2026-05-30T01:53:33.008742500Z [WARNING] UiModule Slow response from upstream service
00003698 2026-05-30T01:53:33.058742500Z [INFO] ApiModule Connection established to upstream
00003699 2026-05-30T01:53:33.114742500Z [DEBUG] ApiModule Entering method handleRequest()
00003700 2026-05-30T01:53:33.110742500Z [DEBUG] AuthModule Garbage collection triggered
00003701 2026-05-30T01:53:33.138742500Z [DEBUG] DbModule Entering method handleRequest()
00003702 2026-05-30T01:53:33.159742500Z [INFO] DbModule Connection established to upstream
00003703 2026-05-30T01:53:33.202742500Z [DEBUG] DbModule Garbage collection triggered
00003704 2026-05-30T01:53:33.288742500Z [DEBUG] NetModule Entering method handleRequest()
00003705 2026-05-30T01:53:33.323742500Z [WARNING] ApiModule Retry attempt 2 of 3
00003706 2026-05-30T01:53:33.303742500Z [WARNING] CacheModule Retry attempt 2 of 3
00003707 2026-05-30T01:53:33.382742500Z [ERROR] DbModule Authorization rejected for user
00003708 2026-05-30T01:53:33.381742500Z [DEBUG] AuthModule Variable x = 67
00003709 2026-05-30T01:53:33.481742500Z [INFO] AuthModule User logged in successfully
00003710 2026-05-30T01:53:33.447742500Z [DEBUG] DbModule Variable x = 67
00003711 2026-05-30T01:53:33.521742500Z [INFO] UiModule Configuration loaded from disk
00003712 2026-05-30T01:53:33.565742500Z [WARNING] AuthModule High memory usage detected (85%)
00003713 2026-05-30T01:53:33.587742500Z [DEBUG] ApiModule Entering method handleRequest()
00003714 2026-05-30T01:53:33.582742500Z [WARNING] CoreModule Slow response from upstream service
00003715 2026-05-30T01:53:33.644742500Z [WARNING] ApiModule Retry attempt 2 of 3
00003716 2026-05-30T01:53:33.665742500Z [INFO] CoreModule Cache hit ratio: 0.85
00003717 2026-05-30T01:53:33.739742500Z [INFO] NetModule User logged in successfully
00003718 2026-05-30T01:53:33.776742500Z [ERROR] NetModule File not found: config.yaml
00003719 2026-05-30T01:53:33.771742500Z [CRITICAL] CoreModule Unrecoverable error in main loop
00003720 2026-05-30T01:53:33.816742500Z [INFO] NetModule Cache hit ratio: 0.85
00003721 2026-05-30T01:53:33.835742500Z [DEBUG] DbModule Entering method handleRequest()
00003722 2026-05-30T01:53:33.885742500Z [INFO] UiModule Cache hit ratio: 0.85
00003723 2026-05-30T01:53:33.971742500Z [WARNING] AuthModule Deprecated API endpoint used
00003724 2026-05-30T01:53:33.984742500Z [INFO] AuthModule Cache hit ratio: 0.85
00003725 2026-05-30T01:53:34.046742500Z [CRITICAL] CacheModule Kernel panic in subsystem
00003726 2026-05-30T01:53:34.025742500Z [WARNING] NetModule Retry attempt 2 of 3
00003727 2026-05-30T01:53:34.072742500Z [ERROR] ApiModule Failed to parse JSON payload
00003728 2026-05-30T01:53:34.093742500Z [DEBUG] AuthModule Variable x = 67
00003729 2026-05-30T01:53:34.207742500Z [WARNING] CacheModule High memory usage detected (85%)
00003730 2026-05-30T01:53:34.258742500Z [WARNING] AuthModule Retry attempt 2 of 3
00003731 2026-05-30T01:53:34.276742500Z [INFO] UiModule Cache hit ratio: 0.85
00003732 2026-05-30T01:53:34.296742500Z [INFO] CoreModule Connection established to upstream
00003733 2026-05-30T01:53:34.364742500Z [DEBUG] ApiModule Trace: stack depth = 1488
00003734 2026-05-30T01:53:34.399742500Z [INFO] DbModule Background task started
00003735 2026-05-30T01:53:34.437742500Z [DEBUG] CacheModule Entering method handleRequest()
00003736 2026-05-30T01:53:34.391742500Z [INFO] AuthModule Configuration loaded from disk
00003737 2026-05-30T01:53:34.476742500Z [INFO] DbModule Configuration loaded from disk
00003738 2026-05-30T01:53:34.507742500Z [DEBUG] CacheModule Entering method handleRequest()
00003739 2026-05-30T01:53:34.582742500Z [DEBUG] DbModule Variable x = 67
00003740 2026-05-30T01:53:34.587742500Z [DEBUG] CoreModule Garbage collection triggered
00003741 2026-05-30T01:53:34.653742500Z [INFO] ApiModule User logged in successfully
00003742 2026-05-30T01:53:34.679742500Z [INFO] CacheModule Request processed in 42 ms
00003743 2026-05-30T01:53:34.713742500Z [DEBUG] ApiModule Trace: stack depth = 1488
00003744 2026-05-30T01:53:34.768742500Z [CRITICAL] CoreModule Unrecoverable error in main loop
00003745 2026-05-30T01:53:34.817742500Z [DEBUG] CoreModule Trace: stack depth = 1488
00003746 2026-05-30T01:53:34.782742500Z [DEBUG] DbModule Variable x = 67
00003747 2026-05-30T01:53:34.882742500Z [ERROR] AuthModule Failed to parse JSON payload
00003748 2026-05-30T01:53:34.874742500Z [INFO] DbModule Background task started
00003749 2026-05-30T01:53:34.932742500Z [INFO] AuthModule Request processed in 42 ms
00003750 2026-05-30T01:53:34.951742500Z [INFO] CacheModule Background task started
00003751 2026-05-30T01:53:34.997742500Z [DEBUG] CoreModule Lock acquired on resource pool
00003752 2026-05-30T01:53:35.055742500Z [DEBUG] DbModule Variable x = 67
00003753 2026-05-30T01:53:35.095742500Z [INFO] CoreModule User logged in successfully
00003754 2026-05-30T01:53:35.064742500Z [DEBUG] CacheModule Lock acquired on resource pool
00003755 2026-05-30T01:53:35.114742500Z [INFO] NetModule Request processed in 42 ms
00003756 2026-05-30T01:53:35.145742500Z [INFO] UiModule Connection established to upstream
00003757 2026-05-30T01:53:35.249742500Z [DEBUG] NetModule Garbage collection triggered
00003758 2026-05-30T01:53:35.280742500Z [INFO] NetModule Background task started
00003759 2026-05-30T01:53:35.304742500Z [WARNING] ApiModule High memory usage detected (85%)
00003760 2026-05-30T01:53:35.331742500Z [DEBUG] DbModule Trace: stack depth = 1488
00003761 2026-05-30T01:53:35.361742500Z [WARNING] ApiModule Deprecated API endpoint used
00003762 2026-05-30T01:53:35.361742500Z [DEBUG] UiModule Lock acquired on resource pool
00003763 2026-05-30T01:53:35.437742500Z [WARNING] CoreModule Slow response from upstream service
00003764 2026-05-30T01:53:35.480742500Z [INFO] ApiModule Configuration loaded from disk
00003765 2026-05-30T01:53:35.489742500Z [ERROR] DbModule Connection timeout to database
00003766 2026-05-30T01:53:35.534742500Z [INFO] UiModule Connection established to upstream
00003767 2026-05-30T01:53:35.563742500Z [INFO] AuthModule User logged in successfully
00003768 2026-05-30T01:53:35.621742500Z [WARNING] ApiModule Slow response from upstream service
00003769 2026-05-30T01:53:35.700742500Z [INFO] AuthModule Request processed in 42 ms
00003770 2026-05-30T01:53:35.729742500Z [INFO] CacheModule Cache hit ratio: 0.85
00003771 2026-05-30T01:53:35.748742500Z [DEBUG] CoreModule Garbage collection triggered
00003772 2026-05-30T01:53:35.798742500Z [DEBUG] AuthModule Variable x = 67
00003773 2026-05-30T01:53:35.819742500Z [DEBUG] CacheModule Trace: stack depth = 1488
00003774 2026-05-30T01:53:35.801742500Z [INFO] AuthModule Cache hit ratio: 0.85
00003775 2026-05-30T01:53:35.869742500Z [INFO] AuthModule Background task started
00003776 2026-05-30T01:53:35.922742500Z [INFO] ApiModule Cache hit ratio: 0.85
00003777 2026-05-30T01:53:35.971742500Z [INFO] CoreModule Cache hit ratio: 0.85
00003778 2026-05-30T01:53:35.992742500Z [INFO] CacheModule User logged in successfully
00003779 2026-05-30T01:53:36.030742500Z [INFO] ApiModule User logged in successfully
00003780 2026-05-30T01:53:36.061742500Z [DEBUG] CacheModule Variable x = 67
00003781 2026-05-30T01:53:36.132742500Z [INFO] AuthModule Request processed in 42 ms
00003782 2026-05-30T01:53:36.133742500Z [INFO] ApiModule User logged in successfully
00003783 2026-05-30T01:53:36.222742500Z [INFO] UiModule Request processed in 42 ms
00003784 2026-05-30T01:53:36.216742500Z [INFO] CoreModule Request processed in 42 ms
00003785 2026-05-30T01:53:36.298742500Z [INFO] NetModule Connection established to upstream
00003786 2026-05-30T01:53:36.246742500Z [DEBUG] NetModule Trace: stack depth = 1488
00003787 2026-05-30T01:53:36.280742500Z [INFO] CacheModule Request processed in 42 ms
00003788 2026-05-30T01:53:36.360742500Z [DEBUG] UiModule Lock acquired on resource pool
00003789 2026-05-30T01:53:36.435742500Z [DEBUG] UiModule Entering method handleRequest()
00003790 2026-05-30T01:53:36.441742500Z [DEBUG] CacheModule Garbage collection triggered
00003791 2026-05-30T01:53:36.503742500Z [WARNING] NetModule Deprecated API endpoint used
00003792 2026-05-30T01:53:36.508742500Z [INFO] NetModule User logged in successfully
00003793 2026-05-30T01:53:36.502742500Z [DEBUG] CacheModule Garbage collection triggered
00003794 2026-05-30T01:53:36.550742500Z [DEBUG] NetModule Garbage collection triggered
00003795 2026-05-30T01:53:36.648742500Z [WARNING] UiModule Retry attempt 2 of 3
00003796 2026-05-30T01:53:36.658742500Z [WARNING] NetModule Slow response from upstream service
00003797 2026-05-30T01:53:36.692742500Z [WARNING] NetModule Slow response from upstream service
00003798 2026-05-30T01:53:36.767742500Z [INFO] UiModule Request processed in 42 ms
00003799 2026-05-30T01:53:36.795742500Z [DEBUG] ApiModule Trace: stack depth = 1488
00003800 2026-05-30T01:53:36.758742500Z [ERROR] AuthModule Connection timeout to database
00003801 2026-05-30T01:53:36.842742500Z [CRITICAL] DbModule Kernel panic in subsystem
00003802 2026-05-30T01:53:36.858742500Z [INFO] DbModule Configuration loaded from disk
00003803 2026-05-30T01:53:36.937742500Z [DEBUG] DbModule Variable x = 67
00003804 2026-05-30T01:53:36.969742500Z [DEBUG] UiModule Entering method handleRequest()
00003805 2026-05-30T01:53:37.016742500Z [DEBUG] UiModule Trace: stack depth = 1488
00003806 2026-05-30T01:53:37.013742500Z [INFO] NetModule Background task started
00003807 2026-05-30T01:53:37.098742500Z [INFO] UiModule Cache hit ratio: 0.85
00003808 2026-05-30T01:53:37.138742500Z [DEBUG] DbModule Variable x = 67
00003809 2026-05-30T01:53:37.098742500Z [INFO] CoreModule User logged in successfully
00003810 2026-05-30T01:53:37.144742500Z [ERROR] AuthModule File not found: config.yaml
00003811 2026-05-30T01:53:37.200742500Z [DEBUG] ApiModule Entering method handleRequest()
00003812 2026-05-30T01:53:37.239742500Z [INFO] ApiModule User logged in successfully
00003813 2026-05-30T01:53:37.334742500Z [INFO] AuthModule User logged in successfully
00003814 2026-05-30T01:53:37.365742500Z [WARNING] NetModule Deprecated API endpoint used
00003815 2026-05-30T01:53:37.329742500Z [DEBUG] NetModule Garbage collection triggered
00003816 2026-05-30T01:53:37.415742500Z [INFO] AuthModule Request processed in 42 ms
00003817 2026-05-30T01:53:37.447742500Z [DEBUG] UiModule Garbage collection triggered
00003818 2026-05-30T01:53:37.494742500Z [DEBUG] DbModule Variable x = 67
00003819 2026-05-30T01:53:37.492742500Z [INFO] ApiModule Configuration loaded from disk
00003820 2026-05-30T01:53:37.509742500Z [INFO] DbModule Background task started
00003821 2026-05-30T01:53:37.559742500Z [INFO] DbModule Request processed in 42 ms
00003822 2026-05-30T01:53:37.641742500Z [DEBUG] UiModule Garbage collection triggered
00003823 2026-05-30T01:53:37.676742500Z [DEBUG] NetModule Trace: stack depth = 1488
00003824 2026-05-30T01:53:37.735742500Z [INFO] CoreModule Connection established to upstream
00003825 2026-05-30T01:53:37.696742500Z [WARNING] UiModule High memory usage detected (85%)
00003826 2026-05-30T01:53:37.778742500Z [INFO] AuthModule Background task started
00003827 2026-05-30T01:53:37.830742500Z [INFO] ApiModule Connection established to upstream
00003828 2026-05-30T01:53:37.847742500Z [INFO] CacheModule Configuration loaded from disk
00003829 2026-05-30T01:53:37.862742500Z [DEBUG] DbModule Variable x = 67
00003830 2026-05-30T01:53:37.942742500Z [DEBUG] UiModule Entering method handleRequest()
00003831 2026-05-30T01:53:37.921742500Z [ERROR] NetModule Failed to parse JSON payload
00003832 2026-05-30T01:53:38.013742500Z [WARNING] DbModule High memory usage detected (85%)
00003833 2026-05-30T01:53:38.058742500Z [DEBUG] CacheModule Variable x = 67
00003834 2026-05-30T01:53:38.057742500Z [DEBUG] UiModule Variable x = 67
00003835 2026-05-30T01:53:38.101742500Z [DEBUG] AuthModule Garbage collection triggered
00003836 2026-05-30T01:53:38.089742500Z [INFO] CacheModule Request processed in 42 ms
00003837 2026-05-30T01:53:38.127742500Z [WARNING] ApiModule Slow response from upstream service
00003838 2026-05-30T01:53:38.225742500Z [INFO] DbModule Background task started
00003839 2026-05-30T01:53:38.239742500Z [INFO] UiModule Connection established to upstream
00003840 2026-05-30T01:53:38.236742500Z [DEBUG] UiModule Garbage collection triggered
00003841 2026-05-30T01:53:38.324742500Z [INFO] NetModule User logged in successfully
00003842 2026-05-30T01:53:38.335742500Z [INFO] ApiModule Background task started
00003843 2026-05-30T01:53:38.373742500Z [DEBUG] CacheModule Entering method handleRequest()
00003844 2026-05-30T01:53:38.415742500Z [DEBUG] NetModule Variable x = 67
00003845 2026-05-30T01:53:38.487742500Z [DEBUG] NetModule Entering method handleRequest()
00003846 2026-05-30T01:53:38.492742500Z [INFO] UiModule Cache hit ratio: 0.85
00003847 2026-05-30T01:53:38.591742500Z [INFO] UiModule Configuration loaded from disk
00003848 2026-05-30T01:53:38.566742500Z [DEBUG] AuthModule Entering method handleRequest()
00003849 2026-05-30T01:53:38.587742500Z [INFO] ApiModule User logged in successfully
00003850 2026-05-30T01:53:38.644742500Z [DEBUG] ApiModule Entering method handleRequest()
00003851 2026-05-30T01:53:38.683742500Z [ERROR] NetModule File not found: config.yaml
00003852 2026-05-30T01:53:38.681742500Z [WARNING] AuthModule Retry attempt 2 of 3
00003853 2026-05-30T01:53:38.806742500Z [WARNING] UiModule High memory usage detected (85%)
00003854 2026-05-30T01:53:38.816742500Z [INFO] CoreModule Background task started
00003855 2026-05-30T01:53:38.871742500Z [INFO] ApiModule Cache hit ratio: 0.85
00003856 2026-05-30T01:53:38.853742500Z [INFO] UiModule Cache hit ratio: 0.85
00003857 2026-05-30T01:53:38.918742500Z [DEBUG] DbModule Trace: stack depth = 1488
00003858 2026-05-30T01:53:38.964742500Z [DEBUG] CacheModule Lock acquired on resource pool
00003859 2026-05-30T01:53:38.986742500Z [ERROR] UiModule Connection timeout to database
00003860 2026-05-30T01:53:38.983742500Z [WARNING] AuthModule Retry attempt 2 of 3
00003861 2026-05-30T01:53:39.070742500Z [INFO] NetModule Connection established to upstream
00003862 2026-05-30T01:53:39.093742500Z [INFO] CoreModule User logged in successfully
00003863 2026-05-30T01:53:39.174742500Z [INFO] NetModule Request processed in 42 ms
00003864 2026-05-30T01:53:39.162742500Z [INFO] NetModule Configuration loaded from disk
00003865 2026-05-30T01:53:39.169742500Z [INFO] CacheModule Request processed in 42 ms
00003866 2026-05-30T01:53:39.255742500Z [DEBUG] UiModule Variable x = 67
00003867 2026-05-30T01:53:39.251742500Z [INFO] CoreModule Connection established to upstream
00003868 2026-05-30T01:53:39.281742500Z [INFO] CacheModule Request processed in 42 ms
00003869 2026-05-30T01:53:39.309742500Z [WARNING] ApiModule High memory usage detected (85%)
00003870 2026-05-30T01:53:39.354742500Z [INFO] AuthModule Background task started
00003871 2026-05-30T01:53:39.425742500Z [ERROR] AuthModule Connection timeout to database
00003872 2026-05-30T01:53:39.493742500Z [INFO] UiModule Cache hit ratio: 0.85
00003873 2026-05-30T01:53:39.509742500Z [INFO] ApiModule User logged in successfully
00003874 2026-05-30T01:53:39.585742500Z [DEBUG] AuthModule Variable x = 67
00003875 2026-05-30T01:53:39.581742500Z [WARNING] ApiModule Slow response from upstream service
00003876 2026-05-30T01:53:39.590742500Z [DEBUG] CacheModule Garbage collection triggered
00003877 2026-05-30T01:53:39.607742500Z [WARNING] CacheModule Retry attempt 2 of 3
00003878 2026-05-30T01:53:39.681742500Z [DEBUG] DbModule Entering method handleRequest()
00003879 2026-05-30T01:53:39.731742500Z [DEBUG] UiModule Lock acquired on resource pool
00003880 2026-05-30T01:53:39.770742500Z [ERROR] AuthModule Connection timeout to database
00003881 2026-05-30T01:53:39.765742500Z [INFO] ApiModule Cache hit ratio: 0.85
00003882 2026-05-30T01:53:39.789742500Z [WARNING] AuthModule High memory usage detected (85%)
00003883 2026-05-30T01:53:39.908742500Z [DEBUG] NetModule Entering method handleRequest()
00003884 2026-05-30T01:53:39.916742500Z [INFO] UiModule Background task started
00003885 2026-05-30T01:53:39.923742500Z [DEBUG] AuthModule Garbage collection triggered
00003886 2026-05-30T01:53:40.017742500Z [DEBUG] UiModule Entering method handleRequest()
00003887 2026-05-30T01:53:39.993742500Z [INFO] ApiModule Background task started
00003888 2026-05-30T01:53:40.033742500Z [INFO] ApiModule Connection established to upstream
00003889 2026-05-30T01:53:40.110742500Z [WARNING] AuthModule Retry attempt 2 of 3
00003890 2026-05-30T01:53:40.145742500Z [DEBUG] ApiModule Lock acquired on resource pool
00003891 2026-05-30T01:53:40.177742500Z [DEBUG] NetModule Entering method handleRequest()
00003892 2026-05-30T01:53:40.217742500Z [INFO] DbModule Cache hit ratio: 0.85
00003893 2026-05-30T01:53:40.293742500Z [INFO] CacheModule Background task started
00003894 2026-05-30T01:53:40.277742500Z [WARNING] AuthModule High memory usage detected (85%)
00003895 2026-05-30T01:53:40.302742500Z [WARNING] UiModule Retry attempt 2 of 3
00003896 2026-05-30T01:53:40.394742500Z [INFO] ApiModule Configuration loaded from disk
00003897 2026-05-30T01:53:40.343742500Z [ERROR] CoreModule Failed to parse JSON payload
00003898 2026-05-30T01:53:40.387742500Z [DEBUG] ApiModule Variable x = 67
00003899 2026-05-30T01:53:40.443742500Z [INFO] CacheModule Configuration loaded from disk
00003900 2026-05-30T01:53:40.486742500Z [DEBUG] UiModule Lock acquired on resource pool
00003901 2026-05-30T01:53:40.522742500Z [DEBUG] AuthModule Garbage collection triggered
00003902 2026-05-30T01:53:40.578742500Z [INFO] CacheModule Background task started
00003903 2026-05-30T01:53:40.566742500Z [INFO] AuthModule Connection established to upstream
00003904 2026-05-30T01:53:40.633742500Z [CRITICAL] ApiModule Unrecoverable error in main loop
00003905 2026-05-30T01:53:40.672742500Z [ERROR] DbModule Failed to parse JSON payload
00003906 2026-05-30T01:53:40.765742500Z [INFO] ApiModule Request processed in 42 ms
00003907 2026-05-30T01:53:40.715742500Z [INFO] CacheModule Request processed in 42 ms
00003908 2026-05-30T01:53:40.752742500Z [DEBUG] CoreModule Trace: stack depth = 1488
00003909 2026-05-30T01:53:40.793742500Z [WARNING] CacheModule Slow response from upstream service
00003910 2026-05-30T01:53:40.885742500Z [DEBUG] ApiModule Variable x = 67
00003911 2026-05-30T01:53:40.898742500Z [INFO] NetModule User logged in successfully
00003912 2026-05-30T01:53:40.965742500Z [ERROR] UiModule Connection timeout to database
00003913 2026-05-30T01:53:40.958742500Z [INFO] UiModule Cache hit ratio: 0.85
00003914 2026-05-30T01:53:40.989742500Z [INFO] NetModule Cache hit ratio: 0.85
00003915 2026-05-30T01:53:41.068742500Z [WARNING] ApiModule Slow response from upstream service
00003916 2026-05-30T01:53:41.049742500Z [INFO] ApiModule Connection established to upstream
00003917 2026-05-30T01:53:41.138742500Z [INFO] DbModule Background task started
00003918 2026-05-30T01:53:41.192742500Z [ERROR] AuthModule Failed to parse JSON payload
00003919 2026-05-30T01:53:41.182742500Z [INFO] CoreModule Background task started
00003920 2026-05-30T01:53:41.268742500Z [INFO] CoreModule Connection established to upstream
00003921 2026-05-30T01:53:41.260742500Z [ERROR] NetModule Authorization rejected for user
00003922 2026-05-30T01:53:41.360742500Z [INFO] AuthModule Connection established to upstream
00003923 2026-05-30T01:53:41.334742500Z [INFO] CoreModule Cache hit ratio: 0.85
00003924 2026-05-30T01:53:41.410742500Z [DEBUG] UiModule Garbage collection triggered
00003925 2026-05-30T01:53:41.474742500Z [DEBUG] AuthModule Entering method handleRequest()
00003926 2026-05-30T01:53:41.436742500Z [DEBUG] UiModule Lock acquired on resource pool
00003927 2026-05-30T01:53:41.484742500Z [WARNING] UiModule Retry attempt 2 of 3
00003928 2026-05-30T01:53:41.560742500Z [WARNING] ApiModule Deprecated API endpoint used
00003929 2026-05-30T01:53:41.555742500Z [INFO] CacheModule Request processed in 42 ms
00003930 2026-05-30T01:53:41.602742500Z [DEBUG] CacheModule Lock acquired on resource pool
00003931 2026-05-30T01:53:41.630742500Z [WARNING] UiModule Retry attempt 2 of 3
00003932 2026-05-30T01:53:41.723742500Z [DEBUG] NetModule Variable x = 67
00003933 2026-05-30T01:53:41.728742500Z [DEBUG] CacheModule Variable x = 67
00003934 2026-05-30T01:53:41.721742500Z [INFO] UiModule Configuration loaded from disk
00003935 2026-05-30T01:53:41.806742500Z [DEBUG] UiModule Trace: stack depth = 1488
00003936 2026-05-30T01:53:41.827742500Z [DEBUG] AuthModule Garbage collection triggered
00003937 2026-05-30T01:53:41.870742500Z [WARNING] CacheModule Slow response from upstream service
00003938 2026-05-30T01:53:41.959742500Z [CRITICAL] NetModule Kernel panic in subsystem
00003939 2026-05-30T01:53:41.907742500Z [DEBUG] AuthModule Lock acquired on resource pool
00003940 2026-05-30T01:53:42.019742500Z [WARNING] NetModule Slow response from upstream service
00003941 2026-05-30T01:53:42.053742500Z [DEBUG] CoreModule Garbage collection triggered
00003942 2026-05-30T01:53:42.027742500Z [DEBUG] CoreModule Garbage collection triggered
00003943 2026-05-30T01:53:42.136742500Z [DEBUG] ApiModule Lock acquired on resource pool
00003944 2026-05-30T01:53:42.171742500Z [INFO] AuthModule Background task started
00003945 2026-05-30T01:53:42.185742500Z [INFO] CoreModule Connection established to upstream
00003946 2026-05-30T01:53:42.251742500Z [INFO] DbModule Background task started
00003947 2026-05-30T01:53:42.230742500Z [DEBUG] ApiModule Garbage collection triggered
00003948 2026-05-30T01:53:42.312742500Z [INFO] DbModule User logged in successfully
00003949 2026-05-30T01:53:42.332742500Z [DEBUG] AuthModule Trace: stack depth = 1488
00003950 2026-05-30T01:53:42.342742500Z [DEBUG] CacheModule Variable x = 67
00003951 2026-05-30T01:53:42.368742500Z [INFO] AuthModule Connection established to upstream
00003952 2026-05-30T01:53:42.417742500Z [DEBUG] UiModule Lock acquired on resource pool
00003953 2026-05-30T01:53:42.429742500Z [INFO] DbModule Connection established to upstream
00003954 2026-05-30T01:53:42.458742500Z [INFO] DbModule Connection established to upstream
00003955 2026-05-30T01:53:42.542742500Z [INFO] DbModule Connection established to upstream
00003956 2026-05-30T01:53:42.625742500Z [DEBUG] DbModule Trace: stack depth = 1488
00003957 2026-05-30T01:53:42.654742500Z [WARNING] AuthModule High memory usage detected (85%)
00003958 2026-05-30T01:53:42.630742500Z [INFO] UiModule Connection established to upstream
00003959 2026-05-30T01:53:42.705742500Z [INFO] CoreModule User logged in successfully
00003960 2026-05-30T01:53:42.761742500Z [ERROR] CacheModule Connection timeout to database
00003961 2026-05-30T01:53:42.769742500Z [INFO] ApiModule User logged in successfully
00003962 2026-05-30T01:53:42.752742500Z [DEBUG] UiModule Trace: stack depth = 1488
00003963 2026-05-30T01:53:42.799742500Z [INFO] NetModule Request processed in 42 ms
00003964 2026-05-30T01:53:42.825742500Z [ERROR] CoreModule Authorization rejected for user
00003965 2026-05-30T01:53:42.934742500Z [DEBUG] CacheModule Garbage collection triggered
00003966 2026-05-30T01:53:42.954742500Z [INFO] CacheModule Request processed in 42 ms
00003967 2026-05-30T01:53:42.952742500Z [ERROR] DbModule Connection timeout to database
00003968 2026-05-30T01:53:43.035742500Z [INFO] DbModule Background task started
00003969 2026-05-30T01:53:43.102742500Z [INFO] CacheModule Request processed in 42 ms
00003970 2026-05-30T01:53:43.052742500Z [DEBUG] CacheModule Variable x = 67
00003971 2026-05-30T01:53:43.094742500Z [DEBUG] CoreModule Entering method handleRequest()
00003972 2026-05-30T01:53:43.142742500Z [INFO] UiModule Connection established to upstream
00003973 2026-05-30T01:53:43.176742500Z [INFO] DbModule Cache hit ratio: 0.85
00003974 2026-05-30T01:53:43.252742500Z [DEBUG] NetModule Entering method handleRequest()
00003975 2026-05-30T01:53:43.251742500Z [DEBUG] DbModule Trace: stack depth = 1488
00003976 2026-05-30T01:53:43.339742500Z [INFO] NetModule Connection established to upstream
00003977 2026-05-30T01:53:43.391742500Z [INFO] DbModule Configuration loaded from disk
00003978 2026-05-30T01:53:43.388742500Z [DEBUG] CacheModule Garbage collection triggered
00003979 2026-05-30T01:53:43.399742500Z [DEBUG] AuthModule Garbage collection triggered
00003980 2026-05-30T01:53:43.426742500Z [INFO] DbModule Cache hit ratio: 0.85
00003981 2026-05-30T01:53:43.501742500Z [INFO] UiModule Configuration loaded from disk
00003982 2026-05-30T01:53:43.558742500Z [ERROR] DbModule Null pointer in handler
00003983 2026-05-30T01:53:43.614742500Z [DEBUG] ApiModule Entering method handleRequest()
00003984 2026-05-30T01:53:43.605742500Z [DEBUG] ApiModule Entering method handleRequest()
00003985 2026-05-30T01:53:43.604742500Z [DEBUG] DbModule Lock acquired on resource pool
00003986 2026-05-30T01:53:43.730742500Z [DEBUG] NetModule Variable x = 67
00003987 2026-05-30T01:53:43.696742500Z [INFO] CoreModule User logged in successfully
00003988 2026-05-30T01:53:43.730742500Z [INFO] DbModule Background task started
00003989 2026-05-30T01:53:43.832742500Z [DEBUG] AuthModule Garbage collection triggered
00003990 2026-05-30T01:53:43.834742500Z [INFO] NetModule Background task started
00003991 2026-05-30T01:53:43.828742500Z [WARNING] CoreModule Slow response from upstream service
00003992 2026-05-30T01:53:43.901742500Z [INFO] UiModule Connection established to upstream
00003993 2026-05-30T01:53:43.946742500Z [WARNING] UiModule Slow response from upstream service
00003994 2026-05-30T01:53:44.027742500Z [INFO] CoreModule Configuration loaded from disk
00003995 2026-05-30T01:53:44.027742500Z [INFO] CoreModule User logged in successfully
00003996 2026-05-30T01:53:44.087742500Z [INFO] NetModule Connection established to upstream
00003997 2026-05-30T01:53:44.102742500Z [WARNING] CoreModule Deprecated API endpoint used
00003998 2026-05-30T01:53:44.090742500Z [DEBUG] CacheModule Variable x = 67
00003999 2026-05-30T01:53:44.141742500Z [INFO] CacheModule Configuration loaded from disk
00004000 2026-05-30T01:53:44.158742500Z [INFO] AuthModule Background task started
00004001 2026-05-30T01:53:44.240742500Z [DEBUG] CoreModule Trace: stack depth = 1488
00004002 2026-05-30T01:53:44.272742500Z [INFO] ApiModule User logged in successfully
00004003 2026-05-30T01:53:44.340742500Z [INFO] NetModule Background task started
00004004 2026-05-30T01:53:44.335742500Z [INFO] AuthModule Cache hit ratio: 0.85
00004005 2026-05-30T01:53:44.393742500Z [INFO] DbModule Configuration loaded from disk
00004006 2026-05-30T01:53:44.419742500Z [WARNING] CoreModule High memory usage detected (85%)
00004007 2026-05-30T01:53:44.490742500Z [DEBUG] ApiModule Trace: stack depth = 1488
00004008 2026-05-30T01:53:44.486742500Z [ERROR] CoreModule File not found: config.yaml
00004009 2026-05-30T01:53:44.503742500Z [INFO] CoreModule Connection established to upstream
00004010 2026-05-30T01:53:44.607742500Z [INFO] ApiModule Request processed in 42 ms
00004011 2026-05-30T01:53:44.586742500Z [INFO] CoreModule Connection established to upstream
00004012 2026-05-30T01:53:44.599742500Z [INFO] AuthModule Background task started
00004013 2026-05-30T01:53:44.684742500Z [DEBUG] NetModule Garbage collection triggered
00004014 2026-05-30T01:53:44.673742500Z [INFO] CoreModule User logged in successfully
00004015 2026-05-30T01:53:44.710742500Z [DEBUG] UiModule Lock acquired on resource pool
00004016 2026-05-30T01:53:44.815742500Z [DEBUG] CacheModule Entering method handleRequest()
00004017 2026-05-30T01:53:44.834742500Z [INFO] ApiModule Configuration loaded from disk
00004018 2026-05-30T01:53:44.869742500Z [WARNING] NetModule Slow response from upstream service
00004019 2026-05-30T01:53:44.881742500Z [DEBUG] CoreModule Garbage collection triggered
00004020 2026-05-30T01:53:44.983742500Z [ERROR] CoreModule Null pointer in handler
00004021 2026-05-30T01:53:44.997742500Z [CRITICAL] CoreModule Out of memory, shutting down
00004022 2026-05-30T01:53:44.988742500Z [WARNING] CacheModule Deprecated API endpoint used
00004023 2026-05-30T01:53:45.009742500Z [INFO] NetModule Connection established to upstream
00004024 2026-05-30T01:53:45.079742500Z [WARNING] ApiModule Slow response from upstream service
00004025 2026-05-30T01:53:45.126742500Z [DEBUG] NetModule Entering method handleRequest()
00004026 2026-05-30T01:53:45.174742500Z [WARNING] CacheModule Retry attempt 2 of 3
00004027 2026-05-30T01:53:45.162742500Z [ERROR] NetModule Null pointer in handler
00004028 2026-05-30T01:53:45.258742500Z [INFO] DbModule User logged in successfully
00004029 2026-05-30T01:53:45.264742500Z [INFO] NetModule User logged in successfully
00004030 2026-05-30T01:53:45.276742500Z [INFO] UiModule Configuration loaded from disk
00004031 2026-05-30T01:53:45.360742500Z [INFO] AuthModule User logged in successfully
00004032 2026-05-30T01:53:45.424742500Z [INFO] ApiModule Request processed in 42 ms
00004033 2026-05-30T01:53:45.398742500Z [INFO] NetModule Background task started
00004034 2026-05-30T01:53:45.494742500Z [INFO] CacheModule Background task started
00004035 2026-05-30T01:53:45.452742500Z [DEBUG] ApiModule Garbage collection triggered
00004036 2026-05-30T01:53:45.490742500Z [ERROR] CoreModule Authorization rejected for user
00004037 2026-05-30T01:53:45.561742500Z [INFO] CacheModule Configuration loaded from disk
00004038 2026-05-30T01:53:45.597742500Z [INFO] UiModule Cache hit ratio: 0.85
00004039 2026-05-30T01:53:45.651742500Z [INFO] ApiModule Cache hit ratio: 0.85
00004040 2026-05-30T01:53:45.699742500Z [DEBUG] CoreModule Garbage collection triggered
00004041 2026-05-30T01:53:45.710742500Z [INFO] CacheModule User logged in successfully
00004042 2026-05-30T01:53:45.804742500Z [INFO] ApiModule Cache hit ratio: 0.85
00004043 2026-05-30T01:53:45.827742500Z [INFO] UiModule Configuration loaded from disk
00004044 2026-05-30T01:53:45.810742500Z [INFO] NetModule Cache hit ratio: 0.85
00004045 2026-05-30T01:53:45.881742500Z [INFO] AuthModule Cache hit ratio: 0.85
00004046 2026-05-30T01:53:45.899742500Z [DEBUG] NetModule Variable x = 67
00004047 2026-05-30T01:53:45.916742500Z [DEBUG] UiModule Variable x = 67
00004048 2026-05-30T01:53:45.932742500Z [DEBUG] AuthModule Trace: stack depth = 1488
00004049 2026-05-30T01:53:45.991742500Z [WARNING] UiModule Slow response from upstream service
00004050 2026-05-30T01:53:46.050742500Z [INFO] UiModule Background task started
00004051 2026-05-30T01:53:46.088742500Z [INFO] DbModule Cache hit ratio: 0.85
00004052 2026-05-30T01:53:46.089742500Z [INFO] UiModule Cache hit ratio: 0.85
00004053 2026-05-30T01:53:46.184742500Z [DEBUG] UiModule Entering method handleRequest()
00004054 2026-05-30T01:53:46.241742500Z [INFO] CacheModule Request processed in 42 ms
00004055 2026-05-30T01:53:46.270742500Z [INFO] AuthModule Connection established to upstream
00004056 2026-05-30T01:53:46.231742500Z [INFO] UiModule Cache hit ratio: 0.85
00004057 2026-05-30T01:53:46.288742500Z [INFO] UiModule Request processed in 42 ms
00004058 2026-05-30T01:53:46.319742500Z [INFO] DbModule User logged in successfully
00004059 2026-05-30T01:53:46.339742500Z [INFO] DbModule Request processed in 42 ms
00004060 2026-05-30T01:53:46.445742500Z [DEBUG] UiModule Variable x = 67
00004061 2026-05-30T01:53:46.505742500Z [INFO] NetModule User logged in successfully
00004062 2026-05-30T01:53:46.493742500Z [WARNING] NetModule High memory usage detected (85%)
00004063 2026-05-30T01:53:46.514742500Z [DEBUG] CacheModule Trace: stack depth = 1488
00004064 2026-05-30T01:53:46.588742500Z [ERROR] NetModule Authorization rejected for user
00004065 2026-05-30T01:53:46.601742500Z [INFO] NetModule Configuration loaded from disk
00004066 2026-05-30T01:53:46.674742500Z [WARNING] CoreModule High memory usage detected (85%)
00004067 2026-05-30T01:53:46.710742500Z [WARNING] AuthModule Slow response from upstream service
00004068 2026-05-30T01:53:46.760742500Z [ERROR] AuthModule Failed to parse JSON payload
00004069 2026-05-30T01:53:46.772742500Z [INFO] CacheModule Cache hit ratio: 0.85
00004070 2026-05-30T01:53:46.761742500Z [INFO] DbModule Background task started
00004071 2026-05-30T01:53:46.810742500Z [INFO] AuthModule Configuration loaded from disk
00004072 2026-05-30T01:53:46.831742500Z [INFO] UiModule Request processed in 42 ms
00004073 2026-05-30T01:53:46.879742500Z [DEBUG] UiModule Trace: stack depth = 1488
00004074 2026-05-30T01:53:46.916742500Z [INFO] CoreModule Request processed in 42 ms
00004075 2026-05-30T01:53:46.960742500Z [ERROR] DbModule Authorization rejected for user
00004076 2026-05-30T01:53:46.971742500Z [DEBUG] AuthModule Lock acquired on resource pool
00004077 2026-05-30T01:53:47.074742500Z [INFO] ApiModule Request processed in 42 ms
00004078 2026-05-30T01:53:47.130742500Z [WARNING] DbModule Slow response from upstream service
00004079 2026-05-30T01:53:47.173742500Z [DEBUG] UiModule Entering method handleRequest()
00004080 2026-05-30T01:53:47.191742500Z [DEBUG] CoreModule Entering method handleRequest()
00004081 2026-05-30T01:53:47.241742500Z [WARNING] DbModule Deprecated API endpoint used
00004082 2026-05-30T01:53:47.190742500Z [ERROR] ApiModule Null pointer in handler
00004083 2026-05-30T01:53:47.286742500Z [DEBUG] UiModule Garbage collection triggered
00004084 2026-05-30T01:53:47.334742500Z [INFO] DbModule Configuration loaded from disk
00004085 2026-05-30T01:53:47.358742500Z [INFO] CacheModule Request processed in 42 ms
00004086 2026-05-30T01:53:47.341742500Z [DEBUG] AuthModule Lock acquired on resource pool
00004087 2026-05-30T01:53:47.420742500Z [INFO] UiModule Connection established to upstream
00004088 2026-05-30T01:53:47.434742500Z [INFO] AuthModule Background task started
00004089 2026-05-30T01:53:47.476742500Z [INFO] NetModule User logged in successfully
00004090 2026-05-30T01:53:47.574742500Z [DEBUG] DbModule Garbage collection triggered
00004091 2026-05-30T01:53:47.594742500Z [ERROR] ApiModule Authorization rejected for user
00004092 2026-05-30T01:53:47.597742500Z [DEBUG] AuthModule Entering method handleRequest()
00004093 2026-05-30T01:53:47.672742500Z [INFO] AuthModule Configuration loaded from disk
00004094 2026-05-30T01:53:47.648742500Z [WARNING] DbModule Slow response from upstream service
00004095 2026-05-30T01:53:47.754742500Z [INFO] NetModule User logged in successfully
00004096 2026-05-30T01:53:47.727742500Z [DEBUG] CoreModule Variable x = 67
00004097 2026-05-30T01:53:47.803742500Z [INFO] DbModule Request processed in 42 ms
00004098 2026-05-30T01:53:47.805742500Z [DEBUG] UiModule Lock acquired on resource pool
00004099 2026-05-30T01:53:47.879742500Z [INFO] CacheModule Cache hit ratio: 0.85
00004100 2026-05-30T01:53:47.952742500Z [CRITICAL] CacheModule Kernel panic in subsystem
00004101 2026-05-30T01:53:47.973742500Z [INFO] NetModule Background task started
00004102 2026-05-30T01:53:47.988742500Z [INFO] AuthModule Connection established to upstream
00004103 2026-05-30T01:53:47.988742500Z [INFO] AuthModule Cache hit ratio: 0.85
00004104 2026-05-30T01:53:48.089742500Z [INFO] ApiModule Cache hit ratio: 0.85
00004105 2026-05-30T01:53:48.075742500Z [DEBUG] NetModule Garbage collection triggered
00004106 2026-05-30T01:53:48.155742500Z [DEBUG] CoreModule Garbage collection triggered
00004107 2026-05-30T01:53:48.182742500Z [INFO] UiModule Background task started
00004108 2026-05-30T01:53:48.163742500Z [INFO] DbModule User logged in successfully
00004109 2026-05-30T01:53:48.244742500Z [WARNING] NetModule High memory usage detected (85%)
00004110 2026-05-30T01:53:48.285742500Z [WARNING] ApiModule Slow response from upstream service
00004111 2026-05-30T01:53:48.317742500Z [INFO] ApiModule User logged in successfully
00004112 2026-05-30T01:53:48.325742500Z [ERROR] CoreModule Null pointer in handler
00004113 2026-05-30T01:53:48.375742500Z [ERROR] DbModule Authorization rejected for user
00004114 2026-05-30T01:53:48.432742500Z [INFO] NetModule Cache hit ratio: 0.85
00004115 2026-05-30T01:53:48.490742500Z [INFO] AuthModule User logged in successfully
00004116 2026-05-30T01:53:48.538742500Z [DEBUG] DbModule Trace: stack depth = 1488
00004117 2026-05-30T01:53:48.526742500Z [INFO] UiModule Background task started
00004118 2026-05-30T01:53:48.591742500Z [DEBUG] CacheModule Lock acquired on resource pool
00004119 2026-05-30T01:53:48.625742500Z [DEBUG] NetModule Entering method handleRequest()
00004120 2026-05-30T01:53:48.640742500Z [DEBUG] ApiModule Variable x = 67
00004121 2026-05-30T01:53:48.671742500Z [DEBUG] NetModule Garbage collection triggered
00004122 2026-05-30T01:53:48.680742500Z [DEBUG] DbModule Trace: stack depth = 1488
00004123 2026-05-30T01:53:48.752742500Z [INFO] NetModule Background task started
00004124 2026-05-30T01:53:48.757742500Z [ERROR] ApiModule File not found: config.yaml
00004125 2026-05-30T01:53:48.850742500Z [INFO] ApiModule Background task started
00004126 2026-05-30T01:53:48.817742500Z [INFO] CoreModule Cache hit ratio: 0.85
00004127 2026-05-30T01:53:48.889742500Z [DEBUG] DbModule Entering method handleRequest()
00004128 2026-05-30T01:53:48.936742500Z [INFO] ApiModule Configuration loaded from disk
00004129 2026-05-30T01:53:49.016742500Z [INFO] ApiModule Cache hit ratio: 0.85
00004130 2026-05-30T01:53:49.006742500Z [WARNING] CacheModule Slow response from upstream service
00004131 2026-05-30T01:53:49.083742500Z [DEBUG] ApiModule Entering method handleRequest()
00004132 2026-05-30T01:53:49.135742500Z [INFO] UiModule Background task started
00004133 2026-05-30T01:53:49.148742500Z [DEBUG] ApiModule Lock acquired on resource pool
00004134 2026-05-30T01:53:49.145742500Z [DEBUG] NetModule Lock acquired on resource pool
00004135 2026-05-30T01:53:49.224742500Z [INFO] ApiModule Connection established to upstream
00004136 2026-05-30T01:53:49.186742500Z [CRITICAL] CacheModule Out of memory, shutting down
00004137 2026-05-30T01:53:49.281742500Z [INFO] CoreModule Configuration loaded from disk
00004138 2026-05-30T01:53:49.312742500Z [WARNING] CoreModule Slow response from upstream service
00004139 2026-05-30T01:53:49.339742500Z [INFO] AuthModule Request processed in 42 ms
00004140 2026-05-30T01:53:49.378742500Z [INFO] AuthModule Request processed in 42 ms
00004141 2026-05-30T01:53:49.449742500Z [DEBUG] CacheModule Trace: stack depth = 1488
00004142 2026-05-30T01:53:49.454742500Z [DEBUG] NetModule Lock acquired on resource pool
00004143 2026-05-30T01:53:49.459742500Z [ERROR] AuthModule Null pointer in handler
00004144 2026-05-30T01:53:49.554742500Z [DEBUG] AuthModule Trace: stack depth = 1488
00004145 2026-05-30T01:53:49.563742500Z [INFO] DbModule Request processed in 42 ms
00004146 2026-05-30T01:53:49.645742500Z [DEBUG] CoreModule Garbage collection triggered
00004147 2026-05-30T01:53:49.637742500Z [DEBUG] CoreModule Garbage collection triggered
00004148 2026-05-30T01:53:49.648742500Z [INFO] ApiModule User logged in successfully
00004149 2026-05-30T01:53:49.708742500Z [INFO] AuthModule Cache hit ratio: 0.85
00004150 2026-05-30T01:53:49.779742500Z [DEBUG] DbModule Lock acquired on resource pool
00004151 2026-05-30T01:53:49.825742500Z [DEBUG] UiModule Lock acquired on resource pool
00004152 2026-05-30T01:53:49.831742500Z [DEBUG] CoreModule Entering method handleRequest()
00004153 2026-05-30T01:53:49.857742500Z [INFO] CacheModule Request processed in 42 ms
00004154 2026-05-30T01:53:49.904742500Z [ERROR] CoreModule Null pointer in handler
00004155 2026-05-30T01:53:49.976742500Z [DEBUG] NetModule Garbage collection triggered
00004156 2026-05-30T01:53:49.958742500Z [DEBUG] CoreModule Garbage collection triggered
00004157 2026-05-30T01:53:49.982742500Z [ERROR] CacheModule File not found: config.yaml
00004158 2026-05-30T01:53:50.002742500Z [DEBUG] DbModule Variable x = 67
00004159 2026-05-30T01:53:50.114742500Z [ERROR] NetModule Null pointer in handler
00004160 2026-05-30T01:53:50.171742500Z [INFO] CoreModule User logged in successfully
00004161 2026-05-30T01:53:50.119742500Z [WARNING] CacheModule Slow response from upstream service
00004162 2026-05-30T01:53:50.222742500Z [INFO] ApiModule Request processed in 42 ms
00004163 2026-05-30T01:53:50.269742500Z [INFO] AuthModule User logged in successfully
00004164 2026-05-30T01:53:50.269742500Z [INFO] CacheModule Request processed in 42 ms
00004165 2026-05-30T01:53:50.326742500Z [DEBUG] ApiModule Trace: stack depth = 1488
00004166 2026-05-30T01:53:50.349742500Z [ERROR] ApiModule Connection timeout to database
00004167 2026-05-30T01:53:50.343742500Z [DEBUG] CoreModule Variable x = 67
00004168 2026-05-30T01:53:50.381742500Z [INFO] ApiModule Background task started
00004169 2026-05-30T01:53:50.426742500Z [WARNING] AuthModule Retry attempt 2 of 3
00004170 2026-05-30T01:53:50.504742500Z [INFO] DbModule Connection established to upstream
00004171 2026-05-30T01:53:50.579742500Z [INFO] CacheModule Connection established to upstream
00004172 2026-05-30T01:53:50.571742500Z [WARNING] ApiModule Retry attempt 2 of 3
00004173 2026-05-30T01:53:50.585742500Z [WARNING] UiModule High memory usage detected (85%)
00004174 2026-05-30T01:53:50.641742500Z [DEBUG] DbModule Trace: stack depth = 1488
00004175 2026-05-30T01:53:50.655742500Z [DEBUG] ApiModule Entering method handleRequest()
00004176 2026-05-30T01:53:50.680742500Z [INFO] NetModule User logged in successfully
00004177 2026-05-30T01:53:50.785742500Z [WARNING] UiModule Slow response from upstream service
00004178 2026-05-30T01:53:50.820742500Z [INFO] AuthModule User logged in successfully
00004179 2026-05-30T01:53:50.798742500Z [DEBUG] AuthModule Lock acquired on resource pool
00004180 2026-05-30T01:53:50.833742500Z [WARNING] CacheModule Retry attempt 2 of 3
00004181 2026-05-30T01:53:50.862742500Z [ERROR] UiModule Authorization rejected for user
00004182 2026-05-30T01:53:50.890742500Z [INFO] DbModule Background task started
00004183 2026-05-30T01:53:51.011742500Z [ERROR] UiModule File not found: config.yaml
00004184 2026-05-30T01:53:50.962742500Z [DEBUG] DbModule Variable x = 67
00004185 2026-05-30T01:53:51.093742500Z [INFO] NetModule Configuration loaded from disk
00004186 2026-05-30T01:53:51.131742500Z [ERROR] AuthModule Authorization rejected for user
00004187 2026-05-30T01:53:51.103742500Z [INFO] NetModule Request processed in 42 ms
00004188 2026-05-30T01:53:51.119742500Z [DEBUG] CoreModule Variable x = 67
00004189 2026-05-30T01:53:51.237742500Z [INFO] UiModule Connection established to upstream
00004190 2026-05-30T01:53:51.208742500Z [DEBUG] NetModule Garbage collection triggered
00004191 2026-05-30T01:53:51.222742500Z [WARNING] NetModule Retry attempt 2 of 3
00004192 2026-05-30T01:53:51.349742500Z [INFO] UiModule Cache hit ratio: 0.85
00004193 2026-05-30T01:53:51.333742500Z [DEBUG] ApiModule Variable x = 67
00004194 2026-05-30T01:53:51.365742500Z [INFO] CoreModule Cache hit ratio: 0.85
00004195 2026-05-30T01:53:51.390742500Z [INFO] ApiModule Background task started
00004196 2026-05-30T01:53:51.416742500Z [INFO] CoreModule Configuration loaded from disk
00004197 2026-05-30T01:53:51.507742500Z [WARNING] UiModule Retry attempt 2 of 3
00004198 2026-05-30T01:53:51.547742500Z [INFO] ApiModule Configuration loaded from disk
00004199 2026-05-30T01:53:51.528742500Z [DEBUG] CacheModule Variable x = 67
00004200 2026-05-30T01:53:51.583742500Z [WARNING] NetModule Retry attempt 2 of 3
00004201 2026-05-30T01:53:51.593742500Z [DEBUG] NetModule Trace: stack depth = 1488
00004202 2026-05-30T01:53:51.658742500Z [WARNING] CoreModule Deprecated API endpoint used
00004203 2026-05-30T01:53:51.725742500Z [DEBUG] CoreModule Variable x = 67
00004204 2026-05-30T01:53:51.706742500Z [DEBUG] UiModule Variable x = 67
00004205 2026-05-30T01:53:51.811742500Z [INFO] CacheModule Cache hit ratio: 0.85
00004206 2026-05-30T01:53:51.807742500Z [INFO] CoreModule Cache hit ratio: 0.85
00004207 2026-05-30T01:53:51.870742500Z [INFO] ApiModule User logged in successfully
00004208 2026-05-30T01:53:51.894742500Z [ERROR] ApiModule Authorization rejected for user
00004209 2026-05-30T01:53:51.950742500Z [INFO] AuthModule Request processed in 42 ms
00004210 2026-05-30T01:53:51.962742500Z [INFO] AuthModule Connection established to upstream
00004211 2026-05-30T01:53:52.054742500Z [DEBUG] CacheModule Garbage collection triggered
00004212 2026-05-30T01:53:52.028742500Z [INFO] AuthModule Background task started
00004213 2026-05-30T01:53:52.097742500Z [INFO] AuthModule User logged in successfully
00004214 2026-05-30T01:53:52.140742500Z [INFO] NetModule Configuration loaded from disk
00004215 2026-05-30T01:53:52.188742500Z [DEBUG] DbModule Garbage collection triggered
00004216 2026-05-30T01:53:52.199742500Z [INFO] CoreModule Cache hit ratio: 0.85
00004217 2026-05-30T01:53:52.279742500Z [DEBUG] CoreModule Entering method handleRequest()
00004218 2026-05-30T01:53:52.260742500Z [INFO] UiModule Configuration loaded from disk
00004219 2026-05-30T01:53:52.257742500Z [INFO] DbModule Configuration loaded from disk
00004220 2026-05-30T01:53:52.377742500Z [DEBUG] CacheModule Variable x = 67
00004221 2026-05-30T01:53:52.334742500Z [INFO] CacheModule Request processed in 42 ms
00004222 2026-05-30T01:53:52.405742500Z [WARNING] CacheModule High memory usage detected (85%)
00004223 2026-05-30T01:53:52.428742500Z [DEBUG] NetModule Trace: stack depth = 1488
00004224 2026-05-30T01:53:52.538742500Z [INFO] DbModule Background task started
00004225 2026-05-30T01:53:52.493742500Z [DEBUG] AuthModule Garbage collection triggered
00004226 2026-05-30T01:53:52.558742500Z [INFO] CacheModule Request processed in 42 ms
00004227 2026-05-30T01:53:52.561742500Z [WARNING] AuthModule Retry attempt 2 of 3
00004228 2026-05-30T01:53:52.675742500Z [DEBUG] NetModule Trace: stack depth = 1488
00004229 2026-05-30T01:53:52.682742500Z [ERROR] DbModule Null pointer in handler
00004230 2026-05-30T01:53:52.672742500Z [DEBUG] DbModule Variable x = 67
00004231 2026-05-30T01:53:52.740742500Z [INFO] ApiModule User logged in successfully
00004232 2026-05-30T01:53:52.835742500Z [INFO] UiModule User logged in successfully
00004233 2026-05-30T01:53:52.847742500Z [DEBUG] UiModule Entering method handleRequest()
00004234 2026-05-30T01:53:52.870742500Z [WARNING] AuthModule Retry attempt 2 of 3
00004235 2026-05-30T01:53:52.906742500Z [WARNING] AuthModule Slow response from upstream service
00004236 2026-05-30T01:53:52.896742500Z [WARNING] CoreModule Slow response from upstream service
00004237 2026-05-30T01:53:53.019742500Z [INFO] AuthModule User logged in successfully
00004238 2026-05-30T01:53:53.023742500Z [DEBUG] CoreModule Lock acquired on resource pool
00004239 2026-05-30T01:53:53.052742500Z [DEBUG] CoreModule Trace: stack depth = 1488
00004240 2026-05-30T01:53:53.105742500Z [WARNING] CacheModule Retry attempt 2 of 3
00004241 2026-05-30T01:53:53.113742500Z [DEBUG] UiModule Garbage collection triggered
00004242 2026-05-30T01:53:53.190742500Z [DEBUG] UiModule Lock acquired on resource pool
00004243 2026-05-30T01:53:53.165742500Z [DEBUG] NetModule Lock acquired on resource pool
00004244 2026-05-30T01:53:53.281742500Z [DEBUG] UiModule Entering method handleRequest()
00004245 2026-05-30T01:53:53.303742500Z [WARNING] ApiModule High memory usage detected (85%)
00004246 2026-05-30T01:53:53.324742500Z [INFO] CacheModule Request processed in 42 ms
00004247 2026-05-30T01:53:53.351742500Z [WARNING] UiModule Slow response from upstream service
00004248 2026-05-30T01:53:53.374742500Z [INFO] AuthModule Background task started
00004249 2026-05-30T01:53:53.388742500Z [INFO] UiModule Request processed in 42 ms
00004250 2026-05-30T01:53:53.404742500Z [WARNING] NetModule Slow response from upstream service
00004251 2026-05-30T01:53:53.521742500Z [INFO] UiModule User logged in successfully
00004252 2026-05-30T01:53:53.559742500Z [WARNING] UiModule Slow response from upstream service
00004253 2026-05-30T01:53:53.558742500Z [WARNING] NetModule High memory usage detected (85%)
00004254 2026-05-30T01:53:53.613742500Z [WARNING] DbModule Retry attempt 2 of 3
00004255 2026-05-30T01:53:53.645742500Z [INFO] NetModule Connection established to upstream
00004256 2026-05-30T01:53:53.653742500Z [INFO] DbModule Connection established to upstream
00004257 2026-05-30T01:53:53.671742500Z [CRITICAL] NetModule Unrecoverable error in main loop
00004258 2026-05-30T01:53:53.737742500Z [INFO] ApiModule User logged in successfully
00004259 2026-05-30T01:53:53.742742500Z [WARNING] CacheModule Deprecated API endpoint used
00004260 2026-05-30T01:53:53.780742500Z [INFO] CoreModule Configuration loaded from disk
00004261 2026-05-30T01:53:53.851742500Z [DEBUG] DbModule Garbage collection triggered
00004262 2026-05-30T01:53:53.931742500Z [DEBUG] ApiModule Variable x = 67
00004263 2026-05-30T01:53:53.887742500Z [INFO] ApiModule Cache hit ratio: 0.85
00004264 2026-05-30T01:53:53.965742500Z [INFO] UiModule Background task started
00004265 2026-05-30T01:53:54.055742500Z [INFO] CoreModule Connection established to upstream
00004266 2026-05-30T01:53:54.093742500Z [INFO] UiModule User logged in successfully
00004267 2026-05-30T01:53:54.117742500Z [DEBUG] ApiModule Variable x = 67
00004268 2026-05-30T01:53:54.153742500Z [DEBUG] ApiModule Entering method handleRequest()
00004269 2026-05-30T01:53:54.110742500Z [INFO] NetModule Request processed in 42 ms
00004270 2026-05-30T01:53:54.162742500Z [INFO] DbModule Request processed in 42 ms
00004271 2026-05-30T01:53:54.252742500Z [WARNING] ApiModule Retry attempt 2 of 3
00004272 2026-05-30T01:53:54.296742500Z [INFO] NetModule Configuration loaded from disk
00004273 2026-05-30T01:53:54.299742500Z [DEBUG] CoreModule Variable x = 67
00004274 2026-05-30T01:53:54.380742500Z [DEBUG] CoreModule Garbage collection triggered
00004275 2026-05-30T01:53:54.389742500Z [DEBUG] CacheModule Variable x = 67
00004276 2026-05-30T01:53:54.401742500Z [DEBUG] UiModule Garbage collection triggered
00004277 2026-05-30T01:53:54.412742500Z [DEBUG] UiModule Lock acquired on resource pool
00004278 2026-05-30T01:53:54.510742500Z [DEBUG] CoreModule Garbage collection triggered
00004279 2026-05-30T01:53:54.548742500Z [INFO] ApiModule User logged in successfully
00004280 2026-05-30T01:53:54.528742500Z [WARNING] CoreModule Deprecated API endpoint used
00004281 2026-05-30T01:53:54.576742500Z [DEBUG] UiModule Variable x = 67
00004282 2026-05-30T01:53:54.678742500Z [ERROR] UiModule Connection timeout to database
00004283 2026-05-30T01:53:54.655742500Z [WARNING] CoreModule High memory usage detected (85%)
00004284 2026-05-30T01:53:54.694742500Z [INFO] NetModule Cache hit ratio: 0.85
00004285 2026-05-30T01:53:54.784742500Z [DEBUG] CoreModule Garbage collection triggered
00004286 2026-05-30T01:53:54.803742500Z [INFO] DbModule Request processed in 42 ms
00004287 2026-05-30T01:53:54.844742500Z [INFO] CacheModule Cache hit ratio: 0.85
00004288 2026-05-30T01:53:54.906742500Z [ERROR] DbModule Failed to parse JSON payload
00004289 2026-05-30T01:53:54.889742500Z [INFO] UiModule Cache hit ratio: 0.85
00004290 2026-05-30T01:53:54.939742500Z [DEBUG] AuthModule Lock acquired on resource pool
00004291 2026-05-30T01:53:54.946742500Z [DEBUG] DbModule Garbage collection triggered
00004292 2026-05-30T01:53:55.047742500Z [DEBUG] CacheModule Variable x = 67
00004293 2026-05-30T01:53:54.999742500Z [INFO] DbModule Connection established to upstream
00004294 2026-05-30T01:53:55.057742500Z [DEBUG] ApiModule Lock acquired on resource pool
00004295 2026-05-30T01:53:55.091742500Z [DEBUG] NetModule Garbage collection triggered
00004296 2026-05-30T01:53:55.187742500Z [WARNING] UiModule Deprecated API endpoint used
00004297 2026-05-30T01:53:55.154742500Z [DEBUG] ApiModule Garbage collection triggered
00004298 2026-05-30T01:53:55.279742500Z [ERROR] UiModule Connection timeout to database
00004299 2026-05-30T01:53:55.291742500Z [INFO] CoreModule Configuration loaded from disk
00004300 2026-05-30T01:53:55.324742500Z [DEBUG] ApiModule Entering method handleRequest()
00004301 2026-05-30T01:53:55.300742500Z [INFO] AuthModule Request processed in 42 ms
00004302 2026-05-30T01:53:55.392742500Z [DEBUG] CacheModule Trace: stack depth = 1488
00004303 2026-05-30T01:53:55.394742500Z [DEBUG] CacheModule Entering method handleRequest()
00004304 2026-05-30T01:53:55.417742500Z [DEBUG] CoreModule Variable x = 67
00004305 2026-05-30T01:53:55.520742500Z [DEBUG] ApiModule Variable x = 67
00004306 2026-05-30T01:53:55.558742500Z [WARNING] CoreModule High memory usage detected (85%)
00004307 2026-05-30T01:53:55.609742500Z [WARNING] UiModule High memory usage detected (85%)
00004308 2026-05-30T01:53:55.648742500Z [DEBUG] CacheModule Garbage collection triggered
00004309 2026-05-30T01:53:55.623742500Z [DEBUG] AuthModule Entering method handleRequest()
00004310 2026-05-30T01:53:55.643742500Z [ERROR] CoreModule File not found: config.yaml
00004311 2026-05-30T01:53:55.716742500Z [INFO] ApiModule Request processed in 42 ms
00004312 2026-05-30T01:53:55.705742500Z [ERROR] DbModule File not found: config.yaml
00004313 2026-05-30T01:53:55.802742500Z [DEBUG] DbModule Garbage collection triggered
00004314 2026-05-30T01:53:55.851742500Z [DEBUG] AuthModule Entering method handleRequest()
00004315 2026-05-30T01:53:55.876742500Z [DEBUG] UiModule Variable x = 67
00004316 2026-05-30T01:53:55.893742500Z [ERROR] NetModule File not found: config.yaml
00004317 2026-05-30T01:53:55.893742500Z [DEBUG] CacheModule Lock acquired on resource pool
00004318 2026-05-30T01:53:55.988742500Z [INFO] UiModule Cache hit ratio: 0.85
00004319 2026-05-30T01:53:56.034742500Z [ERROR] AuthModule Authorization rejected for user
00004320 2026-05-30T01:53:56.046742500Z [INFO] ApiModule Connection established to upstream
00004321 2026-05-30T01:53:56.088742500Z [DEBUG] DbModule Garbage collection triggered
00004322 2026-05-30T01:53:56.156742500Z [WARNING] DbModule Deprecated API endpoint used
00004323 2026-05-30T01:53:56.125742500Z [DEBUG] ApiModule Lock acquired on resource pool
00004324 2026-05-30T01:53:56.217742500Z [INFO] CoreModule Cache hit ratio: 0.85
00004325 2026-05-30T01:53:56.257742500Z [DEBUG] ApiModule Lock acquired on resource pool
00004326 2026-05-30T01:53:56.249742500Z [INFO] UiModule Request processed in 42 ms
00004327 2026-05-30T01:53:56.323742500Z [INFO] CoreModule Background task started
00004328 2026-05-30T01:53:56.334742500Z [INFO] AuthModule Background task started
00004329 2026-05-30T01:53:56.371742500Z [DEBUG] AuthModule Lock acquired on resource pool
00004330 2026-05-30T01:53:56.383742500Z [ERROR] NetModule Null pointer in handler
00004331 2026-05-30T01:53:56.475742500Z [INFO] CacheModule Configuration loaded from disk
00004332 2026-05-30T01:53:56.449742500Z [INFO] DbModule Request processed in 42 ms
00004333 2026-05-30T01:53:56.552742500Z [INFO] ApiModule Connection established to upstream
00004334 2026-05-30T01:53:56.568742500Z [DEBUG] CacheModule Entering method handleRequest()
00004335 2026-05-30T01:53:56.647742500Z [DEBUG] AuthModule Variable x = 67
00004336 2026-05-30T01:53:56.680742500Z [WARNING] ApiModule Slow response from upstream service
00004337 2026-05-30T01:53:56.699742500Z [INFO] UiModule Configuration loaded from disk
00004338 2026-05-30T01:53:56.697742500Z [INFO] UiModule Connection established to upstream
00004339 2026-05-30T01:53:56.790742500Z [DEBUG] DbModule Trace: stack depth = 1488
00004340 2026-05-30T01:53:56.829742500Z [DEBUG] UiModule Trace: stack depth = 1488
00004341 2026-05-30T01:53:56.773742500Z [WARNING] NetModule Deprecated API endpoint used
00004342 2026-05-30T01:53:56.879742500Z [ERROR] CacheModule Connection timeout to database
00004343 2026-05-30T01:53:56.931742500Z [WARNING] AuthModule Deprecated API endpoint used
00004344 2026-05-30T01:53:56.939742500Z [INFO] AuthModule Cache hit ratio: 0.85
00004345 2026-05-30T01:53:57.006742500Z [DEBUG] NetModule Lock acquired on resource pool
00004346 2026-05-30T01:53:56.987742500Z [DEBUG] CoreModule Garbage collection triggered
00004347 2026-05-30T01:53:57.059742500Z [INFO] AuthModule User logged in successfully
00004348 2026-05-30T01:53:57.061742500Z [INFO] ApiModule Cache hit ratio: 0.85
00004349 2026-05-30T01:53:57.149742500Z [ERROR] NetModule Authorization rejected for user
00004350 2026-05-30T01:53:57.123742500Z [INFO] CoreModule Cache hit ratio: 0.85
00004351 2026-05-30T01:53:57.170742500Z [INFO] CoreModule Configuration loaded from disk
00004352 2026-05-30T01:53:57.261742500Z [INFO] CoreModule Cache hit ratio: 0.85
00004353 2026-05-30T01:53:57.262742500Z [WARNING] UiModule Deprecated API endpoint used
00004354 2026-05-30T01:53:57.319742500Z [WARNING] AuthModule Slow response from upstream service
00004355 2026-05-30T01:53:57.370742500Z [ERROR] NetModule Connection timeout to database
00004356 2026-05-30T01:53:57.401742500Z [INFO] DbModule Cache hit ratio: 0.85
00004357 2026-05-30T01:53:57.430742500Z [INFO] ApiModule User logged in successfully
00004358 2026-05-30T01:53:57.468742500Z [INFO] NetModule User logged in successfully
00004359 2026-05-30T01:53:57.453742500Z [INFO] CoreModule Request processed in 42 ms
00004360 2026-05-30T01:53:57.512742500Z [INFO] DbModule User logged in successfully
00004361 2026-05-30T01:53:57.547742500Z [WARNING] NetModule Retry attempt 2 of 3
00004362 2026-05-30T01:53:57.554742500Z [ERROR] ApiModule Connection timeout to database
00004363 2026-05-30T01:53:57.641742500Z [WARNING] NetModule High memory usage detected (85%)
00004364 2026-05-30T01:53:57.705742500Z [DEBUG] UiModule Lock acquired on resource pool
00004365 2026-05-30T01:53:57.695742500Z [ERROR] CoreModule Failed to parse JSON payload
00004366 2026-05-30T01:53:57.790742500Z [DEBUG] ApiModule Lock acquired on resource pool
00004367 2026-05-30T01:53:57.795742500Z [INFO] ApiModule User logged in successfully
00004368 2026-05-30T01:53:57.802742500Z [INFO] NetModule Configuration loaded from disk
00004369 2026-05-30T01:53:57.884742500Z [DEBUG] CoreModule Entering method handleRequest()
00004370 2026-05-30T01:53:57.868742500Z [ERROR] UiModule Connection timeout to database
00004371 2026-05-30T01:53:57.963742500Z [DEBUG] NetModule Garbage collection triggered
00004372 2026-05-30T01:53:57.949742500Z [INFO] ApiModule Configuration loaded from disk
00004373 2026-05-30T01:53:58.001742500Z [WARNING] CacheModule High memory usage detected (85%)
00004374 2026-05-30T01:53:58.033742500Z [WARNING] AuthModule Slow response from upstream service
00004375 2026-05-30T01:53:58.040742500Z [DEBUG] CacheModule Lock acquired on resource pool
00004376 2026-05-30T01:53:58.117742500Z [DEBUG] UiModule Trace: stack depth = 1488
00004377 2026-05-30T01:53:58.121742500Z [INFO] AuthModule Request processed in 42 ms
00004378 2026-05-30T01:53:58.188742500Z [DEBUG] ApiModule Variable x = 67
00004379 2026-05-30T01:53:58.233742500Z [INFO] CacheModule Connection established to upstream
00004380 2026-05-30T01:53:58.272742500Z [INFO] DbModule User logged in successfully
00004381 2026-05-30T01:53:58.310742500Z [DEBUG] CoreModule Lock acquired on resource pool
00004382 2026-05-30T01:53:58.293742500Z [DEBUG] NetModule Entering method handleRequest()
00004383 2026-05-30T01:53:58.341742500Z [INFO] CacheModule User logged in successfully
00004384 2026-05-30T01:53:58.458742500Z [INFO] CacheModule Request processed in 42 ms
00004385 2026-05-30T01:53:58.467742500Z [ERROR] DbModule Connection timeout to database
00004386 2026-05-30T01:53:58.504742500Z [INFO] NetModule Configuration loaded from disk
00004387 2026-05-30T01:53:58.549742500Z [WARNING] NetModule Retry attempt 2 of 3
00004388 2026-05-30T01:53:58.532742500Z [INFO] AuthModule Connection established to upstream
00004389 2026-05-30T01:53:58.618742500Z [DEBUG] NetModule Entering method handleRequest()
00004390 2026-05-30T01:53:58.637742500Z [INFO] UiModule Connection established to upstream
00004391 2026-05-30T01:53:58.633742500Z [INFO] NetModule Connection established to upstream
00004392 2026-05-30T01:53:58.693742500Z [INFO] NetModule Background task started
00004393 2026-05-30T01:53:58.705742500Z [DEBUG] UiModule Garbage collection triggered
00004394 2026-05-30T01:53:58.827742500Z [DEBUG] AuthModule Trace: stack depth = 1488
00004395 2026-05-30T01:53:58.867742500Z [DEBUG] AuthModule Lock acquired on resource pool
00004396 2026-05-30T01:53:58.888742500Z [INFO] CacheModule Request processed in 42 ms
00004397 2026-05-30T01:53:58.892742500Z [WARNING] CacheModule Retry attempt 2 of 3
00004398 2026-05-30T01:53:58.887742500Z [INFO] NetModule Request processed in 42 ms
00004399 2026-05-30T01:53:58.949742500Z [DEBUG] CacheModule Variable x = 67
00004400 2026-05-30T01:53:59.006742500Z [WARNING] UiModule Slow response from upstream service
00004401 2026-05-30T01:53:59.028742500Z [INFO] DbModule Connection established to upstream
00004402 2026-05-30T01:53:59.072742500Z [INFO] AuthModule User logged in successfully
00004403 2026-05-30T01:53:59.085742500Z [INFO] AuthModule Connection established to upstream
00004404 2026-05-30T01:53:59.199742500Z [INFO] ApiModule Background task started
00004405 2026-05-30T01:53:59.228742500Z [WARNING] AuthModule Retry attempt 2 of 3
00004406 2026-05-30T01:53:59.181742500Z [INFO] CoreModule Cache hit ratio: 0.85
00004407 2026-05-30T01:53:59.232742500Z [DEBUG] CoreModule Variable x = 67
00004408 2026-05-30T01:53:59.313742500Z [WARNING] NetModule Deprecated API endpoint used
00004409 2026-05-30T01:53:59.299742500Z [DEBUG] CoreModule Garbage collection triggered
00004410 2026-05-30T01:53:59.349742500Z [DEBUG] AuthModule Lock acquired on resource pool
00004411 2026-05-30T01:53:59.426742500Z [INFO] NetModule Background task started
00004412 2026-05-30T01:53:59.490742500Z [INFO] ApiModule Connection established to upstream
00004413 2026-05-30T01:53:59.459742500Z [DEBUG] CacheModule Trace: stack depth = 1488
00004414 2026-05-30T01:53:59.569742500Z [DEBUG] CacheModule Trace: stack depth = 1488
00004415 2026-05-30T01:53:59.522742500Z [DEBUG] UiModule Garbage collection triggered
00004416 2026-05-30T01:53:59.634742500Z [DEBUG] NetModule Trace: stack depth = 1488
00004417 2026-05-30T01:53:59.638742500Z [INFO] ApiModule User logged in successfully
00004418 2026-05-30T01:53:59.620742500Z [INFO] DbModule Cache hit ratio: 0.85
00004419 2026-05-30T01:53:59.671742500Z [CRITICAL] UiModule Unrecoverable error in main loop
00004420 2026-05-30T01:53:59.749742500Z [DEBUG] DbModule Lock acquired on resource pool
00004421 2026-05-30T01:53:59.776742500Z [DEBUG] DbModule Garbage collection triggered
00004422 2026-05-30T01:53:59.833742500Z [INFO] UiModule Request processed in 42 ms
00004423 2026-05-30T01:53:59.816742500Z [DEBUG] NetModule Garbage collection triggered
00004424 2026-05-30T01:53:59.912742500Z [WARNING] CoreModule High memory usage detected (85%)
00004425 2026-05-30T01:53:59.918742500Z [DEBUG] CoreModule Trace: stack depth = 1488
00004426 2026-05-30T01:53:59.922742500Z [INFO] CacheModule User logged in successfully
00004427 2026-05-30T01:53:59.994742500Z [WARNING] CoreModule Retry attempt 2 of 3
00004428 2026-05-30T01:54:00.073742500Z [INFO] CacheModule User logged in successfully
00004429 2026-05-30T01:54:00.107742500Z [INFO] UiModule Request processed in 42 ms
00004430 2026-05-30T01:54:00.162742500Z [INFO] AuthModule Connection established to upstream
00004431 2026-05-30T01:54:00.185742500Z [INFO] DbModule Configuration loaded from disk
00004432 2026-05-30T01:54:00.157742500Z [WARNING] CoreModule High memory usage detected (85%)
00004433 2026-05-30T01:54:00.198742500Z [ERROR] CacheModule Null pointer in handler
00004434 2026-05-30T01:54:00.299742500Z [ERROR] UiModule Null pointer in handler
00004435 2026-05-30T01:54:00.271742500Z [INFO] ApiModule User logged in successfully
00004436 2026-05-30T01:54:00.356742500Z [DEBUG] CoreModule Variable x = 67
00004437 2026-05-30T01:54:00.421742500Z [WARNING] CoreModule Slow response from upstream service
00004438 2026-05-30T01:54:00.396742500Z [DEBUG] UiModule Variable x = 67
00004439 2026-05-30T01:54:00.402742500Z [WARNING] AuthModule Slow response from upstream service
00004440 2026-05-30T01:54:00.479742500Z [DEBUG] CoreModule Garbage collection triggered
00004441 2026-05-30T01:54:00.531742500Z [DEBUG] DbModule Lock acquired on resource pool
00004442 2026-05-30T01:54:00.592742500Z [DEBUG] UiModule Entering method handleRequest()
00004443 2026-05-30T01:54:00.605742500Z [DEBUG] DbModule Entering method handleRequest()
00004444 2026-05-30T01:54:00.582742500Z [INFO] UiModule Request processed in 42 ms
00004445 2026-05-30T01:54:00.717742500Z [DEBUG] CoreModule Entering method handleRequest()
00004446 2026-05-30T01:54:00.695742500Z [DEBUG] CoreModule Lock acquired on resource pool
00004447 2026-05-30T01:54:00.758742500Z [DEBUG] UiModule Garbage collection triggered
00004448 2026-05-30T01:54:00.740742500Z [INFO] ApiModule Request processed in 42 ms
00004449 2026-05-30T01:54:00.820742500Z [ERROR] AuthModule Connection timeout to database
00004450 2026-05-30T01:54:00.859742500Z [DEBUG] CacheModule Variable x = 67
00004451 2026-05-30T01:54:00.852742500Z [INFO] ApiModule Cache hit ratio: 0.85
00004452 2026-05-30T01:54:00.901742500Z [ERROR] CoreModule Authorization rejected for user
00004453 2026-05-30T01:54:00.948742500Z [INFO] NetModule Cache hit ratio: 0.85
00004454 2026-05-30T01:54:00.975742500Z [DEBUG] NetModule Trace: stack depth = 1488
00004455 2026-05-30T01:54:01.025742500Z [INFO] UiModule Request processed in 42 ms
00004456 2026-05-30T01:54:01.058742500Z [ERROR] DbModule File not found: config.yaml
00004457 2026-05-30T01:54:01.133742500Z [INFO] DbModule Connection established to upstream
00004458 2026-05-30T01:54:01.144742500Z [INFO] CacheModule Connection established to upstream
00004459 2026-05-30T01:54:01.212742500Z [DEBUG] ApiModule Trace: stack depth = 1488
00004460 2026-05-30T01:54:01.200742500Z [WARNING] DbModule Deprecated API endpoint used
00004461 2026-05-30T01:54:01.285742500Z [INFO] AuthModule Request processed in 42 ms
00004462 2026-05-30T01:54:01.300742500Z [INFO] AuthModule Request processed in 42 ms
00004463 2026-05-30T01:54:01.296742500Z [INFO] AuthModule Request processed in 42 ms
00004464 2026-05-30T01:54:01.370742500Z [INFO] UiModule Request processed in 42 ms
00004465 2026-05-30T01:54:01.359742500Z [WARNING] CacheModule Retry attempt 2 of 3
00004466 2026-05-30T01:54:01.417742500Z [ERROR] DbModule Authorization rejected for user
00004467 2026-05-30T01:54:01.447742500Z [INFO] UiModule Background task started
00004468 2026-05-30T01:54:01.527742500Z [WARNING] AuthModule Deprecated API endpoint used
00004469 2026-05-30T01:54:01.513742500Z [WARNING] CacheModule High memory usage detected (85%)
00004470 2026-05-30T01:54:01.602742500Z [INFO] CoreModule Background task started
00004471 2026-05-30T01:54:01.678742500Z [DEBUG] UiModule Garbage collection triggered
00004472 2026-05-30T01:54:01.656742500Z [DEBUG] DbModule Variable x = 67
00004473 2026-05-30T01:54:01.661742500Z [INFO] UiModule Connection established to upstream
00004474 2026-05-30T01:54:01.769742500Z [DEBUG] AuthModule Entering method handleRequest()
00004475 2026-05-30T01:54:01.730742500Z [INFO] UiModule Connection established to upstream
00004476 2026-05-30T01:54:01.805742500Z [INFO] UiModule Connection established to upstream
00004477 2026-05-30T01:54:01.815742500Z [WARNING] CoreModule Slow response from upstream service
00004478 2026-05-30T01:54:01.933742500Z [DEBUG] CoreModule Trace: stack depth = 1488
00004479 2026-05-30T01:54:01.976742500Z [DEBUG] CoreModule Garbage collection triggered
00004480 2026-05-30T01:54:02.008742500Z [INFO] UiModule Connection established to upstream
00004481 2026-05-30T01:54:02.032742500Z [DEBUG] NetModule Lock acquired on resource pool
00004482 2026-05-30T01:54:02.035742500Z [DEBUG] AuthModule Garbage collection triggered
00004483 2026-05-30T01:54:02.095742500Z [WARNING] AuthModule Slow response from upstream service
00004484 2026-05-30T01:54:02.140742500Z [INFO] CoreModule User logged in successfully
00004485 2026-05-30T01:54:02.127742500Z [INFO] UiModule Connection established to upstream
00004486 2026-05-30T01:54:02.136742500Z [DEBUG] CoreModule Lock acquired on resource pool
00004487 2026-05-30T01:54:02.221742500Z [INFO] CacheModule Connection established to upstream
00004488 2026-05-30T01:54:02.274742500Z [INFO] DbModule Cache hit ratio: 0.85
00004489 2026-05-30T01:54:02.339742500Z [WARNING] UiModule High memory usage detected (85%)
00004490 2026-05-30T01:54:02.365742500Z [INFO] ApiModule Background task started
00004491 2026-05-30T01:54:02.369742500Z [DEBUG] CoreModule Garbage collection triggered
00004492 2026-05-30T01:54:02.378742500Z [INFO] UiModule Cache hit ratio: 0.85
00004493 2026-05-30T01:54:02.414742500Z [WARNING] ApiModule Retry attempt 2 of 3
00004494 2026-05-30T01:54:02.445742500Z [INFO] AuthModule Cache hit ratio: 0.85
00004495 2026-05-30T01:54:02.522742500Z [INFO] NetModule Connection established to upstream
00004496 2026-05-30T01:54:02.594742500Z [INFO] AuthModule Configuration loaded from disk
00004497 2026-05-30T01:54:02.578742500Z [DEBUG] UiModule Lock acquired on resource pool
00004498 2026-05-30T01:54:02.665742500Z [DEBUG] DbModule Variable x = 67
00004499 2026-05-30T01:54:02.637742500Z [INFO] NetModule Configuration loaded from disk
00004500 2026-05-30T01:54:02.692742500Z [DEBUG] NetModule Garbage collection triggered
00004501 2026-05-30T01:54:02.779742500Z [WARNING] UiModule Retry attempt 2 of 3
00004502 2026-05-30T01:54:02.762742500Z [CRITICAL] NetModule Disk full, cannot continue
00004503 2026-05-30T01:54:02.837742500Z [INFO] UiModule User logged in successfully
00004504 2026-05-30T01:54:02.900742500Z [DEBUG] DbModule Entering method handleRequest()
00004505 2026-05-30T01:54:02.918742500Z [INFO] ApiModule Request processed in 42 ms
00004506 2026-05-30T01:54:02.957742500Z [INFO] NetModule Cache hit ratio: 0.85
00004507 2026-05-30T01:54:02.942742500Z [DEBUG] AuthModule Variable x = 67
00004508 2026-05-30T01:54:02.998742500Z [INFO] ApiModule Configuration loaded from disk
00004509 2026-05-30T01:54:03.063742500Z [INFO] AuthModule Cache hit ratio: 0.85
00004510 2026-05-30T01:54:03.064742500Z [INFO] NetModule User logged in successfully
00004511 2026-05-30T01:54:03.061742500Z [DEBUG] DbModule Trace: stack depth = 1488
00004512 2026-05-30T01:54:03.119742500Z [INFO] AuthModule User logged in successfully
00004513 2026-05-30T01:54:03.143742500Z [DEBUG] NetModule Garbage collection triggered
00004514 2026-05-30T01:54:03.243742500Z [INFO] AuthModule Connection established to upstream
00004515 2026-05-30T01:54:03.296742500Z [INFO] NetModule Background task started
00004516 2026-05-30T01:54:03.265742500Z [INFO] NetModule Configuration loaded from disk
00004517 2026-05-30T01:54:03.285742500Z [WARNING] NetModule Slow response from upstream service
00004518 2026-05-30T01:54:03.371742500Z [INFO] NetModule Request processed in 42 ms
00004519 2026-05-30T01:54:03.375742500Z [DEBUG] AuthModule Entering method handleRequest()
00004520 2026-05-30T01:54:03.449742500Z [INFO] NetModule Request processed in 42 ms
00004521 2026-05-30T01:54:03.491742500Z [DEBUG] DbModule Garbage collection triggered
00004522 2026-05-30T01:54:03.484742500Z [INFO] CacheModule Request processed in 42 ms
00004523 2026-05-30T01:54:03.592742500Z [CRITICAL] CoreModule Unrecoverable error in main loop
00004524 2026-05-30T01:54:03.619742500Z [DEBUG] AuthModule Garbage collection triggered
00004525 2026-05-30T01:54:03.593742500Z [ERROR] UiModule File not found: config.yaml
00004526 2026-05-30T01:54:03.707742500Z [WARNING] ApiModule Retry attempt 2 of 3
00004527 2026-05-30T01:54:03.670742500Z [INFO] ApiModule Request processed in 42 ms
00004528 2026-05-30T01:54:03.760742500Z [INFO] CacheModule Configuration loaded from disk
00004529 2026-05-30T01:54:03.760742500Z [DEBUG] UiModule Trace: stack depth = 1488
00004530 2026-05-30T01:54:03.808742500Z [DEBUG] UiModule Entering method handleRequest()
00004531 2026-05-30T01:54:03.826742500Z [DEBUG] CacheModule Entering method handleRequest()
00004532 2026-05-30T01:54:03.908742500Z [INFO] CoreModule User logged in successfully
00004533 2026-05-30T01:54:03.948742500Z [INFO] CacheModule Cache hit ratio: 0.85
00004534 2026-05-30T01:54:03.928742500Z [INFO] UiModule Connection established to upstream
00004535 2026-05-30T01:54:03.975742500Z [DEBUG] AuthModule Variable x = 67
00004536 2026-05-30T01:54:04.042742500Z [WARNING] ApiModule High memory usage detected (85%)
00004537 2026-05-30T01:54:04.122742500Z [DEBUG] ApiModule Variable x = 67
00004538 2026-05-30T01:54:04.147742500Z [DEBUG] CoreModule Garbage collection triggered
00004539 2026-05-30T01:54:04.116742500Z [DEBUG] AuthModule Entering method handleRequest()
00004540 2026-05-30T01:54:04.138742500Z [ERROR] ApiModule File not found: config.yaml
00004541 2026-05-30T01:54:04.225742500Z [INFO] NetModule Configuration loaded from disk
00004542 2026-05-30T01:54:04.230742500Z [WARNING] DbModule Deprecated API endpoint used
00004543 2026-05-30T01:54:04.320742500Z [INFO] AuthModule User logged in successfully
00004544 2026-05-30T01:54:04.369742500Z [INFO] UiModule Connection established to upstream
00004545 2026-05-30T01:54:04.328742500Z [INFO] CacheModule User logged in successfully
00004546 2026-05-30T01:54:04.433742500Z [DEBUG] DbModule Garbage collection triggered
00004547 2026-05-30T01:54:04.480742500Z [DEBUG] NetModule Garbage collection triggered
00004548 2026-05-30T01:54:04.468742500Z [DEBUG] CacheModule Entering method handleRequest()
00004549 2026-05-30T01:54:04.529742500Z [DEBUG] AuthModule Lock acquired on resource pool
00004550 2026-05-30T01:54:04.577742500Z [INFO] CoreModule User logged in successfully
00004551 2026-05-30T01:54:04.592742500Z [DEBUG] NetModule Garbage collection triggered
00004552 2026-05-30T01:54:04.666742500Z [INFO] ApiModule Background task started
00004553 2026-05-30T01:54:04.626742500Z [INFO] UiModule Background task started
00004554 2026-05-30T01:54:04.714742500Z [DEBUG] ApiModule Lock acquired on resource pool
00004555 2026-05-30T01:54:04.766742500Z [DEBUG] ApiModule Garbage collection triggered
00004556 2026-05-30T01:54:04.745742500Z [INFO] CacheModule User logged in successfully
00004557 2026-05-30T01:54:04.767742500Z [WARNING] CacheModule Deprecated API endpoint used
00004558 2026-05-30T01:54:04.861742500Z [DEBUG] NetModule Entering method handleRequest()
00004559 2026-05-30T01:54:04.884742500Z [INFO] ApiModule Background task started
00004560 2026-05-30T01:54:04.885742500Z [DEBUG] ApiModule Lock acquired on resource pool
00004561 2026-05-30T01:54:05.005742500Z [INFO] NetModule Request processed in 42 ms
00004562 2026-05-30T01:54:04.965742500Z [INFO] ApiModule Connection established to upstream
00004563 2026-05-30T01:54:05.033742500Z [DEBUG] CacheModule Entering method handleRequest()
00004564 2026-05-30T01:54:05.091742500Z [DEBUG] AuthModule Garbage collection triggered
00004565 2026-05-30T01:54:05.127742500Z [INFO] UiModule Cache hit ratio: 0.85
00004566 2026-05-30T01:54:05.137742500Z [INFO] CacheModule Background task started
00004567 2026-05-30T01:54:05.183742500Z [DEBUG] NetModule Variable x = 67
00004568 2026-05-30T01:54:05.178742500Z [DEBUG] CacheModule Lock acquired on resource pool
00004569 2026-05-30T01:54:05.268742500Z [DEBUG] CoreModule Lock acquired on resource pool
00004570 2026-05-30T01:54:05.296742500Z [WARNING] ApiModule Deprecated API endpoint used
00004571 2026-05-30T01:54:05.345742500Z [DEBUG] NetModule Lock acquired on resource pool
00004572 2026-05-30T01:54:05.324742500Z [INFO] NetModule Background task started
00004573 2026-05-30T01:54:05.434742500Z [DEBUG] ApiModule Lock acquired on resource pool
00004574 2026-05-30T01:54:05.431742500Z [DEBUG] UiModule Variable x = 67
00004575 2026-05-30T01:54:05.510742500Z [INFO] ApiModule Cache hit ratio: 0.85
00004576 2026-05-30T01:54:05.501742500Z [INFO] DbModule Request processed in 42 ms
00004577 2026-05-30T01:54:05.555742500Z [INFO] DbModule Background task started
00004578 2026-05-30T01:54:05.577742500Z [ERROR] ApiModule Authorization rejected for user
00004579 2026-05-30T01:54:05.615742500Z [DEBUG] CoreModule Trace: stack depth = 1488
00004580 2026-05-30T01:54:05.630742500Z [INFO] NetModule Cache hit ratio: 0.85
00004581 2026-05-30T01:54:05.683742500Z [DEBUG] DbModule Lock acquired on resource pool
00004582 2026-05-30T01:54:05.777742500Z [WARNING] ApiModule High memory usage detected (85%)
00004583 2026-05-30T01:54:05.824742500Z [DEBUG] AuthModule Trace: stack depth = 1488
00004584 2026-05-30T01:54:05.846742500Z [DEBUG] AuthModule Garbage collection triggered
00004585 2026-05-30T01:54:05.879742500Z [DEBUG] UiModule Lock acquired on resource pool
00004586 2026-05-30T01:54:05.878742500Z [DEBUG] AuthModule Variable x = 67
00004587 2026-05-30T01:54:05.942742500Z [INFO] UiModule User logged in successfully
00004588 2026-05-30T01:54:05.975742500Z [ERROR] AuthModule Connection timeout to database
00004589 2026-05-30T01:54:06.027742500Z [INFO] DbModule User logged in successfully
00004590 2026-05-30T01:54:06.029742500Z [WARNING] CacheModule High memory usage detected (85%)
00004591 2026-05-30T01:54:06.057742500Z [INFO] CacheModule Request processed in 42 ms
00004592 2026-05-30T01:54:06.152742500Z [INFO] DbModule Request processed in 42 ms
00004593 2026-05-30T01:54:06.188742500Z [DEBUG] NetModule Lock acquired on resource pool
00004594 2026-05-30T01:54:06.177742500Z [ERROR] NetModule File not found: config.yaml
00004595 2026-05-30T01:54:06.223742500Z [INFO] DbModule Background task started
00004596 2026-05-30T01:54:06.272742500Z [DEBUG] CacheModule Variable x = 67
00004597 2026-05-30T01:54:06.329742500Z [INFO] CoreModule Background task started
00004598 2026-05-30T01:54:06.297742500Z [INFO] DbModule Connection established to upstream
00004599 2026-05-30T01:54:06.410742500Z [DEBUG] DbModule Lock acquired on resource pool
00004600 2026-05-30T01:54:06.365742500Z [DEBUG] AuthModule Entering method handleRequest()
00004601 2026-05-30T01:54:06.432742500Z [DEBUG] CacheModule Trace: stack depth = 1488
00004602 2026-05-30T01:54:06.467742500Z [INFO] CacheModule User logged in successfully
00004603 2026-05-30T01:54:06.501742500Z [DEBUG] ApiModule Garbage collection triggered
00004604 2026-05-30T01:54:06.533742500Z [DEBUG] CacheModule Entering method handleRequest()
00004605 2026-05-30T01:54:06.617742500Z [WARNING] AuthModule Deprecated API endpoint used
00004606 2026-05-30T01:54:06.662742500Z [INFO] ApiModule Connection established to upstream
00004607 2026-05-30T01:54:06.698742500Z [WARNING] UiModule Retry attempt 2 of 3
00004608 2026-05-30T01:54:06.655742500Z [INFO] AuthModule Request processed in 42 ms
00004609 2026-05-30T01:54:06.753742500Z [INFO] NetModule Cache hit ratio: 0.85
00004610 2026-05-30T01:54:06.748742500Z [DEBUG] NetModule Variable x = 67
00004611 2026-05-30T01:54:06.824742500Z [INFO] DbModule Connection established to upstream
00004612 2026-05-30T01:54:06.866742500Z [ERROR] DbModule Connection timeout to database
00004613 2026-05-30T01:54:06.912742500Z [INFO] DbModule Cache hit ratio: 0.85
00004614 2026-05-30T01:54:06.920742500Z [INFO] DbModule Configuration loaded from disk
00004615 2026-05-30T01:54:06.997742500Z [INFO] UiModule Background task started
00004616 2026-05-30T01:54:07.040742500Z [DEBUG] ApiModule Lock acquired on resource pool
00004617 2026-05-30T01:54:07.071742500Z [INFO] AuthModule Connection established to upstream
00004618 2026-05-30T01:54:07.104742500Z [INFO] CacheModule Background task started
00004619 2026-05-30T01:54:07.069742500Z [DEBUG] DbModule Trace: stack depth = 1488
00004620 2026-05-30T01:54:07.123742500Z [INFO] ApiModule Cache hit ratio: 0.85
00004621 2026-05-30T01:54:07.149742500Z [DEBUG] AuthModule Lock acquired on resource pool
00004622 2026-05-30T01:54:07.235742500Z [INFO] ApiModule Connection established to upstream
00004623 2026-05-30T01:54:07.268742500Z [ERROR] CoreModule File not found: config.yaml
00004624 2026-05-30T01:54:07.270742500Z [INFO] AuthModule Configuration loaded from disk
00004625 2026-05-30T01:54:07.373742500Z [DEBUG] CacheModule Variable x = 67
00004626 2026-05-30T01:54:07.331742500Z [INFO] DbModule Configuration loaded from disk
00004627 2026-05-30T01:54:07.439742500Z [DEBUG] UiModule Entering method handleRequest()
00004628 2026-05-30T01:54:07.436742500Z [ERROR] NetModule Authorization rejected for user
00004629 2026-05-30T01:54:07.429742500Z [INFO] AuthModule Configuration loaded from disk
00004630 2026-05-30T01:54:07.547742500Z [INFO] ApiModule Connection established to upstream
00004631 2026-05-30T01:54:07.587742500Z [DEBUG] UiModule Entering method handleRequest()
00004632 2026-05-30T01:54:07.614742500Z [WARNING] DbModule Retry attempt 2 of 3
00004633 2026-05-30T01:54:07.611742500Z [ERROR] CoreModule Connection timeout to database
00004634 2026-05-30T01:54:07.633742500Z [INFO] DbModule Cache hit ratio: 0.85
00004635 2026-05-30T01:54:07.707742500Z [INFO] DbModule User logged in successfully
00004636 2026-05-30T01:54:07.704742500Z [INFO] NetModule Cache hit ratio: 0.85
00004637 2026-05-30T01:54:07.759742500Z [INFO] DbModule Request processed in 42 ms
00004638 2026-05-30T01:54:07.776742500Z [INFO] DbModule User logged in successfully
00004639 2026-05-30T01:54:07.797742500Z [INFO] ApiModule Configuration loaded from disk
00004640 2026-05-30T01:54:07.916742500Z [DEBUG] CacheModule Variable x = 67
00004641 2026-05-30T01:54:07.966742500Z [WARNING] DbModule Deprecated API endpoint used
00004642 2026-05-30T01:54:07.926742500Z [CRITICAL] NetModule Unrecoverable error in main loop
00004643 2026-05-30T01:54:07.972742500Z [INFO] NetModule Cache hit ratio: 0.85
00004644 2026-05-30T01:54:08.021742500Z [INFO] CoreModule Background task started
00004645 2026-05-30T01:54:08.023742500Z [ERROR] ApiModule File not found: config.yaml
00004646 2026-05-30T01:54:08.077742500Z [DEBUG] ApiModule Trace: stack depth = 1488
00004647 2026-05-30T01:54:08.178742500Z [WARNING] UiModule High memory usage detected (85%)
00004648 2026-05-30T01:54:08.180742500Z [INFO] CoreModule Request processed in 42 ms
00004649 2026-05-30T01:54:08.257742500Z [INFO] CoreModule Configuration loaded from disk
00004650 2026-05-30T01:54:08.277742500Z [ERROR] CacheModule Connection timeout to database
00004651 2026-05-30T01:54:08.254742500Z [DEBUG] AuthModule Variable x = 67
00004652 2026-05-30T01:54:08.293742500Z [WARNING] NetModule Slow response from upstream service
00004653 2026-05-30T01:54:08.398742500Z [DEBUG] AuthModule Garbage collection triggered
00004654 2026-05-30T01:54:08.448742500Z [INFO] DbModule Cache hit ratio: 0.85
00004655 2026-05-30T01:54:08.486742500Z [INFO] UiModule User logged in successfully
00004656 2026-05-30T01:54:08.458742500Z [INFO] DbModule Request processed in 42 ms
00004657 2026-05-30T01:54:08.541742500Z [INFO] DbModule Configuration loaded from disk
00004658 2026-05-30T01:54:08.568742500Z [INFO] CacheModule Background task started
00004659 2026-05-30T01:54:08.566742500Z [DEBUG] DbModule Trace: stack depth = 1488
00004660 2026-05-30T01:54:08.670742500Z [WARNING] DbModule Deprecated API endpoint used
00004661 2026-05-30T01:54:08.643742500Z [WARNING] UiModule Deprecated API endpoint used
00004662 2026-05-30T01:54:08.740742500Z [DEBUG] UiModule Lock acquired on resource pool
00004663 2026-05-30T01:54:08.742742500Z [WARNING] CacheModule Slow response from upstream service
00004664 2026-05-30T01:54:08.790742500Z [ERROR] CoreModule File not found: config.yaml
00004665 2026-05-30T01:54:08.821742500Z [ERROR] CoreModule Null pointer in handler
00004666 2026-05-30T01:54:08.857742500Z [INFO] AuthModule Request processed in 42 ms
00004667 2026-05-30T01:54:08.911742500Z [INFO] UiModule Connection established to upstream
00004668 2026-05-30T01:54:08.894742500Z [ERROR] CoreModule Failed to parse JSON payload
00004669 2026-05-30T01:54:08.979742500Z [INFO] NetModule Request processed in 42 ms
00004670 2026-05-30T01:54:08.960742500Z [INFO] ApiModule Request processed in 42 ms
00004671 2026-05-30T01:54:09.066742500Z [DEBUG] CacheModule Trace: stack depth = 1488
00004672 2026-05-30T01:54:09.052742500Z [DEBUG] UiModule Lock acquired on resource pool
00004673 2026-05-30T01:54:09.097742500Z [INFO] CoreModule Configuration loaded from disk
00004674 2026-05-30T01:54:09.190742500Z [DEBUG] AuthModule Lock acquired on resource pool
00004675 2026-05-30T01:54:09.218742500Z [DEBUG] AuthModule Lock acquired on resource pool
00004676 2026-05-30T01:54:09.262742500Z [ERROR] NetModule File not found: config.yaml
00004677 2026-05-30T01:54:09.209742500Z [INFO] ApiModule Background task started
00004678 2026-05-30T01:54:09.285742500Z [INFO] ApiModule Configuration loaded from disk
00004679 2026-05-30T01:54:09.297742500Z [DEBUG] AuthModule Entering method handleRequest()
00004680 2026-05-30T01:54:09.376742500Z [DEBUG] CacheModule Trace: stack depth = 1488
00004681 2026-05-30T01:54:09.410742500Z [INFO] NetModule Cache hit ratio: 0.85
00004682 2026-05-30T01:54:09.425742500Z [WARNING] AuthModule Retry attempt 2 of 3
00004683 2026-05-30T01:54:09.490742500Z [INFO] CoreModule Request processed in 42 ms
00004684 2026-05-30T01:54:09.530742500Z [DEBUG] DbModule Lock acquired on resource pool
00004685 2026-05-30T01:54:09.566742500Z [INFO] CacheModule Cache hit ratio: 0.85
00004686 2026-05-30T01:54:09.579742500Z [DEBUG] AuthModule Garbage collection triggered
00004687 2026-05-30T01:54:09.599742500Z [DEBUG] CacheModule Trace: stack depth = 1488
00004688 2026-05-30T01:54:09.649742500Z [WARNING] ApiModule High memory usage detected (85%)
00004689 2026-05-30T01:54:09.699742500Z [INFO] AuthModule Cache hit ratio: 0.85
00004690 2026-05-30T01:54:09.775742500Z [INFO] DbModule User logged in successfully
00004691 2026-05-30T01:54:09.751742500Z [DEBUG] DbModule Entering method handleRequest()
00004692 2026-05-30T01:54:09.762742500Z [INFO] CacheModule Connection established to upstream
00004693 2026-05-30T01:54:09.801742500Z [DEBUG] CoreModule Lock acquired on resource pool
00004694 2026-05-30T01:54:09.895742500Z [WARNING] AuthModule High memory usage detected (85%)
00004695 2026-05-30T01:54:09.937742500Z [WARNING] CoreModule High memory usage detected (85%)
00004696 2026-05-30T01:54:10.001742500Z [INFO] AuthModule Configuration loaded from disk
00004697 2026-05-30T01:54:09.981742500Z [DEBUG] CoreModule Entering method handleRequest()
00004698 2026-05-30T01:54:10.056742500Z [DEBUG] DbModule Entering method handleRequest()
00004699 2026-05-30T01:54:10.110742500Z [ERROR] NetModule Connection timeout to database
00004700 2026-05-30T01:54:10.114742500Z [ERROR] CoreModule File not found: config.yaml
00004701 2026-05-30T01:54:10.150742500Z [INFO] AuthModule Cache hit ratio: 0.85
00004702 2026-05-30T01:54:10.191742500Z [INFO] CacheModule Background task started
00004703 2026-05-30T01:54:10.202742500Z [INFO] UiModule Connection established to upstream
00004704 2026-05-30T01:54:10.270742500Z [INFO] UiModule User logged in successfully
00004705 2026-05-30T01:54:10.307742500Z [INFO] DbModule Cache hit ratio: 0.85
00004706 2026-05-30T01:54:10.356742500Z [INFO] NetModule Request processed in 42 ms
00004707 2026-05-30T01:54:10.402742500Z [INFO] CacheModule Connection established to upstream
00004708 2026-05-30T01:54:10.378742500Z [DEBUG] UiModule Garbage collection triggered
00004709 2026-05-30T01:54:10.450742500Z [WARNING] DbModule Slow response from upstream service
00004710 2026-05-30T01:54:10.443742500Z [INFO] NetModule Connection established to upstream
00004711 2026-05-30T01:54:10.510742500Z [CRITICAL] AuthModule Kernel panic in subsystem
00004712 2026-05-30T01:54:10.549742500Z [INFO] ApiModule Background task started
00004713 2026-05-30T01:54:10.541742500Z [INFO] AuthModule Background task started
00004714 2026-05-30T01:54:10.619742500Z [DEBUG] CoreModule Garbage collection triggered
00004715 2026-05-30T01:54:10.624742500Z [ERROR] CoreModule File not found: config.yaml
00004716 2026-05-30T01:54:10.654742500Z [WARNING] AuthModule High memory usage detected (85%)
00004717 2026-05-30T01:54:10.724742500Z [DEBUG] NetModule Garbage collection triggered
00004718 2026-05-30T01:54:10.773742500Z [INFO] CoreModule Connection established to upstream
00004719 2026-05-30T01:54:10.834742500Z [DEBUG] UiModule Garbage collection triggered
00004720 2026-05-30T01:54:10.831742500Z [INFO] CacheModule Configuration loaded from disk
00004721 2026-05-30T01:54:10.912742500Z [DEBUG] DbModule Variable x = 67
00004722 2026-05-30T01:54:10.929742500Z [DEBUG] NetModule Garbage collection triggered
00004723 2026-05-30T01:54:10.927742500Z [INFO] AuthModule Cache hit ratio: 0.85
00004724 2026-05-30T01:54:10.990742500Z [INFO] AuthModule Connection established to upstream
00004725 2026-05-30T01:54:11.056742500Z [WARNING] NetModule Slow response from upstream service
00004726 2026-05-30T01:54:11.040742500Z [INFO] ApiModule Background task started
00004727 2026-05-30T01:54:11.065742500Z [DEBUG] DbModule Lock acquired on resource pool
00004728 2026-05-30T01:54:11.150742500Z [INFO] NetModule User logged in successfully
00004729 2026-05-30T01:54:11.183742500Z [DEBUG] DbModule Garbage collection triggered
00004730 2026-05-30T01:54:11.182742500Z [DEBUG] NetModule Lock acquired on resource pool
00004731 2026-05-30T01:54:11.203742500Z [WARNING] CacheModule High memory usage detected (85%)
00004732 2026-05-30T01:54:11.285742500Z [ERROR] NetModule Authorization rejected for user
00004733 2026-05-30T01:54:11.367742500Z [INFO] AuthModule Connection established to upstream
00004734 2026-05-30T01:54:11.380742500Z [DEBUG] CacheModule Entering method handleRequest()
00004735 2026-05-30T01:54:11.440742500Z [INFO] UiModule User logged in successfully
00004736 2026-05-30T01:54:11.399742500Z [WARNING] DbModule Slow response from upstream service
00004737 2026-05-30T01:54:11.451742500Z [DEBUG] ApiModule Trace: stack depth = 1488
00004738 2026-05-30T01:54:11.485742500Z [DEBUG] DbModule Garbage collection triggered
00004739 2026-05-30T01:54:11.505742500Z [DEBUG] ApiModule Garbage collection triggered
00004740 2026-05-30T01:54:11.621742500Z [INFO] UiModule Configuration loaded from disk
00004741 2026-05-30T01:54:11.597742500Z [ERROR] CoreModule File not found: config.yaml
00004742 2026-05-30T01:54:11.660742500Z [INFO] CoreModule Background task started
00004743 2026-05-30T01:54:11.686742500Z [ERROR] AuthModule Null pointer in handler
00004744 2026-05-30T01:54:11.742742500Z [DEBUG] NetModule Lock acquired on resource pool
00004745 2026-05-30T01:54:11.815742500Z [WARNING] CoreModule Slow response from upstream service
00004746 2026-05-30T01:54:11.816742500Z [WARNING] UiModule Slow response from upstream service
00004747 2026-05-30T01:54:11.876742500Z [DEBUG] AuthModule Lock acquired on resource pool
00004748 2026-05-30T01:54:11.912742500Z [INFO] AuthModule Cache hit ratio: 0.85
00004749 2026-05-30T01:54:11.952742500Z [WARNING] UiModule Slow response from upstream service
00004750 2026-05-30T01:54:11.954742500Z [INFO] ApiModule Background task started
00004751 2026-05-30T01:54:12.019742500Z [DEBUG] CoreModule Garbage collection triggered
00004752 2026-05-30T01:54:11.990742500Z [INFO] CacheModule Request processed in 42 ms
00004753 2026-05-30T01:54:12.015742500Z [INFO] CacheModule Background task started
00004754 2026-05-30T01:54:12.097742500Z [INFO] CoreModule Cache hit ratio: 0.85
00004755 2026-05-30T01:54:12.177742500Z [DEBUG] AuthModule Entering method handleRequest()
00004756 2026-05-30T01:54:12.215742500Z [INFO] CoreModule Cache hit ratio: 0.85
00004757 2026-05-30T01:54:12.219742500Z [INFO] CoreModule Background task started
00004758 2026-05-30T01:54:12.208742500Z [DEBUG] CacheModule Variable x = 67
00004759 2026-05-30T01:54:12.288742500Z [INFO] ApiModule User logged in successfully
00004760 2026-05-30T01:54:12.325742500Z [INFO] AuthModule User logged in successfully
00004761 2026-05-30T01:54:12.408742500Z [DEBUG] ApiModule Entering method handleRequest()
00004762 2026-05-30T01:54:12.373742500Z [INFO] NetModule Connection established to upstream
00004763 2026-05-30T01:54:12.435742500Z [DEBUG] AuthModule Garbage collection triggered
00004764 2026-05-30T01:54:12.470742500Z [DEBUG] AuthModule Entering method handleRequest()
00004765 2026-05-30T01:54:12.515742500Z [WARNING] AuthModule Retry attempt 2 of 3
00004766 2026-05-30T01:54:12.567742500Z [WARNING] ApiModule Deprecated API endpoint used
00004767 2026-05-30T01:54:12.588742500Z [INFO] CacheModule Request processed in 42 ms
00004768 2026-05-30T01:54:12.646742500Z [DEBUG] UiModule Entering method handleRequest()
00004769 2026-05-30T01:54:12.690742500Z [WARNING] AuthModule Slow response from upstream service
00004770 2026-05-30T01:54:12.673742500Z [DEBUG] ApiModule Garbage collection triggered
00004771 2026-05-30T01:54:12.723742500Z [DEBUG] DbModule Lock acquired on resource pool
00004772 2026-05-30T01:54:12.757742500Z [DEBUG] ApiModule Variable x = 67
00004773 2026-05-30T01:54:12.782742500Z [DEBUG] NetModule Entering method handleRequest()
00004774 2026-05-30T01:54:12.840742500Z [INFO] CacheModule Connection established to upstream
00004775 2026-05-30T01:54:12.860742500Z [DEBUG] CoreModule Garbage collection triggered
00004776 2026-05-30T01:54:12.952742500Z [INFO] CoreModule Connection established to upstream
00004777 2026-05-30T01:54:12.967742500Z [DEBUG] CacheModule Variable x = 67
00004778 2026-05-30T01:54:13.011742500Z [DEBUG] DbModule Variable x = 67
00004779 2026-05-30T01:54:13.060742500Z [DEBUG] AuthModule Garbage collection triggered
00004780 2026-05-30T01:54:13.028742500Z [INFO] CoreModule Connection established to upstream
00004781 2026-05-30T01:54:13.067742500Z [DEBUG] UiModule Lock acquired on resource pool
00004782 2026-05-30T01:54:13.125742500Z [INFO] ApiModule User logged in successfully
00004783 2026-05-30T01:54:13.171742500Z [INFO] DbModule User logged in successfully
00004784 2026-05-30T01:54:13.261742500Z [INFO] DbModule Configuration loaded from disk
00004785 2026-05-30T01:54:13.237742500Z [DEBUG] ApiModule Trace: stack depth = 1488
00004786 2026-05-30T01:54:13.272742500Z [WARNING] AuthModule High memory usage detected (85%)
00004787 2026-05-30T01:54:13.362742500Z [INFO] UiModule Request processed in 42 ms
00004788 2026-05-30T01:54:13.339742500Z [DEBUG] AuthModule Variable x = 67
00004789 2026-05-30T01:54:13.367742500Z [DEBUG] CacheModule Variable x = 67
00004790 2026-05-30T01:54:13.483742500Z [DEBUG] CoreModule Entering method handleRequest()
00004791 2026-05-30T01:54:13.446742500Z [INFO] NetModule Configuration loaded from disk
00004792 2026-05-30T01:54:13.499742500Z [DEBUG] UiModule Entering method handleRequest()
00004793 2026-05-30T01:54:13.496742500Z [WARNING] CacheModule High memory usage detected (85%)
00004794 2026-05-30T01:54:13.548742500Z [WARNING] DbModule Slow response from upstream service
00004795 2026-05-30T01:54:13.598742500Z [WARNING] UiModule High memory usage detected (85%)
00004796 2026-05-30T01:54:13.630742500Z [ERROR] AuthModule Failed to parse JSON payload
00004797 2026-05-30T01:54:13.697742500Z [WARNING] ApiModule Deprecated API endpoint used
00004798 2026-05-30T01:54:13.718742500Z [WARNING] UiModule Deprecated API endpoint used
00004799 2026-05-30T01:54:13.744742500Z [INFO] UiModule User logged in successfully
00004800 2026-05-30T01:54:13.783742500Z [ERROR] DbModule File not found: config.yaml
00004801 2026-05-30T01:54:13.863742500Z [INFO] UiModule Request processed in 42 ms
00004802 2026-05-30T01:54:13.839742500Z [INFO] CoreModule Connection established to upstream
00004803 2026-05-30T01:54:13.931742500Z [WARNING] UiModule Slow response from upstream service
00004804 2026-05-30T01:54:13.905742500Z [WARNING] CoreModule Deprecated API endpoint used
00004805 2026-05-30T01:54:13.998742500Z [INFO] ApiModule Cache hit ratio: 0.85
00004806 2026-05-30T01:54:14.041742500Z [INFO] CacheModule Cache hit ratio: 0.85
00004807 2026-05-30T01:54:14.061742500Z [WARNING] CacheModule Deprecated API endpoint used
00004808 2026-05-30T01:54:14.085742500Z [DEBUG] NetModule Lock acquired on resource pool
00004809 2026-05-30T01:54:14.138742500Z [INFO] NetModule User logged in successfully
00004810 2026-05-30T01:54:14.220742500Z [INFO] UiModule Connection established to upstream
00004811 2026-05-30T01:54:14.253742500Z [INFO] UiModule Connection established to upstream
00004812 2026-05-30T01:54:14.235742500Z [DEBUG] CacheModule Variable x = 67
00004813 2026-05-30T01:54:14.321742500Z [WARNING] NetModule Retry attempt 2 of 3
00004814 2026-05-30T01:54:14.358742500Z [INFO] CoreModule Cache hit ratio: 0.85
00004815 2026-05-30T01:54:14.398742500Z [DEBUG] CacheModule Trace: stack depth = 1488
00004816 2026-05-30T01:54:14.417742500Z [WARNING] NetModule High memory usage detected (85%)
00004817 2026-05-30T01:54:14.422742500Z [DEBUG] DbModule Lock acquired on resource pool
00004818 2026-05-30T01:54:14.481742500Z [DEBUG] NetModule Variable x = 67
00004819 2026-05-30T01:54:14.537742500Z [INFO] NetModule Configuration loaded from disk
00004820 2026-05-30T01:54:14.538742500Z [WARNING] ApiModule Slow response from upstream service
00004821 2026-05-30T01:54:14.622742500Z [CRITICAL] AuthModule Disk full, cannot continue
00004822 2026-05-30T01:54:14.592742500Z [DEBUG] NetModule Lock acquired on resource pool
00004823 2026-05-30T01:54:14.638742500Z [DEBUG] CoreModule Variable x = 67
00004824 2026-05-30T01:54:14.719742500Z [INFO] NetModule Request processed in 42 ms
00004825 2026-05-30T01:54:14.722742500Z [INFO] DbModule Configuration loaded from disk
00004826 2026-05-30T01:54:14.753742500Z [DEBUG] CacheModule Lock acquired on resource pool
00004827 2026-05-30T01:54:14.759742500Z [CRITICAL] ApiModule Disk full, cannot continue
00004828 2026-05-30T01:54:14.868742500Z [INFO] ApiModule Configuration loaded from disk
00004829 2026-05-30T01:54:14.846742500Z [INFO] CoreModule Configuration loaded from disk
00004830 2026-05-30T01:54:14.910742500Z [DEBUG] AuthModule Entering method handleRequest()
00004831 2026-05-30T01:54:14.957742500Z [WARNING] AuthModule Retry attempt 2 of 3
00004832 2026-05-30T01:54:14.951742500Z [INFO] UiModule Cache hit ratio: 0.85
00004833 2026-05-30T01:54:15.058742500Z [INFO] DbModule Request processed in 42 ms
00004834 2026-05-30T01:54:15.031742500Z [INFO] NetModule Connection established to upstream
00004835 2026-05-30T01:54:15.065742500Z [INFO] CoreModule Configuration loaded from disk
00004836 2026-05-30T01:54:15.135742500Z [DEBUG] AuthModule Entering method handleRequest()
00004837 2026-05-30T01:54:15.208742500Z [DEBUG] NetModule Lock acquired on resource pool
00004838 2026-05-30T01:54:15.210742500Z [DEBUG] DbModule Entering method handleRequest()
00004839 2026-05-30T01:54:15.280742500Z [INFO] NetModule Background task started
00004840 2026-05-30T01:54:15.297742500Z [DEBUG] ApiModule Garbage collection triggered
00004841 2026-05-30T01:54:15.327742500Z [DEBUG] UiModule Variable x = 67
00004842 2026-05-30T01:54:15.340742500Z [INFO] CoreModule Background task started
00004843 2026-05-30T01:54:15.421742500Z [INFO] NetModule Connection established to upstream
00004844 2026-05-30T01:54:15.437742500Z [DEBUG] ApiModule Entering method handleRequest()
00004845 2026-05-30T01:54:15.497742500Z [ERROR] DbModule Failed to parse JSON payload
00004846 2026-05-30T01:54:15.494742500Z [INFO] CacheModule Connection established to upstream
00004847 2026-05-30T01:54:15.523742500Z [ERROR] CoreModule File not found: config.yaml
00004848 2026-05-30T01:54:15.625742500Z [WARNING] AuthModule Deprecated API endpoint used
00004849 2026-05-30T01:54:15.645742500Z [INFO] UiModule Request processed in 42 ms
00004850 2026-05-30T01:54:15.665742500Z [INFO] CacheModule User logged in successfully
00004851 2026-05-30T01:54:15.719742500Z [ERROR] AuthModule Failed to parse JSON payload
00004852 2026-05-30T01:54:15.763742500Z [ERROR] NetModule Connection timeout to database
00004853 2026-05-30T01:54:15.812742500Z [INFO] DbModule Configuration loaded from disk
00004854 2026-05-30T01:54:15.851742500Z [DEBUG] NetModule Garbage collection triggered
00004855 2026-05-30T01:54:15.833742500Z [DEBUG] ApiModule Garbage collection triggered
00004856 2026-05-30T01:54:15.910742500Z [INFO] AuthModule Configuration loaded from disk
00004857 2026-05-30T01:54:15.906742500Z [INFO] UiModule Background task started
00004858 2026-05-30T01:54:15.952742500Z [WARNING] AuthModule High memory usage detected (85%)
00004859 2026-05-30T01:54:16.030742500Z [WARNING] ApiModule High memory usage detected (85%)
00004860 2026-05-30T01:54:16.017742500Z [DEBUG] AuthModule Variable x = 67
00004861 2026-05-30T01:54:16.054742500Z [DEBUG] NetModule Trace: stack depth = 1488
00004862 2026-05-30T01:54:16.093742500Z [INFO] CoreModule Background task started
00004863 2026-05-30T01:54:16.162742500Z [DEBUG] AuthModule Variable x = 67
00004864 2026-05-30T01:54:16.146742500Z [ERROR] ApiModule Authorization rejected for user
00004865 2026-05-30T01:54:16.184742500Z [INFO] UiModule Background task started
00004866 2026-05-30T01:54:16.270742500Z [INFO] NetModule Connection established to upstream
00004867 2026-05-30T01:54:16.286742500Z [INFO] ApiModule Request processed in 42 ms
00004868 2026-05-30T01:54:16.315742500Z [DEBUG] CoreModule Lock acquired on resource pool
00004869 2026-05-30T01:54:16.329742500Z [INFO] ApiModule User logged in successfully
00004870 2026-05-30T01:54:16.436742500Z [WARNING] AuthModule Retry attempt 2 of 3
00004871 2026-05-30T01:54:16.398742500Z [DEBUG] DbModule Entering method handleRequest()
00004872 2026-05-30T01:54:16.435742500Z [ERROR] NetModule Connection timeout to database
00004873 2026-05-30T01:54:16.523742500Z [INFO] CoreModule Background task started
00004874 2026-05-30T01:54:16.583742500Z [INFO] CacheModule Cache hit ratio: 0.85
00004875 2026-05-30T01:54:16.532742500Z [INFO] AuthModule User logged in successfully
00004876 2026-05-30T01:54:16.589742500Z [INFO] NetModule Connection established to upstream
00004877 2026-05-30T01:54:16.660742500Z [DEBUG] UiModule Variable x = 67
00004878 2026-05-30T01:54:16.736742500Z [ERROR] DbModule Connection timeout to database
00004879 2026-05-30T01:54:16.718742500Z [DEBUG] UiModule Garbage collection triggered
00004880 2026-05-30T01:54:16.727742500Z [WARNING] CoreModule Retry attempt 2 of 3
00004881 2026-05-30T01:54:16.786742500Z [DEBUG] AuthModule Lock acquired on resource pool
00004882 2026-05-30T01:54:16.791742500Z [ERROR] ApiModule Null pointer in handler
00004883 2026-05-30T01:54:16.915742500Z [DEBUG] CoreModule Garbage collection triggered
00004884 2026-05-30T01:54:16.883742500Z [ERROR] AuthModule File not found: config.yaml
00004885 2026-05-30T01:54:16.900742500Z [WARNING] ApiModule High memory usage detected (85%)
00004886 2026-05-30T01:54:17.017742500Z [INFO] ApiModule Background task started
00004887 2026-05-30T01:54:16.994742500Z [DEBUG] AuthModule Garbage collection triggered
00004888 2026-05-30T01:54:17.012742500Z [INFO] CoreModule Background task started
00004889 2026-05-30T01:54:17.049742500Z [WARNING] CoreModule Retry attempt 2 of 3
00004890 2026-05-30T01:54:17.130742500Z [DEBUG] ApiModule Variable x = 67
00004891 2026-05-30T01:54:17.196742500Z [INFO] NetModule Cache hit ratio: 0.85
00004892 2026-05-30T01:54:17.244742500Z [INFO] NetModule Cache hit ratio: 0.85
00004893 2026-05-30T01:54:17.279742500Z [DEBUG] NetModule Garbage collection triggered
00004894 2026-05-30T01:54:17.323742500Z [INFO] AuthModule Connection established to upstream
00004895 2026-05-30T01:54:17.288742500Z [DEBUG] CacheModule Trace: stack depth = 1488
00004896 2026-05-30T01:54:17.371742500Z [INFO] NetModule Request processed in 42 ms
00004897 2026-05-30T01:54:17.389742500Z [DEBUG] UiModule Lock acquired on resource pool
00004898 2026-05-30T01:54:17.387742500Z [INFO] NetModule Cache hit ratio: 0.85
00004899 2026-05-30T01:54:17.498742500Z [INFO] NetModule Background task started
00004900 2026-05-30T01:54:17.502742500Z [WARNING] CoreModule Slow response from upstream service
00004901 2026-05-30T01:54:17.589742500Z [INFO] NetModule User logged in successfully
00004902 2026-05-30T01:54:17.590742500Z [ERROR] AuthModule Null pointer in handler
00004903 2026-05-30T01:54:17.595742500Z [INFO] DbModule Cache hit ratio: 0.85
00004904 2026-05-30T01:54:17.696742500Z [ERROR] ApiModule Connection timeout to database
00004905 2026-05-30T01:54:17.673742500Z [WARNING] AuthModule High memory usage detected (85%)
00004906 2026-05-30T01:54:17.676742500Z [DEBUG] ApiModule Lock acquired on resource pool
00004907 2026-05-30T01:54:17.729742500Z [WARNING] NetModule Deprecated API endpoint used
00004908 2026-05-30T01:54:17.803742500Z [INFO] AuthModule Request processed in 42 ms
00004909 2026-05-30T01:54:17.885742500Z [INFO] CoreModule Request processed in 42 ms
00004910 2026-05-30T01:54:17.841742500Z [DEBUG] CacheModule Lock acquired on resource pool
00004911 2026-05-30T01:54:17.956742500Z [ERROR] UiModule Authorization rejected for user
00004912 2026-05-30T01:54:17.995742500Z [CRITICAL] AuthModule Kernel panic in subsystem
00004913 2026-05-30T01:54:17.954742500Z [ERROR] CacheModule Authorization rejected for user
00004914 2026-05-30T01:54:18.036742500Z [DEBUG] UiModule Variable x = 67
00004915 2026-05-30T01:54:18.030742500Z [INFO] DbModule Request processed in 42 ms
00004916 2026-05-30T01:54:18.133742500Z [INFO] CacheModule Cache hit ratio: 0.85
00004917 2026-05-30T01:54:18.103742500Z [INFO] CoreModule User logged in successfully
00004918 2026-05-30T01:54:18.126742500Z [INFO] CacheModule Cache hit ratio: 0.85
00004919 2026-05-30T01:54:18.201742500Z [ERROR] AuthModule Null pointer in handler
00004920 2026-05-30T01:54:18.228742500Z [WARNING] ApiModule Deprecated API endpoint used
00004921 2026-05-30T01:54:18.235742500Z [INFO] CacheModule Configuration loaded from disk
00004922 2026-05-30T01:54:18.282742500Z [DEBUG] UiModule Variable x = 67
00004923 2026-05-30T01:54:18.364742500Z [INFO] AuthModule Background task started
00004924 2026-05-30T01:54:18.390742500Z [INFO] UiModule Background task started
00004925 2026-05-30T01:54:18.384742500Z [ERROR] CoreModule Null pointer in handler
00004926 2026-05-30T01:54:18.511742500Z [INFO] ApiModule User logged in successfully
00004927 2026-05-30T01:54:18.538742500Z [WARNING] DbModule High memory usage detected (85%)
00004928 2026-05-30T01:54:18.578742500Z [INFO] ApiModule Request processed in 42 ms
00004929 2026-05-30T01:54:18.624742500Z [ERROR] AuthModule Null pointer in handler
00004930 2026-05-30T01:54:18.575742500Z [CRITICAL] ApiModule Unrecoverable error in main loop
00004931 2026-05-30T01:54:18.668742500Z [WARNING] ApiModule Slow response from upstream service
00004932 2026-05-30T01:54:18.691742500Z [WARNING] CacheModule Retry attempt 2 of 3
00004933 2026-05-30T01:54:18.755742500Z [DEBUG] AuthModule Entering method handleRequest()
00004934 2026-05-30T01:54:18.769742500Z [INFO] DbModule Connection established to upstream
00004935 2026-05-30T01:54:18.821742500Z [INFO] DbModule Request processed in 42 ms
00004936 2026-05-30T01:54:18.855742500Z [INFO] AuthModule User logged in successfully
00004937 2026-05-30T01:54:18.850742500Z [DEBUG] NetModule Trace: stack depth = 1488
00004938 2026-05-30T01:54:18.904742500Z [INFO] CoreModule User logged in successfully
00004939 2026-05-30T01:54:18.901742500Z [ERROR] NetModule File not found: config.yaml
00004940 2026-05-30T01:54:18.936742500Z [ERROR] AuthModule File not found: config.yaml
00004941 2026-05-30T01:54:18.980742500Z [DEBUG] UiModule Lock acquired on resource pool
00004942 2026-05-30T01:54:19.025742500Z [INFO] UiModule Configuration loaded from disk
00004943 2026-05-30T01:54:19.093742500Z [DEBUG] AuthModule Lock acquired on resource pool
00004944 2026-05-30T01:54:19.122742500Z [WARNING] CoreModule Slow response from upstream service
00004945 2026-05-30T01:54:19.144742500Z [DEBUG] AuthModule Trace: stack depth = 1488
00004946 2026-05-30T01:54:19.183742500Z [INFO] ApiModule Background task started
00004947 2026-05-30T01:54:19.255742500Z [INFO] NetModule Background task started
00004948 2026-05-30T01:54:19.305742500Z [INFO] UiModule User logged in successfully
00004949 2026-05-30T01:54:19.356742500Z [INFO] AuthModule User logged in successfully
00004950 2026-05-30T01:54:19.389742500Z [WARNING] CoreModule High memory usage detected (85%)
00004951 2026-05-30T01:54:19.415742500Z [WARNING] ApiModule High memory usage detected (85%)
00004952 2026-05-30T01:54:19.422742500Z [INFO] AuthModule Connection established to upstream
00004953 2026-05-30T01:54:19.415742500Z [INFO] NetModule Request processed in 42 ms
00004954 2026-05-30T01:54:19.457742500Z [DEBUG] CacheModule Trace: stack depth = 1488
00004955 2026-05-30T01:54:19.559742500Z [INFO] AuthModule User logged in successfully
00004956 2026-05-30T01:54:19.618742500Z [WARNING] CoreModule Deprecated API endpoint used
00004957 2026-05-30T01:54:19.587742500Z [INFO] UiModule Background task started
00004958 2026-05-30T01:54:19.670742500Z [DEBUG] UiModule Entering method handleRequest()
00004959 2026-05-30T01:54:19.649742500Z [DEBUG] UiModule Lock acquired on resource pool
00004960 2026-05-30T01:54:19.716742500Z [INFO] AuthModule Connection established to upstream
00004961 2026-05-30T01:54:19.730742500Z [DEBUG] CoreModule Trace: stack depth = 1488
00004962 2026-05-30T01:54:19.834742500Z [INFO] UiModule Cache hit ratio: 0.85
00004963 2026-05-30T01:54:19.856742500Z [WARNING] NetModule Slow response from upstream service
00004964 2026-05-30T01:54:19.911742500Z [DEBUG] CoreModule Trace: stack depth = 1488
00004965 2026-05-30T01:54:19.903742500Z [WARNING] UiModule Slow response from upstream service
00004966 2026-05-30T01:54:19.900742500Z [INFO] NetModule Request processed in 42 ms
00004967 2026-05-30T01:54:19.935742500Z [INFO] AuthModule Request processed in 42 ms
00004968 2026-05-30T01:54:19.973742500Z [WARNING] NetModule High memory usage detected (85%)
00004969 2026-05-30T01:54:20.073742500Z [INFO] DbModule Cache hit ratio: 0.85
00004970 2026-05-30T01:54:20.058742500Z [DEBUG] DbModule Trace: stack depth = 1488
00004971 2026-05-30T01:54:20.103742500Z [ERROR] AuthModule Connection timeout to database
00004972 2026-05-30T01:54:20.192742500Z [DEBUG] DbModule Garbage collection triggered
00004973 2026-05-30T01:54:20.250742500Z [DEBUG] DbModule Lock acquired on resource pool
00004974 2026-05-30T01:54:20.242742500Z [INFO] DbModule User logged in successfully
00004975 2026-05-30T01:54:20.236742500Z [DEBUG] UiModule Entering method handleRequest()
00004976 2026-05-30T01:54:20.323742500Z [DEBUG] CacheModule Lock acquired on resource pool
00004977 2026-05-30T01:54:20.373742500Z [DEBUG] CoreModule Trace: stack depth = 1488
00004978 2026-05-30T01:54:20.368742500Z [INFO] AuthModule User logged in successfully
00004979 2026-05-30T01:54:20.467742500Z [INFO] NetModule User logged in successfully
00004980 2026-05-30T01:54:20.448742500Z [DEBUG] UiModule Variable x = 67
00004981 2026-05-30T01:54:20.540742500Z [INFO] UiModule Request processed in 42 ms
00004982 2026-05-30T01:54:20.490742500Z [DEBUG] AuthModule Variable x = 67
00004983 2026-05-30T01:54:20.604742500Z [INFO] CoreModule Cache hit ratio: 0.85
00004984 2026-05-30T01:54:20.563742500Z [DEBUG] CoreModule Lock acquired on resource pool
00004985 2026-05-30T01:54:20.625742500Z [INFO] ApiModule Connection established to upstream
00004986 2026-05-30T01:54:20.662742500Z [WARNING] UiModule High memory usage detected (85%)
00004987 2026-05-30T01:54:20.725742500Z [DEBUG] DbModule Lock acquired on resource pool
00004988 2026-05-30T01:54:20.757742500Z [DEBUG] CoreModule Variable x = 67
00004989 2026-05-30T01:54:20.748742500Z [INFO] AuthModule Background task started
00004990 2026-05-30T01:54:20.855742500Z [WARNING] DbModule High memory usage detected (85%)
00004991 2026-05-30T01:54:20.876742500Z [INFO] ApiModule Configuration loaded from disk
00004992 2026-05-30T01:54:20.873742500Z [WARNING] ApiModule High memory usage detected (85%)
00004993 2026-05-30T01:54:20.942742500Z [DEBUG] CoreModule Entering method handleRequest()
00004994 2026-05-30T01:54:20.967742500Z [ERROR] ApiModule Null pointer in handler
00004995 2026-05-30T01:54:20.971742500Z [WARNING] AuthModule Retry attempt 2 of 3
00004996 2026-05-30T01:54:21.069742500Z [INFO] NetModule Cache hit ratio: 0.85
00004997 2026-05-30T01:54:21.134742500Z [INFO] CoreModule Configuration loaded from disk
00004998 2026-05-30T01:54:21.172742500Z [DEBUG] CacheModule Variable x = 67
00004999 2026-05-30T01:54:21.195742500Z [ERROR] CoreModule Connection timeout to database
00005000 2026-05-30T01:54:21.237742500Z [DEBUG] AuthModule Garbage collection triggered
